diputado_id,n_faltantes,n_votaciones_informativas,razon_exclusion
74,1,13,CASO_INCOMPLETO
872,12,13,CASO_INCOMPLETO
973,1,13,CASO_INCOMPLETO
989,12,13,CASO_INCOMPLETO
990,1,13,CASO_INCOMPLETO
1002,1,13,CASO_INCOMPLETO
1015,12,13,CASO_INCOMPLETO
1017,1,13,CASO_INCOMPLETO
1021,1,13,CASO_INCOMPLETO
1022,1,13,CASO_INCOMPLETO
1027,12,13,CASO_INCOMPLETO
1030,1,13,CASO_INCOMPLETO
1039,12,13,CASO_INCOMPLETO
1040,1,13,CASO_INCOMPLETO
1050,1,13,CASO_INCOMPLETO
1051,12,13,CASO_INCOMPLETO
1053,12,13,CASO_INCOMPLETO
1058,1,13,CASO_INCOMPLETO
1063,12,13,CASO_INCOMPLETO
1069,12,13,CASO_INCOMPLETO
1074,12,13,CASO_INCOMPLETO
1075,12,13,CASO_INCOMPLETO
1076,1,13,CASO_INCOMPLETO
1077,1,13,CASO_INCOMPLETO
1082,1,13,CASO_INCOMPLETO
1086,1,13,CASO_INCOMPLETO
1102,1,13,CASO_INCOMPLETO
1107,1,13,CASO_INCOMPLETO
1112,1,13,CASO_INCOMPLETO
1115,1,13,CASO_INCOMPLETO
1124,1,13,CASO_INCOMPLETO
1137,1,13,CASO_INCOMPLETO
1138,1,13,CASO_INCOMPLETO
1141,12,13,CASO_INCOMPLETO
1145,12,13,CASO_INCOMPLETO
1150,1,13,CASO_INCOMPLETO
1151,1,13,CASO_INCOMPLETO
1152,12,13,CASO_INCOMPLETO
1154,1,13,CASO_INCOMPLETO
1157,12,13,CASO_INCOMPLETO
1158,1,13,CASO_INCOMPLETO
1164,1,13,CASO_INCOMPLETO
1177,1,13,CASO_INCOMPLETO
1181,12,13,CASO_INCOMPLETO
