partido_id,partido_alias,votacion_id,Y,N,A,T,n_afiliacion_no_resuelta,n_con_observacion_f3
COMUNES,COMUNES,20629,1,0,0,1,0,0
COMUNES,COMUNES,20630,1,0,0,1,0,0
COMUNES,COMUNES,20631,1,0,0,1,0,0
COMUNES,COMUNES,20632,1,0,0,1,0,0
COMUNES,COMUNES,20633,1,0,0,1,0,0
COMUNES,COMUNES,20634,1,0,0,1,0,0
COMUNES,COMUNES,20635,1,0,0,1,0,0
COMUNES,COMUNES,20636,1,0,0,1,0,0
COMUNES,COMUNES,20637,1,0,0,1,0,0
COMUNES,COMUNES,21217,1,0,0,1,0,0
COMUNES,COMUNES,21218,1,0,0,1,0,0
COMUNES,COMUNES,21219,1,0,0,1,0,0
DC,DC,20627,4,0,0,4,0,0
DC,DC,20628,4,0,0,4,0,0
DC,DC,20629,4,0,0,4,0,0
DC,DC,20630,4,0,0,4,0,0
DC,DC,20631,4,0,0,4,0,0
DC,DC,20632,4,0,0,4,0,0
DC,DC,20633,4,0,0,4,0,0
DC,DC,20634,4,0,0,4,0,0
DC,DC,20635,4,0,0,4,0,0
DC,DC,20636,4,0,0,4,0,0
DC,DC,20637,4,0,0,4,0,0
DC,DC,21217,4,0,0,4,0,0
DC,DC,21218,4,0,0,4,0,0
DC,DC,21219,4,0,0,4,0,0
DC,DC,42724,4,0,0,4,0,0
DEM,DEM,42724,3,0,0,3,0,0
EVOP,EVOP,20627,2,0,0,2,0,0
EVOP,EVOP,20628,2,0,0,2,0,0
EVOP,EVOP,20629,1,1,0,2,0,0
EVOP,EVOP,20630,0,2,0,2,0,0
EVOP,EVOP,20631,1,0,1,2,0,0
EVOP,EVOP,20632,2,0,0,2,0,0
EVOP,EVOP,20633,2,0,0,2,0,0
EVOP,EVOP,20634,2,0,0,2,0,0
EVOP,EVOP,20635,2,0,0,2,0,0
EVOP,EVOP,20636,2,0,0,2,0,0
EVOP,EVOP,20637,2,0,0,2,0,0
EVOP,EVOP,21217,2,0,0,2,0,0
EVOP,EVOP,21218,0,2,0,2,0,0
EVOP,EVOP,21219,0,2,0,2,0,0
EVOP,EVOP,42724,1,0,1,2,0,0
FA,FA,42724,13,0,0,13,0,0
FRVS,FRVS,20627,1,0,0,1,0,1
FRVS,FRVS,20628,1,0,0,1,0,1
FRVS,FRVS,20629,1,0,0,1,0,1
FRVS,FRVS,20630,1,0,0,1,0,1
FRVS,FRVS,20631,1,0,0,1,0,1
FRVS,FRVS,20632,1,0,0,1,0,1
FRVS,FRVS,20633,1,0,0,1,0,1
FRVS,FRVS,20634,1,0,0,1,0,1
FRVS,FRVS,20635,1,0,0,1,0,1
FRVS,FRVS,20636,1,0,0,1,0,1
FRVS,FRVS,20637,1,0,0,1,0,1
FRVS,FRVS,21217,1,0,0,1,0,1
FRVS,FRVS,21218,1,0,0,1,0,1
FRVS,FRVS,21219,1,0,0,1,0,1
FRVS,FRVS,42724,2,0,0,2,0,1
IND,IND,20627,31,0,0,31,0,0
IND,IND,20628,33,0,0,33,0,0
IND,IND,20629,25,8,1,34,0,0
IND,IND,20630,26,8,0,34,0,0
IND,IND,20631,25,9,0,34,0,0
IND,IND,20632,26,8,0,34,0,0
IND,IND,20633,26,8,0,34,0,0
IND,IND,20634,25,9,0,34,0,0
IND,IND,20635,25,8,1,34,0,0
IND,IND,20636,25,8,1,34,0,0
IND,IND,20637,25,8,1,34,0,0
IND,IND,21217,25,8,1,34,0,0
IND,IND,21218,22,11,1,34,0,0
IND,IND,21219,22,11,1,34,0,0
IND,IND,42724,14,5,12,31,0,0
PAH,PAH,20627,2,0,0,2,0,0
PAH,PAH,20628,2,0,0,2,0,0
PAH,PAH,20629,2,0,0,2,0,0
PAH,PAH,20630,2,0,0,2,0,0
PAH,PAH,20631,2,0,0,2,0,0
PAH,PAH,20632,2,0,0,2,0,0
PAH,PAH,20633,2,0,0,2,0,0
PAH,PAH,20634,2,0,0,2,0,0
PAH,PAH,20635,2,0,0,2,0,0
PAH,PAH,20636,2,0,0,2,0,0
PAH,PAH,20637,2,0,0,2,0,0
PAH,PAH,21217,2,0,0,2,0,0
PAH,PAH,21218,2,0,0,2,0,0
PAH,PAH,21219,2,0,0,2,0,0
PAH,PAH,42724,2,0,0,2,0,0
PC,PC,20627,12,0,0,12,0,0
PC,PC,20628,11,0,0,11,0,0
PC,PC,20629,11,0,0,11,0,0
PC,PC,20630,11,0,0,11,0,0
PC,PC,20631,11,0,0,11,0,0
PC,PC,20632,11,0,0,11,0,0
PC,PC,20633,11,0,0,11,0,0
PC,PC,20634,11,0,0,11,0,0
PC,PC,20635,11,0,0,11,0,0
PC,PC,20636,11,0,0,11,0,0
PC,PC,20637,11,0,0,11,0,0
PC,PC,21217,11,0,0,11,0,0
PC,PC,21218,11,0,0,11,0,0
PC,PC,21219,11,0,0,11,0,0
PC,PC,42724,9,0,0,9,0,0
PCS,PCS,20627,4,0,0,4,0,0
PCS,PCS,20628,5,0,0,5,0,0
PCS,PCS,20629,7,0,0,7,0,0
PCS,PCS,20630,7,0,0,7,0,0
PCS,PCS,20631,7,0,0,7,0,0
PCS,PCS,20632,7,0,0,7,0,0
PCS,PCS,20633,7,0,0,7,0,0
PCS,PCS,20634,7,0,0,7,0,0
PCS,PCS,20635,7,0,0,7,0,0
PCS,PCS,20636,7,0,0,7,0,0
PCS,PCS,20637,7,0,0,7,0,0
PCS,PCS,21217,7,0,0,7,0,0
PCS,PCS,21218,7,0,0,7,0,0
PCS,PCS,21219,7,0,0,7,0,0
PDG,PDG,20627,3,0,0,3,0,0
PDG,PDG,20628,3,0,0,3,0,0
PDG,PDG,20629,2,1,0,3,0,0
PDG,PDG,20630,3,0,0,3,0,0
PDG,PDG,20631,2,1,0,3,0,0
PDG,PDG,20632,2,1,0,3,0,0
PDG,PDG,20633,2,1,0,3,0,0
PDG,PDG,20634,2,1,0,3,0,0
PDG,PDG,20635,2,1,0,3,0,0
PDG,PDG,20636,2,1,0,3,0,0
PDG,PDG,20637,2,1,0,3,0,0
PDG,PDG,21217,2,1,0,3,0,0
PDG,PDG,21218,1,1,1,3,0,0
PDG,PDG,21219,2,1,0,3,0,0
PDG,PDG,42724,0,0,1,1,0,0
PEV,PEV,20627,1,0,0,1,0,0
PEV,PEV,20628,1,0,0,1,0,0
PEV,PEV,20629,1,0,0,1,0,0
PEV,PEV,20630,1,0,0,1,0,0
PEV,PEV,20631,1,0,0,1,0,0
PEV,PEV,20632,1,0,0,1,0,0
PEV,PEV,20633,1,0,0,1,0,0
PEV,PEV,20634,1,0,0,1,0,0
PEV,PEV,20635,1,0,0,1,0,0
PEV,PEV,20636,1,0,0,1,0,0
PEV,PEV,20637,1,0,0,1,0,0
PEV,PEV,21217,1,0,0,1,0,0
PEV,PEV,21218,1,0,0,1,0,0
PEV,PEV,21219,1,0,0,1,0,0
PH,PH,42724,1,0,0,1,0,0
PL,PL,20627,2,0,0,2,0,2
PL,PL,20628,2,0,0,2,0,2
PL,PL,20629,2,0,0,2,0,2
PL,PL,20630,2,0,0,2,0,2
PL,PL,20631,2,0,0,2,0,2
PL,PL,20632,2,0,0,2,0,2
PL,PL,20633,2,0,0,2,0,2
PL,PL,20634,2,0,0,2,0,2
PL,PL,20635,2,0,0,2,0,2
PL,PL,20636,2,0,0,2,0,2
PL,PL,20637,2,0,0,2,0,2
PL,PL,21217,2,0,0,2,0,2
PL,PL,21218,2,0,0,2,0,2
PL,PL,21219,2,0,0,2,0,2
PL,PL,42724,3,0,0,3,0,3
PPD,PPD,20627,1,0,0,1,0,0
PPD,PPD,20628,2,0,0,2,0,0
PPD,PPD,20629,3,0,0,3,0,0
PPD,PPD,20630,3,0,0,3,0,0
PPD,PPD,20631,3,0,0,3,0,0
PPD,PPD,20632,3,0,0,3,0,0
PPD,PPD,20633,3,0,0,3,0,0
PPD,PPD,20634,3,0,0,3,0,0
PPD,PPD,20635,3,0,0,3,0,0
PPD,PPD,20636,3,0,0,3,0,0
PPD,PPD,20637,3,0,0,3,0,0
PPD,PPD,21217,3,0,0,3,0,0
PPD,PPD,21218,3,0,0,3,0,0
PPD,PPD,21219,3,0,0,3,0,0
PPD,PPD,42724,2,0,0,2,0,0
PR,PR,20627,1,0,0,1,0,0
PR,PR,20628,1,0,0,1,0,0
PR,PR,20629,2,0,0,2,0,0
PR,PR,20630,2,0,0,2,0,0
PR,PR,20631,2,0,0,2,0,0
PR,PR,20632,2,0,0,2,0,0
PR,PR,20633,2,0,0,2,0,0
PR,PR,20634,2,0,0,2,0,0
PR,PR,20635,2,0,0,2,0,0
PR,PR,20636,2,0,0,2,0,0
PR,PR,20637,2,0,0,2,0,0
PR,PR,21217,2,0,0,2,0,0
PR,PR,21218,2,0,0,2,0,0
PR,PR,21219,2,0,0,2,0,0
PR,PR,42724,1,0,0,1,0,0
PREP,PREP,20627,8,0,0,8,0,0
PREP,PREP,20628,9,0,0,9,0,0
PREP,PREP,20629,0,9,0,9,0,0
PREP,PREP,20630,0,9,0,9,0,0
PREP,PREP,20631,0,9,0,9,0,0
PREP,PREP,20632,0,9,0,9,0,0
PREP,PREP,20633,0,9,0,9,0,0
PREP,PREP,20634,0,9,0,9,0,0
PREP,PREP,20635,0,9,0,9,0,0
PREP,PREP,20636,0,9,0,9,0,0
PREP,PREP,20637,0,9,0,9,0,0
PREP,PREP,21217,0,9,0,9,0,0
PREP,PREP,21218,0,9,0,9,0,0
PREP,PREP,21219,0,9,0,9,0,0
PREP,PREP,42724,0,6,0,6,0,0
PRI,PRI,20627,1,0,0,1,0,0
PRI,PRI,20628,1,0,0,1,0,0
PRI,PRI,20629,0,1,0,1,0,0
PRI,PRI,20630,0,1,0,1,0,0
PRI,PRI,20631,0,1,0,1,0,0
PRI,PRI,20632,0,1,0,1,0,0
PRI,PRI,20633,0,1,0,1,0,0
PRI,PRI,20634,0,1,0,1,0,0
PRI,PRI,20635,0,1,0,1,0,0
PRI,PRI,20636,0,1,0,1,0,0
PRI,PRI,20637,0,1,0,1,0,0
PRI,PRI,21217,0,1,0,1,0,0
PRI,PRI,21218,0,1,0,1,0,0
PRI,PRI,21219,0,1,0,1,0,0
PRI,PRI,42724,0,0,1,1,0,0
PS,PS,20627,11,0,0,11,0,0
PS,PS,20628,11,0,0,11,0,0
PS,PS,20629,12,0,0,12,0,0
PS,PS,20630,12,0,0,12,0,0
PS,PS,20631,12,0,0,12,0,0
PS,PS,20632,12,0,0,12,0,0
PS,PS,20633,12,0,0,12,0,0
PS,PS,20634,12,0,0,12,0,0
PS,PS,20635,12,0,0,12,0,0
PS,PS,20636,12,0,0,12,0,0
PS,PS,20637,12,0,0,12,0,0
PS,PS,21217,12,0,0,12,0,0
PS,PS,21218,12,0,0,12,0,0
PS,PS,21219,12,0,0,12,0,0
PS,PS,42724,8,0,0,8,0,0
PSC,PSC,20627,1,0,0,1,0,0
PSC,PSC,20628,1,0,0,1,0,0
PSC,PSC,20629,1,0,0,1,0,0
PSC,PSC,20630,1,0,0,1,0,0
PSC,PSC,20631,1,0,0,1,0,0
PSC,PSC,20632,1,0,0,1,0,0
PSC,PSC,20633,1,0,0,1,0,0
PSC,PSC,20634,1,0,0,1,0,0
PSC,PSC,20635,0,0,1,1,0,0
PSC,PSC,20636,1,0,0,1,0,0
PSC,PSC,20637,1,0,0,1,0,0
PSC,PSC,21217,0,0,1,1,0,0
PSC,PSC,21218,0,1,0,1,0,0
PSC,PSC,21219,0,0,1,1,0,0
PSC,PSC,42724,0,0,2,2,0,0
RD,RD,20627,4,0,0,4,0,1
RD,RD,20628,4,0,0,4,0,1
RD,RD,20629,4,0,0,4,0,1
RD,RD,20630,4,0,0,4,0,1
RD,RD,20631,4,0,0,4,0,1
RD,RD,20632,4,0,0,4,0,1
RD,RD,20633,4,0,0,4,0,1
RD,RD,20634,4,0,0,4,0,1
RD,RD,20635,4,0,0,4,0,1
RD,RD,20636,4,0,0,4,0,1
RD,RD,20637,4,0,0,4,0,1
RD,RD,21217,4,0,0,4,0,1
RD,RD,21218,4,0,0,4,0,1
RD,RD,21219,4,0,0,4,0,1
RD,RD,42724,1,0,0,1,0,1
RN,RN,20627,16,0,0,16,0,0
RN,RN,20628,17,0,0,17,0,0
RN,RN,20629,10,5,2,17,0,0
RN,RN,20630,10,2,5,17,0,0
RN,RN,20631,11,6,0,17,0,0
RN,RN,20632,12,5,0,17,0,0
RN,RN,20633,12,3,2,17,0,0
RN,RN,20634,13,3,1,17,0,0
RN,RN,20635,12,4,1,17,0,0
RN,RN,20636,12,5,0,17,0,0
RN,RN,20637,11,6,0,17,0,0
RN,RN,21217,11,4,2,17,0,0
RN,RN,21218,0,17,0,17,0,0
RN,RN,21219,0,17,0,17,0,0
RN,RN,42724,1,1,12,14,0,0
UDI,UDI,20627,17,0,0,17,0,1
UDI,UDI,20628,18,0,0,18,0,1
UDI,UDI,20629,1,17,0,18,0,1
UDI,UDI,20630,0,18,0,18,0,1
UDI,UDI,20631,1,17,0,18,0,1
UDI,UDI,20632,0,18,0,18,0,1
UDI,UDI,20633,1,17,0,18,0,1
UDI,UDI,20634,1,17,0,18,0,1
UDI,UDI,20635,1,17,0,18,0,1
UDI,UDI,20636,0,16,2,18,0,1
UDI,UDI,20637,0,16,2,18,0,1
UDI,UDI,21217,0,15,3,18,0,1
UDI,UDI,21218,0,18,0,18,0,1
UDI,UDI,21219,0,18,0,18,0,1
UDI,UDI,42724,0,10,7,17,0,0
