diputado_id,n_si,n_no,n_abst,n_votos_observados,n_votaciones_corpus,n_sin_registro,participacion_corpus,supera_umbral_bcall,partidos_observados,calidad_militancia_f3
74,14,0,0,14,15,1,0.9333333333333333,True,PS,
803,14,1,0,15,15,0,1.0,True,IND,
815,2,12,1,15,15,0,1.0,True,UDI,
872,1,0,0,1,15,14,0.06666666666666667,False,FRVS,
917,2,13,0,15,15,0,1.0,True,UDI,
948,14,0,1,15,15,0,1.0,True,PDG,
953,12,2,1,15,15,0,1.0,True,RN,
971,12,2,1,15,15,0,1.0,True,IND,
973,14,0,0,14,15,1,0.9333333333333333,True,PC,
975,15,0,0,15,15,0,1.0,True,PS,
976,2,13,0,15,15,0,1.0,True,UDI,
989,0,0,1,1,15,14,0.06666666666666667,False,UDI,
990,14,0,0,14,15,1,0.9333333333333333,True,PS,
991,15,0,0,15,15,0,1.0,True,PL,homologacion_catalogo
999,13,2,0,15,15,0,1.0,True,RN,
1002,14,0,0,14,15,1,0.9333333333333333,True,PS,
1003,2,13,0,15,15,0,1.0,True,IND|UDI,
1009,2,13,0,15,15,0,1.0,True,UDI,
1012,15,0,0,15,15,0,1.0,True,PC,
1013,15,0,0,15,15,0,1.0,True,PL,homologacion_catalogo
1015,1,0,0,1,15,14,0.06666666666666667,False,FA,
1016,15,0,0,15,15,0,1.0,True,IND,
1017,3,11,0,14,15,1,0.9333333333333333,True,UDI,excepcion_particular
1019,10,4,1,15,15,0,1.0,True,RN,
1021,12,2,0,14,15,1,0.9333333333333333,True,RN,
1022,2,11,1,14,15,1,0.9333333333333333,True,RN,
1025,2,13,0,15,15,0,1.0,True,IND|RN,
1027,0,0,1,1,15,14,0.06666666666666667,False,RN,
1028,2,6,7,15,15,0,1.0,True,RN,
1030,2,11,1,14,15,1,0.9333333333333333,True,RN,
1034,15,0,0,15,15,0,1.0,True,IND|PEV,
1035,15,0,0,15,15,0,1.0,True,PC,
1036,15,0,0,15,15,0,1.0,True,PAH,
1037,14,0,0,14,15,1,0.9333333333333333,True,FA|PCS,
1038,15,0,0,15,15,0,1.0,True,PS,
1039,1,0,0,1,15,14,0.06666666666666667,False,PH,
1040,2,12,0,14,15,1,0.9333333333333333,True,IND,
1044,15,0,0,15,15,0,1.0,True,PS,
1046,12,2,1,15,15,0,1.0,True,RN,
1048,15,0,0,15,15,0,1.0,True,PPD,
1049,15,0,0,15,15,0,1.0,True,PR,
1050,12,2,0,14,15,1,0.9333333333333333,True,RN,
1051,1,0,0,1,15,14,0.06666666666666667,False,FA,
1053,0,1,0,1,15,14,0.06666666666666667,False,UDI,
1054,8,0,7,15,15,0,1.0,True,IND|PSC,
1056,15,0,0,15,15,0,1.0,True,PS,
1057,15,0,0,15,15,0,1.0,True,DEM|IND,
1058,14,0,0,14,15,1,0.9333333333333333,True,RD,
1059,12,2,1,15,15,0,1.0,True,RN,
1062,15,0,0,15,15,0,1.0,True,DEM|IND,
1063,1,0,0,1,15,14,0.06666666666666667,False,FA,
1065,2,12,1,15,15,0,1.0,True,UDI,
1067,12,2,1,15,15,0,1.0,True,RN,
1068,13,0,0,13,15,2,0.8666666666666667,True,COMUNES|FA,
1069,0,0,1,1,15,14,0.06666666666666667,False,IND,
1073,15,0,0,15,15,0,1.0,True,PS,
1074,2,0,0,2,15,13,0.13333333333333333,True,IND|PC,
1075,0,0,1,1,15,14,0.06666666666666667,False,RN,
1076,12,0,0,12,15,3,0.8,True,PR,
1077,12,0,0,12,15,3,0.8,True,PPD,
1081,12,3,0,15,15,0,1.0,True,EVOP,
1082,2,12,0,14,15,1,0.9333333333333333,True,PREP,
1086,14,0,0,14,15,1,0.9333333333333333,True,PCS,
1087,15,0,0,15,15,0,1.0,True,FA|PCS,
1094,3,12,0,15,15,0,1.0,True,UDI,
1096,15,0,0,15,15,0,1.0,True,PC,
1097,15,0,0,15,15,0,1.0,True,DC,
1098,2,11,1,14,15,1,0.9333333333333333,True,IND,
1099,14,0,1,15,15,0,1.0,True,IND,
1100,2,13,0,15,15,0,1.0,True,PREP,
1101,15,0,0,15,15,0,1.0,True,IND,
1102,3,11,0,14,15,1,0.9333333333333333,True,PDG,
1103,13,0,0,13,15,2,0.8666666666666667,True,PS,
1104,2,13,0,15,15,0,1.0,True,PREP,
1105,15,0,0,15,15,0,1.0,True,DC,
1106,8,6,1,15,15,0,1.0,True,RN,
1107,14,0,0,14,15,1,0.9333333333333333,True,PCS,
1108,12,2,1,15,15,0,1.0,True,RN,
1109,2,10,3,15,15,0,1.0,True,UDI,
1110,15,0,0,15,15,0,1.0,True,IND,
1111,2,12,1,15,15,0,1.0,True,UDI,
1112,14,0,0,14,15,1,0.9333333333333333,True,PS,
1113,2,11,2,15,15,0,1.0,True,UDI,
1114,15,0,0,15,15,0,1.0,True,FRVS,excepcion_particular
1115,14,0,0,14,15,1,0.9333333333333333,True,IND,
1116,15,0,0,15,15,0,1.0,True,IND,
1117,15,0,0,15,15,0,1.0,True,PC,
1118,15,0,0,15,15,0,1.0,True,DC,
1119,10,1,4,15,15,0,1.0,True,PSC,
1120,12,2,1,15,15,0,1.0,True,IND,
1121,2,12,1,15,15,0,1.0,True,UDI,
1122,15,0,0,15,15,0,1.0,True,PC,
1123,2,13,0,15,15,0,1.0,True,IND,
1124,14,0,0,14,15,1,0.9333333333333333,True,PS,
1125,15,0,0,15,15,0,1.0,True,IND,
1126,2,12,1,15,15,0,1.0,True,UDI,
1127,15,0,0,15,15,0,1.0,True,FA|PCS,
1128,15,0,0,15,15,0,1.0,True,PAH,
1129,15,0,0,15,15,0,1.0,True,FA|IND,
1131,2,7,5,14,15,1,0.9333333333333333,True,RN,
1132,9,4,2,15,15,0,1.0,True,EVOP,
1133,1,13,0,14,15,1,0.9333333333333333,True,PREP,
1135,2,12,1,15,15,0,1.0,True,IND|PREP,
1136,10,3,2,15,15,0,1.0,True,IND,
1137,14,0,0,14,15,1,0.9333333333333333,True,IND,
1138,3,11,0,14,15,1,0.9333333333333333,True,UDI,
1139,2,12,1,15,15,0,1.0,True,PRI,
1140,2,12,1,15,15,0,1.0,True,UDI,
1141,1,0,0,1,15,14,0.06666666666666667,False,PL,homologacion_catalogo
1142,15,0,0,15,15,0,1.0,True,PS,
1143,4,11,0,15,15,0,1.0,True,UDI,
1144,2,12,1,15,15,0,1.0,True,IND,
1145,1,0,0,1,15,14,0.06666666666666667,False,IND,
1146,2,13,0,15,15,0,1.0,True,PREP,
1147,14,0,0,14,15,1,0.9333333333333333,True,PPD,
1148,13,0,0,13,15,2,0.8666666666666667,True,FA|PCS,
1149,12,2,1,15,15,0,1.0,True,RN,
1150,2,12,0,14,15,1,0.9333333333333333,True,PREP,
1151,14,0,0,14,15,1,0.9333333333333333,True,IND,
1152,1,0,0,1,15,14,0.06666666666666667,False,IND,
1153,15,0,0,15,15,0,1.0,True,FA|RD,
1154,2,12,0,14,15,1,0.9333333333333333,True,IND,
1155,14,0,1,15,15,0,1.0,True,IND|PDG,
1156,15,0,0,15,15,0,1.0,True,IND,
1157,0,0,1,1,15,14,0.06666666666666667,False,IND,
1158,1,12,0,13,15,2,0.8666666666666667,True,IND,
1159,15,0,0,15,15,0,1.0,True,PC,
1160,15,0,0,15,15,0,1.0,True,PC,
1161,15,0,0,15,15,0,1.0,True,IND,
1162,15,0,0,15,15,0,1.0,True,PC,
1163,11,3,1,15,15,0,1.0,True,RN,
1164,14,0,0,14,15,1,0.9333333333333333,True,IND,
1165,2,13,0,15,15,0,1.0,True,PREP,
1166,13,2,0,15,15,0,1.0,True,IND,
1167,15,0,0,15,15,0,1.0,True,FA|RD,
1168,15,0,0,15,15,0,1.0,True,DEM|IND,
1169,15,0,0,15,15,0,1.0,True,FA|IND,
1170,2,13,0,15,15,0,1.0,True,PREP,
1171,13,0,0,13,15,2,0.8666666666666667,True,FA|PCS,
1172,2,13,0,15,15,0,1.0,True,IND,
1173,15,0,0,15,15,0,1.0,True,PC,
1174,1,12,1,14,15,1,0.9333333333333333,True,UDI,
1175,12,0,1,13,15,2,0.8666666666666667,True,IND,
1176,2,12,1,15,15,0,1.0,True,IND,
1177,14,0,0,14,15,1,0.9333333333333333,True,PC,
1178,14,0,1,15,15,0,1.0,True,IND,
1179,15,0,0,15,15,0,1.0,True,DC,
1180,15,0,0,15,15,0,1.0,True,RD,excepcion_particular|intervalo_invertido
1181,1,0,0,1,15,14,0.06666666666666667,False,PS,
1182,15,0,0,15,15,0,1.0,True,IND,
1183,2,12,1,15,15,0,1.0,True,UDI,
