escenario,votaciones_retiradas,cobertura_base,cobertura_alternativa,n_clusters,n_diputados_base,n_votaciones_base,min_covotos_base,n_diputados_alternativo,n_excluidos_alternativo,n_votaciones_alternativo,min_covotos_alternativo,n_comunes,n_entran,n_salen,ari,n_cambios_grupo,alineacion_ambigua,estado,razon_NA
base,,0.8,0.8,2,135,13,11,135,16,13,11,135,0,0,1.0,0,False,DESCRIPTIVO_SOBRE_VOTOS_REGISTRADOS,
retiro_votacion:20627,20627,0.8,0.8,2,135,13,11,135,16,13,11,135,0,0,1.0,0,False,DESCRIPTIVO_SOBRE_VOTOS_REGISTRADOS,
retiro_votacion:20628,20628,0.8,0.8,2,135,13,11,135,16,13,11,135,0,0,1.0,0,False,DESCRIPTIVO_SOBRE_VOTOS_REGISTRADOS,
retiro_votacion:20629,20629,0.8,0.8,2,135,13,11,135,16,12,10,135,0,0,0.9698556374457135,1,False,DESCRIPTIVO_SOBRE_VOTOS_REGISTRADOS,
retiro_votacion:20630,20630,0.8,0.8,2,135,13,11,135,16,12,10,135,0,0,1.0,0,False,DESCRIPTIVO_SOBRE_VOTOS_REGISTRADOS,
retiro_votacion:20631,20631,0.8,0.8,2,135,13,11,135,16,12,10,135,0,0,1.0,0,False,DESCRIPTIVO_SOBRE_VOTOS_REGISTRADOS,
retiro_votacion:20632,20632,0.8,0.8,2,135,13,11,135,16,12,10,135,0,0,0.9698556374457135,1,False,DESCRIPTIVO_SOBRE_VOTOS_REGISTRADOS,
retiro_votacion:20633,20633,0.8,0.8,2,135,13,11,135,16,12,10,135,0,0,0.9698556374457135,1,False,DESCRIPTIVO_SOBRE_VOTOS_REGISTRADOS,
retiro_votacion:20634,20634,0.8,0.8,2,135,13,11,135,16,12,10,135,0,0,1.0,0,False,DESCRIPTIVO_SOBRE_VOTOS_REGISTRADOS,
retiro_votacion:20635,20635,0.8,0.8,2,135,13,11,135,16,12,10,135,0,0,0.9698556374457135,1,False,DESCRIPTIVO_SOBRE_VOTOS_REGISTRADOS,
retiro_votacion:20636,20636,0.8,0.8,2,135,13,11,135,16,12,10,135,0,0,0.9698556374457135,1,False,DESCRIPTIVO_SOBRE_VOTOS_REGISTRADOS,
retiro_votacion:20637,20637,0.8,0.8,2,135,13,11,135,16,12,10,135,0,0,1.0,0,False,DESCRIPTIVO_SOBRE_VOTOS_REGISTRADOS,
retiro_votacion:21217,21217,0.8,0.8,2,135,13,11,135,16,12,10,135,0,0,1.0,0,False,DESCRIPTIVO_SOBRE_VOTOS_REGISTRADOS,
retiro_votacion:21218,21218,0.8,0.8,2,135,13,11,135,16,12,10,135,0,0,1.0,0,False,DESCRIPTIVO_SOBRE_VOTOS_REGISTRADOS,
retiro_votacion:21219,21219,0.8,0.8,2,135,13,11,135,16,12,10,135,0,0,1.0,0,False,DESCRIPTIVO_SOBRE_VOTOS_REGISTRADOS,
retiro_votacion:42724,42724,0.8,0.8,2,135,13,11,135,16,12,10,135,0,0,1.0,0,False,DESCRIPTIVO_SOBRE_VOTOS_REGISTRADOS,
retiro_bloque:articulos_206xx,20629|20630|20631|20632|20633|20634|20635|20636|20637,0.8,0.8,2,135,13,11,107,44,4,4,107,0,28,0.4606025370728013,17,False,DESCRIPTIVO_SOBRE_VOTOS_REGISTRADOS,
cobertura:0.4,,0.8,0.4,2,135,13,11,135,16,13,6,135,0,0,1.0,0,False,DESCRIPTIVO_SOBRE_VOTOS_REGISTRADOS,
cobertura:0.6,,0.8,0.6,2,135,13,11,135,16,13,8,135,0,0,1.0,0,False,DESCRIPTIVO_SOBRE_VOTOS_REGISTRADOS,
cobertura:1,,0.8,1.0,2,135,13,11,107,44,13,13,107,0,28,1.0,0,False,DESCRIPTIVO_SOBRE_VOTOS_REGISTRADOS,
