metodo,rol,vista,unidad,n_corpus,n_incluidos,n_excluidos,motivos_exclusion,n_diputados,n_partidos,n_votaciones_corpus,n_votaciones,votaciones_excluidas,motivo_votaciones_excluidas,orientacion_requerida,n_votaciones_orientables,unidad_cobertura,n_cobertura_040,n_cobertura_060,n_cobertura_080,regla_inclusion,excepciones,estado,fuente
bcall_automatico,principal,ternaria,diputado,151,136,15,PARTICIPACION_NO_SUPERA_UMBRAL:15,136,21,15,13,20627|20628,SIN_VARIANZA_O_MENOS_DE_DOS_OBSERVACIONES:2,True,13,diputados del corpus con decisiones sobre votaciones informativas,135,135,135,participación > threshold sobre todas las votaciones (>= 2 decisiones con 15 votaciones); sin cobertura principal,d2 NA para 1 diputado(s) con menos de dos votaciones utilizables. Los excluidos solo registran la votación 42724.,DESCRIPTIVO_SIN_PADRON,F4/data/results/individual/bcall/bcall_diputados.csv
bcall_grupos_externos,complementario,ternaria,diputado,151,108,43,SIN_CLUSTER:32|PARTICIPACION_NO_SUPERA_UMBRAL:11,108,21,15,13,20627|20628,SIN_VARIANZA_O_MENOS_DE_DOS_OBSERVACIONES:2,True,13,diputados del corpus con decisiones sobre votaciones informativas,135,135,135,grupo externo L/R único desde partidos observados y participación > threshold,SIN_CLUSTER corresponde a diputados sin clasificación externa (independientes sin partido observado).,DESCRIPTIVO_COMPLEMENTARIO,F4/data/results/individual/bcall/seleccion_externo.csv
posicion_partido_votacion,principal,ternaria_estandarizada_y_orientada,partido_x_votacion,259,194,65,DECISIONES_INSUFICIENTES_PARTIDO_VOTACION:65,134,17,15,13,20627|20628,SIN_VARIANZA_EN_BCALL,True,13,no aplica: sin padrón no hay denominador de integrantes elegibles,,,,>= min_decisiones_por_partido_votacion (2) decisiones en la celda,"IND no es partido: su P_p se calcula, pero no se publica, como en cohesión. Partidos con <= 2 integrantes: COMUNES(1), PRI(1), PEV(1), PAH(2), FRVS(2), EVOP(2), PR(2), PSC(2)",DESCRIPTIVO_SIN_PADRON,F4/data/results/partidos/posicion_partidaria.csv
posicion_partidaria_P_p,principal,ternaria_estandarizada_y_orientada,partido,22,14,8,VOTACIONES_INSUFICIENTES_PARA_PERFIL_PARTIDARIO:7|GRUPO_INDEPENDIENTES:1,96,14,15,13,20627|20628,SIN_VARIANZA_EN_BCALL,True,13,partidos con celdas incluidas sobre sus votaciones con integrantes,17,17,17,>= min_votaciones_publicacion (2) votaciones con celda incluida,"IND no es partido: su P_p se calcula, pero no se publica, como en cohesión. Partidos con <= 2 integrantes: COMUNES(1), PRI(1), PEV(1), PAH(2), FRVS(2), EVOP(2), PR(2), PSC(2)",DESCRIPTIVO_SIN_PADRON,F4/data/results/partidos/posicion_partidaria.csv
cohesion_ai_entropia,principal,nominal,partido_x_votacion,298,207,91,T_bajo_minimo:76|grupo_independientes:15,116,18,15,15,,,False,,no aplica: sin padrón no hay denominador de integrantes elegibles,,,,T >= min_decisiones_publicacion_partido_votacion (2); IND no se publica,"Las votaciones unánimes se conservan y se marcan; el resumen también informa la mediana sin ellas. Partidos con <= 2 integrantes: COMUNES(1), PRI(1), PH(1), PEV(1), PAH(2), FRVS(2), EVOP(2), PR(2), PSC(2)",DESCRIPTIVO_SIN_PADRON,F4/data/results/partidos/cohesion_por_votacion.csv
cohesion_rice,principal,nominal,partido_x_votacion,298,204,94,T_bajo_minimo:76|grupo_independientes:15|binarios_bajo_minimo_rice:3,114,17,15,15,,,False,,no aplica: sin padrón no hay denominador de integrantes elegibles,,,,Y + N >= min_votos_binarios_publicacion_rice (2); IND no se publica,"Las votaciones unánimes se conservan y se marcan; el resumen también informa la mediana sin ellas. Partidos con <= 2 integrantes: COMUNES(1), PRI(1), PH(1), PEV(1), PAH(2), FRVS(2), EVOP(2), PR(2), PSC(2)",DESCRIPTIVO_SIN_PADRON,F4/data/results/partidos/cohesion_por_votacion.csv
cohesion_resumen_partido,principal,nominal,partido,23,14,9,votaciones_validas_bajo_minimo:8|grupo_independientes:1,103,14,15,15,,,False,,grupos con votaciones válidas de AI sobre votaciones observadas,16,16,16,>= min_votaciones_resumen_principal (2) votaciones válidas,"IND se calcula como grupo de independientes y no se publica. Partidos con <= 2 integrantes: COMUNES(1), PRI(1), PH(1), PEV(1), PAH(2), FRVS(2), EVOP(2), PR(2), PSC(2)",DESCRIPTIVO_SIN_PADRON,F4/data/results/partidos/resumen_cohesion.csv
afinidad_pares,auxiliar,nominal,par_de_diputados,11325,9141,2184,COVOTOS_INSUFICIENTES:1761|SIN_COVOTOS:423,136,21,15,15,,,False,,pares con co-votos sobre votaciones del corpus,9045,9045,9045,>= pares.min_covotos (2) co-votos,Acuerdo y Hamming se informan también sin votaciones unánimes.,DESCRIPTIVO_SIN_PADRON,F4/data/results/pares/afinidad_diputados.csv
clustering,contraste_descriptivo,nominal,diputado,151,135,16,COBERTURA_INSUFICIENTE:16,135,21,15,13,20627|20628,SIN_VARIACION_OBSERVADA:2,False,,diputados del corpus con decisiones sobre votaciones informativas,135,135,135,cobertura >= 0.80 sobre votaciones informativas y todos los pares con co-votos suficientes; k = 2,"Sensible al bloque articulos_206xx (ARI = 0,461).",DESCRIPTIVO_SOBRE_VOTOS_REGISTRADOS,F4/data/results/grupos/clusters_diputados.csv
pca,contraste_descriptivo,ternaria,diputado,151,107,44,CASO_INCOMPLETO:44,107,21,15,13,20627|20628,SIN_VARIACION_OBSERVADA:2,False,,diputados del corpus con decisiones sobre votaciones informativas,135,135,135,casos completos en todas las votaciones informativas; sin imputación,El universo de casos completos es menor que el de B-Call.,DESCRIPTIVO_CASOS_COMPLETOS,F4/data/results/individual/pca/coordenadas_diputados.csv
