partido_id,partido_alias,votacion_id,fecha,tipo_grupo,Y,N,A,T,votos_binarios,agreement_index,rice,cohesion_entropica,razon_na_ai_entropia,razon_na_rice,publicable_ai_entropia,publicable_rice,razon_no_publicable,votacion_unanime_sala
COMUNES,COMUNES,20629,2023-05-08 19:08:21,partido,1,0,0,1,1,1.0,1.0,1.0,,,False,False,T_bajo_minimo,False
COMUNES,COMUNES,20630,2023-05-08 19:09:23,partido,1,0,0,1,1,1.0,1.0,1.0,,,False,False,T_bajo_minimo,False
COMUNES,COMUNES,20631,2023-05-08 19:10:13,partido,1,0,0,1,1,1.0,1.0,1.0,,,False,False,T_bajo_minimo,False
COMUNES,COMUNES,20632,2023-05-08 19:11:06,partido,1,0,0,1,1,1.0,1.0,1.0,,,False,False,T_bajo_minimo,False
COMUNES,COMUNES,20633,2023-05-08 19:11:56,partido,1,0,0,1,1,1.0,1.0,1.0,,,False,False,T_bajo_minimo,False
COMUNES,COMUNES,20634,2023-05-08 19:12:58,partido,1,0,0,1,1,1.0,1.0,1.0,,,False,False,T_bajo_minimo,False
COMUNES,COMUNES,20635,2023-05-08 19:13:51,partido,1,0,0,1,1,1.0,1.0,1.0,,,False,False,T_bajo_minimo,False
COMUNES,COMUNES,20636,2023-05-08 19:15:04,partido,1,0,0,1,1,1.0,1.0,1.0,,,False,False,T_bajo_minimo,False
COMUNES,COMUNES,20637,2023-05-08 19:15:59,partido,1,0,0,1,1,1.0,1.0,1.0,,,False,False,T_bajo_minimo,False
COMUNES,COMUNES,21217,2023-05-08 19:16:53,partido,1,0,0,1,1,1.0,1.0,1.0,,,False,False,T_bajo_minimo,False
COMUNES,COMUNES,21218,2023-05-08 19:17:43,partido,1,0,0,1,1,1.0,1.0,1.0,,,False,False,T_bajo_minimo,False
COMUNES,COMUNES,21219,2023-05-08 19:18:45,partido,1,0,0,1,1,1.0,1.0,1.0,,,False,False,T_bajo_minimo,False
DC,DC,20627,2023-05-08 19:05:22,partido,4,0,0,4,4,1.0,1.0,1.0,,,True,True,,True
DC,DC,20628,2023-05-08 19:06:49,partido,4,0,0,4,4,1.0,1.0,1.0,,,True,True,,True
DC,DC,20629,2023-05-08 19:08:21,partido,4,0,0,4,4,1.0,1.0,1.0,,,True,True,,False
DC,DC,20630,2023-05-08 19:09:23,partido,4,0,0,4,4,1.0,1.0,1.0,,,True,True,,False
DC,DC,20631,2023-05-08 19:10:13,partido,4,0,0,4,4,1.0,1.0,1.0,,,True,True,,False
DC,DC,20632,2023-05-08 19:11:06,partido,4,0,0,4,4,1.0,1.0,1.0,,,True,True,,False
DC,DC,20633,2023-05-08 19:11:56,partido,4,0,0,4,4,1.0,1.0,1.0,,,True,True,,False
DC,DC,20634,2023-05-08 19:12:58,partido,4,0,0,4,4,1.0,1.0,1.0,,,True,True,,False
DC,DC,20635,2023-05-08 19:13:51,partido,4,0,0,4,4,1.0,1.0,1.0,,,True,True,,False
DC,DC,20636,2023-05-08 19:15:04,partido,4,0,0,4,4,1.0,1.0,1.0,,,True,True,,False
DC,DC,20637,2023-05-08 19:15:59,partido,4,0,0,4,4,1.0,1.0,1.0,,,True,True,,False
DC,DC,21217,2023-05-08 19:16:53,partido,4,0,0,4,4,1.0,1.0,1.0,,,True,True,,False
DC,DC,21218,2023-05-08 19:17:43,partido,4,0,0,4,4,1.0,1.0,1.0,,,True,True,,False
DC,DC,21219,2023-05-08 19:18:45,partido,4,0,0,4,4,1.0,1.0,1.0,,,True,True,,False
DC,DC,42724,2024-08-26 19:03:25,partido,4,0,0,4,4,1.0,1.0,1.0,,,True,True,,False
DEM,DEM,42724,2024-08-26 19:03:25,partido,3,0,0,3,3,1.0,1.0,1.0,,,True,True,,False
EVOP,EVOP,20627,2023-05-08 19:05:22,partido,2,0,0,2,2,1.0,1.0,1.0,,,True,True,,True
EVOP,EVOP,20628,2023-05-08 19:06:49,partido,2,0,0,2,2,1.0,1.0,1.0,,,True,True,,True
EVOP,EVOP,20629,2023-05-08 19:08:21,partido,1,1,0,2,2,0.25,0.0,0.3690702464285426,,,True,True,,False
EVOP,EVOP,20630,2023-05-08 19:09:23,partido,0,2,0,2,2,1.0,1.0,1.0,,,True,True,,False
EVOP,EVOP,20631,2023-05-08 19:10:13,partido,1,0,1,2,1,0.25,1.0,0.3690702464285426,,,True,False,binarios_bajo_minimo_rice,False
EVOP,EVOP,20632,2023-05-08 19:11:06,partido,2,0,0,2,2,1.0,1.0,1.0,,,True,True,,False
EVOP,EVOP,20633,2023-05-08 19:11:56,partido,2,0,0,2,2,1.0,1.0,1.0,,,True,True,,False
EVOP,EVOP,20634,2023-05-08 19:12:58,partido,2,0,0,2,2,1.0,1.0,1.0,,,True,True,,False
EVOP,EVOP,20635,2023-05-08 19:13:51,partido,2,0,0,2,2,1.0,1.0,1.0,,,True,True,,False
EVOP,EVOP,20636,2023-05-08 19:15:04,partido,2,0,0,2,2,1.0,1.0,1.0,,,True,True,,False
EVOP,EVOP,20637,2023-05-08 19:15:59,partido,2,0,0,2,2,1.0,1.0,1.0,,,True,True,,False
EVOP,EVOP,21217,2023-05-08 19:16:53,partido,2,0,0,2,2,1.0,1.0,1.0,,,True,True,,False
EVOP,EVOP,21218,2023-05-08 19:17:43,partido,0,2,0,2,2,1.0,1.0,1.0,,,True,True,,False
EVOP,EVOP,21219,2023-05-08 19:18:45,partido,0,2,0,2,2,1.0,1.0,1.0,,,True,True,,False
EVOP,EVOP,42724,2024-08-26 19:03:25,partido,1,0,1,2,1,0.25,1.0,0.3690702464285426,,,True,False,binarios_bajo_minimo_rice,False
FA,FA,42724,2024-08-26 19:03:25,partido,13,0,0,13,13,1.0,1.0,1.0,,,True,True,,False
FRVS,FRVS,20627,2023-05-08 19:05:22,partido,1,0,0,1,1,1.0,1.0,1.0,,,False,False,T_bajo_minimo,True
FRVS,FRVS,20628,2023-05-08 19:06:49,partido,1,0,0,1,1,1.0,1.0,1.0,,,False,False,T_bajo_minimo,True
FRVS,FRVS,20629,2023-05-08 19:08:21,partido,1,0,0,1,1,1.0,1.0,1.0,,,False,False,T_bajo_minimo,False
FRVS,FRVS,20630,2023-05-08 19:09:23,partido,1,0,0,1,1,1.0,1.0,1.0,,,False,False,T_bajo_minimo,False
FRVS,FRVS,20631,2023-05-08 19:10:13,partido,1,0,0,1,1,1.0,1.0,1.0,,,False,False,T_bajo_minimo,False
FRVS,FRVS,20632,2023-05-08 19:11:06,partido,1,0,0,1,1,1.0,1.0,1.0,,,False,False,T_bajo_minimo,False
FRVS,FRVS,20633,2023-05-08 19:11:56,partido,1,0,0,1,1,1.0,1.0,1.0,,,False,False,T_bajo_minimo,False
FRVS,FRVS,20634,2023-05-08 19:12:58,partido,1,0,0,1,1,1.0,1.0,1.0,,,False,False,T_bajo_minimo,False
FRVS,FRVS,20635,2023-05-08 19:13:51,partido,1,0,0,1,1,1.0,1.0,1.0,,,False,False,T_bajo_minimo,False
FRVS,FRVS,20636,2023-05-08 19:15:04,partido,1,0,0,1,1,1.0,1.0,1.0,,,False,False,T_bajo_minimo,False
FRVS,FRVS,20637,2023-05-08 19:15:59,partido,1,0,0,1,1,1.0,1.0,1.0,,,False,False,T_bajo_minimo,False
FRVS,FRVS,21217,2023-05-08 19:16:53,partido,1,0,0,1,1,1.0,1.0,1.0,,,False,False,T_bajo_minimo,False
FRVS,FRVS,21218,2023-05-08 19:17:43,partido,1,0,0,1,1,1.0,1.0,1.0,,,False,False,T_bajo_minimo,False
FRVS,FRVS,21219,2023-05-08 19:18:45,partido,1,0,0,1,1,1.0,1.0,1.0,,,False,False,T_bajo_minimo,False
FRVS,FRVS,42724,2024-08-26 19:03:25,partido,2,0,0,2,2,1.0,1.0,1.0,,,True,True,,False
IND,IND,20627,2023-05-08 19:05:22,independientes,31,0,0,31,31,1.0,1.0,1.0,,,False,False,grupo_independientes,True
IND,IND,20628,2023-05-08 19:06:49,independientes,33,0,0,33,33,1.0,1.0,1.0,,,False,False,grupo_independientes,True
IND,IND,20629,2023-05-08 19:08:21,independientes,25,8,1,34,33,0.6029411764705882,0.5151515151515151,0.38990332684278073,,,False,False,grupo_independientes,False
IND,IND,20630,2023-05-08 19:09:23,independientes,26,8,0,34,34,0.6470588235294118,0.5294117647058824,0.503378416938491,,,False,False,grupo_independientes,False
IND,IND,20631,2023-05-08 19:10:13,independientes,25,9,0,34,34,0.6029411764705882,0.47058823529411764,0.4739529125570461,,,False,False,grupo_independientes,False
IND,IND,20632,2023-05-08 19:11:06,independientes,26,8,0,34,34,0.6470588235294118,0.5294117647058824,0.503378416938491,,,False,False,grupo_independientes,False
IND,IND,20633,2023-05-08 19:11:56,independientes,26,8,0,34,34,0.6470588235294118,0.5294117647058824,0.503378416938491,,,False,False,grupo_independientes,False
IND,IND,20634,2023-05-08 19:12:58,independientes,25,9,0,34,34,0.6029411764705882,0.47058823529411764,0.4739529125570461,,,False,False,grupo_independientes,False
IND,IND,20635,2023-05-08 19:13:51,independientes,25,8,1,34,33,0.6029411764705882,0.5151515151515151,0.38990332684278073,,,False,False,grupo_independientes,False
IND,IND,20636,2023-05-08 19:15:04,independientes,25,8,1,34,33,0.6029411764705882,0.5151515151515151,0.38990332684278073,,,False,False,grupo_independientes,False
IND,IND,20637,2023-05-08 19:15:59,independientes,25,8,1,34,33,0.6029411764705882,0.5151515151515151,0.38990332684278073,,,False,False,grupo_independientes,False
IND,IND,21217,2023-05-08 19:16:53,independientes,25,8,1,34,33,0.6029411764705882,0.5151515151515151,0.38990332684278073,,,False,False,grupo_independientes,False
IND,IND,21218,2023-05-08 19:17:43,independientes,22,11,1,34,33,0.47058823529411764,0.3333333333333333,0.31687949249623015,,,False,False,grupo_independientes,False
IND,IND,21219,2023-05-08 19:18:45,independientes,22,11,1,34,33,0.47058823529411764,0.3333333333333333,0.31687949249623015,,,False,False,grupo_independientes,False
IND,IND,42724,2024-08-26 19:03:25,independientes,14,5,12,31,19,0.1774193548387097,0.47368421052631576,0.07094726298701526,,,False,False,grupo_independientes,False
PAH,PAH,20627,2023-05-08 19:05:22,partido,2,0,0,2,2,1.0,1.0,1.0,,,True,True,,True
PAH,PAH,20628,2023-05-08 19:06:49,partido,2,0,0,2,2,1.0,1.0,1.0,,,True,True,,True
PAH,PAH,20629,2023-05-08 19:08:21,partido,2,0,0,2,2,1.0,1.0,1.0,,,True,True,,False
PAH,PAH,20630,2023-05-08 19:09:23,partido,2,0,0,2,2,1.0,1.0,1.0,,,True,True,,False
PAH,PAH,20631,2023-05-08 19:10:13,partido,2,0,0,2,2,1.0,1.0,1.0,,,True,True,,False
PAH,PAH,20632,2023-05-08 19:11:06,partido,2,0,0,2,2,1.0,1.0,1.0,,,True,True,,False
PAH,PAH,20633,2023-05-08 19:11:56,partido,2,0,0,2,2,1.0,1.0,1.0,,,True,True,,False
PAH,PAH,20634,2023-05-08 19:12:58,partido,2,0,0,2,2,1.0,1.0,1.0,,,True,True,,False
PAH,PAH,20635,2023-05-08 19:13:51,partido,2,0,0,2,2,1.0,1.0,1.0,,,True,True,,False
PAH,PAH,20636,2023-05-08 19:15:04,partido,2,0,0,2,2,1.0,1.0,1.0,,,True,True,,False
PAH,PAH,20637,2023-05-08 19:15:59,partido,2,0,0,2,2,1.0,1.0,1.0,,,True,True,,False
PAH,PAH,21217,2023-05-08 19:16:53,partido,2,0,0,2,2,1.0,1.0,1.0,,,True,True,,False
PAH,PAH,21218,2023-05-08 19:17:43,partido,2,0,0,2,2,1.0,1.0,1.0,,,True,True,,False
PAH,PAH,21219,2023-05-08 19:18:45,partido,2,0,0,2,2,1.0,1.0,1.0,,,True,True,,False
PAH,PAH,42724,2024-08-26 19:03:25,partido,2,0,0,2,2,1.0,1.0,1.0,,,True,True,,False
PC,PC,20627,2023-05-08 19:05:22,partido,12,0,0,12,12,1.0,1.0,1.0,,,True,True,,True
PC,PC,20628,2023-05-08 19:06:49,partido,11,0,0,11,11,1.0,1.0,1.0,,,True,True,,True
PC,PC,20629,2023-05-08 19:08:21,partido,11,0,0,11,11,1.0,1.0,1.0,,,True,True,,False
PC,PC,20630,2023-05-08 19:09:23,partido,11,0,0,11,11,1.0,1.0,1.0,,,True,True,,False
PC,PC,20631,2023-05-08 19:10:13,partido,11,0,0,11,11,1.0,1.0,1.0,,,True,True,,False
PC,PC,20632,2023-05-08 19:11:06,partido,11,0,0,11,11,1.0,1.0,1.0,,,True,True,,False
PC,PC,20633,2023-05-08 19:11:56,partido,11,0,0,11,11,1.0,1.0,1.0,,,True,True,,False
PC,PC,20634,2023-05-08 19:12:58,partido,11,0,0,11,11,1.0,1.0,1.0,,,True,True,,False
PC,PC,20635,2023-05-08 19:13:51,partido,11,0,0,11,11,1.0,1.0,1.0,,,True,True,,False
PC,PC,20636,2023-05-08 19:15:04,partido,11,0,0,11,11,1.0,1.0,1.0,,,True,True,,False
PC,PC,20637,2023-05-08 19:15:59,partido,11,0,0,11,11,1.0,1.0,1.0,,,True,True,,False
PC,PC,21217,2023-05-08 19:16:53,partido,11,0,0,11,11,1.0,1.0,1.0,,,True,True,,False
PC,PC,21218,2023-05-08 19:17:43,partido,11,0,0,11,11,1.0,1.0,1.0,,,True,True,,False
PC,PC,21219,2023-05-08 19:18:45,partido,11,0,0,11,11,1.0,1.0,1.0,,,True,True,,False
PC,PC,42724,2024-08-26 19:03:25,partido,9,0,0,9,9,1.0,1.0,1.0,,,True,True,,False
PCS,PCS,20627,2023-05-08 19:05:22,partido,4,0,0,4,4,1.0,1.0,1.0,,,True,True,,True
PCS,PCS,20628,2023-05-08 19:06:49,partido,5,0,0,5,5,1.0,1.0,1.0,,,True,True,,True
PCS,PCS,20629,2023-05-08 19:08:21,partido,7,0,0,7,7,1.0,1.0,1.0,,,True,True,,False
PCS,PCS,20630,2023-05-08 19:09:23,partido,7,0,0,7,7,1.0,1.0,1.0,,,True,True,,False
PCS,PCS,20631,2023-05-08 19:10:13,partido,7,0,0,7,7,1.0,1.0,1.0,,,True,True,,False
PCS,PCS,20632,2023-05-08 19:11:06,partido,7,0,0,7,7,1.0,1.0,1.0,,,True,True,,False
PCS,PCS,20633,2023-05-08 19:11:56,partido,7,0,0,7,7,1.0,1.0,1.0,,,True,True,,False
PCS,PCS,20634,2023-05-08 19:12:58,partido,7,0,0,7,7,1.0,1.0,1.0,,,True,True,,False
PCS,PCS,20635,2023-05-08 19:13:51,partido,7,0,0,7,7,1.0,1.0,1.0,,,True,True,,False
PCS,PCS,20636,2023-05-08 19:15:04,partido,7,0,0,7,7,1.0,1.0,1.0,,,True,True,,False
PCS,PCS,20637,2023-05-08 19:15:59,partido,7,0,0,7,7,1.0,1.0,1.0,,,True,True,,False
PCS,PCS,21217,2023-05-08 19:16:53,partido,7,0,0,7,7,1.0,1.0,1.0,,,True,True,,False
PCS,PCS,21218,2023-05-08 19:17:43,partido,7,0,0,7,7,1.0,1.0,1.0,,,True,True,,False
PCS,PCS,21219,2023-05-08 19:18:45,partido,7,0,0,7,7,1.0,1.0,1.0,,,True,True,,False
PDG,PDG,20627,2023-05-08 19:05:22,partido,3,0,0,3,3,1.0,1.0,1.0,,,True,True,,True
PDG,PDG,20628,2023-05-08 19:06:49,partido,3,0,0,3,3,1.0,1.0,1.0,,,True,True,,True
PDG,PDG,20629,2023-05-08 19:08:21,partido,2,1,0,3,3,0.5,0.3333333333333333,0.42061983571430506,,,True,True,,False
PDG,PDG,20630,2023-05-08 19:09:23,partido,3,0,0,3,3,1.0,1.0,1.0,,,True,True,,False
PDG,PDG,20631,2023-05-08 19:10:13,partido,2,1,0,3,3,0.5,0.3333333333333333,0.42061983571430506,,,True,True,,False
PDG,PDG,20632,2023-05-08 19:11:06,partido,2,1,0,3,3,0.5,0.3333333333333333,0.42061983571430506,,,True,True,,False
PDG,PDG,20633,2023-05-08 19:11:56,partido,2,1,0,3,3,0.5,0.3333333333333333,0.42061983571430506,,,True,True,,False
PDG,PDG,20634,2023-05-08 19:12:58,partido,2,1,0,3,3,0.5,0.3333333333333333,0.42061983571430506,,,True,True,,False
PDG,PDG,20635,2023-05-08 19:13:51,partido,2,1,0,3,3,0.5,0.3333333333333333,0.42061983571430506,,,True,True,,False
PDG,PDG,20636,2023-05-08 19:15:04,partido,2,1,0,3,3,0.5,0.3333333333333333,0.42061983571430506,,,True,True,,False
PDG,PDG,20637,2023-05-08 19:15:59,partido,2,1,0,3,3,0.5,0.3333333333333333,0.42061983571430506,,,True,True,,False
PDG,PDG,21217,2023-05-08 19:16:53,partido,2,1,0,3,3,0.5,0.3333333333333333,0.42061983571430506,,,True,True,,False
PDG,PDG,21218,2023-05-08 19:17:43,partido,1,1,1,3,2,0.0,0.0,2.220446049250313e-16,,,True,True,,False
PDG,PDG,21219,2023-05-08 19:18:45,partido,2,1,0,3,3,0.5,0.3333333333333333,0.42061983571430506,,,True,True,,False
PDG,PDG,42724,2024-08-26 19:03:25,partido,0,0,1,1,0,1.0,,1.0,,sin_si_ni_no,False,False,T_bajo_minimo,False
PEV,PEV,20627,2023-05-08 19:05:22,partido,1,0,0,1,1,1.0,1.0,1.0,,,False,False,T_bajo_minimo,True
PEV,PEV,20628,2023-05-08 19:06:49,partido,1,0,0,1,1,1.0,1.0,1.0,,,False,False,T_bajo_minimo,True
PEV,PEV,20629,2023-05-08 19:08:21,partido,1,0,0,1,1,1.0,1.0,1.0,,,False,False,T_bajo_minimo,False
PEV,PEV,20630,2023-05-08 19:09:23,partido,1,0,0,1,1,1.0,1.0,1.0,,,False,False,T_bajo_minimo,False
PEV,PEV,20631,2023-05-08 19:10:13,partido,1,0,0,1,1,1.0,1.0,1.0,,,False,False,T_bajo_minimo,False
PEV,PEV,20632,2023-05-08 19:11:06,partido,1,0,0,1,1,1.0,1.0,1.0,,,False,False,T_bajo_minimo,False
PEV,PEV,20633,2023-05-08 19:11:56,partido,1,0,0,1,1,1.0,1.0,1.0,,,False,False,T_bajo_minimo,False
PEV,PEV,20634,2023-05-08 19:12:58,partido,1,0,0,1,1,1.0,1.0,1.0,,,False,False,T_bajo_minimo,False
PEV,PEV,20635,2023-05-08 19:13:51,partido,1,0,0,1,1,1.0,1.0,1.0,,,False,False,T_bajo_minimo,False
PEV,PEV,20636,2023-05-08 19:15:04,partido,1,0,0,1,1,1.0,1.0,1.0,,,False,False,T_bajo_minimo,False
PEV,PEV,20637,2023-05-08 19:15:59,partido,1,0,0,1,1,1.0,1.0,1.0,,,False,False,T_bajo_minimo,False
PEV,PEV,21217,2023-05-08 19:16:53,partido,1,0,0,1,1,1.0,1.0,1.0,,,False,False,T_bajo_minimo,False
PEV,PEV,21218,2023-05-08 19:17:43,partido,1,0,0,1,1,1.0,1.0,1.0,,,False,False,T_bajo_minimo,False
PEV,PEV,21219,2023-05-08 19:18:45,partido,1,0,0,1,1,1.0,1.0,1.0,,,False,False,T_bajo_minimo,False
PH,PH,42724,2024-08-26 19:03:25,partido,1,0,0,1,1,1.0,1.0,1.0,,,False,False,T_bajo_minimo,False
PL,PL,20627,2023-05-08 19:05:22,partido,2,0,0,2,2,1.0,1.0,1.0,,,True,True,,True
PL,PL,20628,2023-05-08 19:06:49,partido,2,0,0,2,2,1.0,1.0,1.0,,,True,True,,True
PL,PL,20629,2023-05-08 19:08:21,partido,2,0,0,2,2,1.0,1.0,1.0,,,True,True,,False
PL,PL,20630,2023-05-08 19:09:23,partido,2,0,0,2,2,1.0,1.0,1.0,,,True,True,,False
PL,PL,20631,2023-05-08 19:10:13,partido,2,0,0,2,2,1.0,1.0,1.0,,,True,True,,False
PL,PL,20632,2023-05-08 19:11:06,partido,2,0,0,2,2,1.0,1.0,1.0,,,True,True,,False
PL,PL,20633,2023-05-08 19:11:56,partido,2,0,0,2,2,1.0,1.0,1.0,,,True,True,,False
PL,PL,20634,2023-05-08 19:12:58,partido,2,0,0,2,2,1.0,1.0,1.0,,,True,True,,False
PL,PL,20635,2023-05-08 19:13:51,partido,2,0,0,2,2,1.0,1.0,1.0,,,True,True,,False
PL,PL,20636,2023-05-08 19:15:04,partido,2,0,0,2,2,1.0,1.0,1.0,,,True,True,,False
PL,PL,20637,2023-05-08 19:15:59,partido,2,0,0,2,2,1.0,1.0,1.0,,,True,True,,False
PL,PL,21217,2023-05-08 19:16:53,partido,2,0,0,2,2,1.0,1.0,1.0,,,True,True,,False
PL,PL,21218,2023-05-08 19:17:43,partido,2,0,0,2,2,1.0,1.0,1.0,,,True,True,,False
PL,PL,21219,2023-05-08 19:18:45,partido,2,0,0,2,2,1.0,1.0,1.0,,,True,True,,False
PL,PL,42724,2024-08-26 19:03:25,partido,3,0,0,3,3,1.0,1.0,1.0,,,True,True,,False
PPD,PPD,20627,2023-05-08 19:05:22,partido,1,0,0,1,1,1.0,1.0,1.0,,,False,False,T_bajo_minimo,True
PPD,PPD,20628,2023-05-08 19:06:49,partido,2,0,0,2,2,1.0,1.0,1.0,,,True,True,,True
PPD,PPD,20629,2023-05-08 19:08:21,partido,3,0,0,3,3,1.0,1.0,1.0,,,True,True,,False
PPD,PPD,20630,2023-05-08 19:09:23,partido,3,0,0,3,3,1.0,1.0,1.0,,,True,True,,False
PPD,PPD,20631,2023-05-08 19:10:13,partido,3,0,0,3,3,1.0,1.0,1.0,,,True,True,,False
PPD,PPD,20632,2023-05-08 19:11:06,partido,3,0,0,3,3,1.0,1.0,1.0,,,True,True,,False
PPD,PPD,20633,2023-05-08 19:11:56,partido,3,0,0,3,3,1.0,1.0,1.0,,,True,True,,False
PPD,PPD,20634,2023-05-08 19:12:58,partido,3,0,0,3,3,1.0,1.0,1.0,,,True,True,,False
PPD,PPD,20635,2023-05-08 19:13:51,partido,3,0,0,3,3,1.0,1.0,1.0,,,True,True,,False
PPD,PPD,20636,2023-05-08 19:15:04,partido,3,0,0,3,3,1.0,1.0,1.0,,,True,True,,False
PPD,PPD,20637,2023-05-08 19:15:59,partido,3,0,0,3,3,1.0,1.0,1.0,,,True,True,,False
PPD,PPD,21217,2023-05-08 19:16:53,partido,3,0,0,3,3,1.0,1.0,1.0,,,True,True,,False
PPD,PPD,21218,2023-05-08 19:17:43,partido,3,0,0,3,3,1.0,1.0,1.0,,,True,True,,False
PPD,PPD,21219,2023-05-08 19:18:45,partido,3,0,0,3,3,1.0,1.0,1.0,,,True,True,,False
PPD,PPD,42724,2024-08-26 19:03:25,partido,2,0,0,2,2,1.0,1.0,1.0,,,True,True,,False
PR,PR,20627,2023-05-08 19:05:22,partido,1,0,0,1,1,1.0,1.0,1.0,,,False,False,T_bajo_minimo,True
PR,PR,20628,2023-05-08 19:06:49,partido,1,0,0,1,1,1.0,1.0,1.0,,,False,False,T_bajo_minimo,True
PR,PR,20629,2023-05-08 19:08:21,partido,2,0,0,2,2,1.0,1.0,1.0,,,True,True,,False
PR,PR,20630,2023-05-08 19:09:23,partido,2,0,0,2,2,1.0,1.0,1.0,,,True,True,,False
PR,PR,20631,2023-05-08 19:10:13,partido,2,0,0,2,2,1.0,1.0,1.0,,,True,True,,False
PR,PR,20632,2023-05-08 19:11:06,partido,2,0,0,2,2,1.0,1.0,1.0,,,True,True,,False
PR,PR,20633,2023-05-08 19:11:56,partido,2,0,0,2,2,1.0,1.0,1.0,,,True,True,,False
PR,PR,20634,2023-05-08 19:12:58,partido,2,0,0,2,2,1.0,1.0,1.0,,,True,True,,False
PR,PR,20635,2023-05-08 19:13:51,partido,2,0,0,2,2,1.0,1.0,1.0,,,True,True,,False
PR,PR,20636,2023-05-08 19:15:04,partido,2,0,0,2,2,1.0,1.0,1.0,,,True,True,,False
PR,PR,20637,2023-05-08 19:15:59,partido,2,0,0,2,2,1.0,1.0,1.0,,,True,True,,False
PR,PR,21217,2023-05-08 19:16:53,partido,2,0,0,2,2,1.0,1.0,1.0,,,True,True,,False
PR,PR,21218,2023-05-08 19:17:43,partido,2,0,0,2,2,1.0,1.0,1.0,,,True,True,,False
PR,PR,21219,2023-05-08 19:18:45,partido,2,0,0,2,2,1.0,1.0,1.0,,,True,True,,False
PR,PR,42724,2024-08-26 19:03:25,partido,1,0,0,1,1,1.0,1.0,1.0,,,False,False,T_bajo_minimo,False
PREP,PREP,20627,2023-05-08 19:05:22,partido,8,0,0,8,8,1.0,1.0,1.0,,,True,True,,True
PREP,PREP,20628,2023-05-08 19:06:49,partido,9,0,0,9,9,1.0,1.0,1.0,,,True,True,,True
PREP,PREP,20629,2023-05-08 19:08:21,partido,0,9,0,9,9,1.0,1.0,1.0,,,True,True,,False
PREP,PREP,20630,2023-05-08 19:09:23,partido,0,9,0,9,9,1.0,1.0,1.0,,,True,True,,False
PREP,PREP,20631,2023-05-08 19:10:13,partido,0,9,0,9,9,1.0,1.0,1.0,,,True,True,,False
PREP,PREP,20632,2023-05-08 19:11:06,partido,0,9,0,9,9,1.0,1.0,1.0,,,True,True,,False
PREP,PREP,20633,2023-05-08 19:11:56,partido,0,9,0,9,9,1.0,1.0,1.0,,,True,True,,False
PREP,PREP,20634,2023-05-08 19:12:58,partido,0,9,0,9,9,1.0,1.0,1.0,,,True,True,,False
PREP,PREP,20635,2023-05-08 19:13:51,partido,0,9,0,9,9,1.0,1.0,1.0,,,True,True,,False
PREP,PREP,20636,2023-05-08 19:15:04,partido,0,9,0,9,9,1.0,1.0,1.0,,,True,True,,False
PREP,PREP,20637,2023-05-08 19:15:59,partido,0,9,0,9,9,1.0,1.0,1.0,,,True,True,,False
PREP,PREP,21217,2023-05-08 19:16:53,partido,0,9,0,9,9,1.0,1.0,1.0,,,True,True,,False
PREP,PREP,21218,2023-05-08 19:17:43,partido,0,9,0,9,9,1.0,1.0,1.0,,,True,True,,False
PREP,PREP,21219,2023-05-08 19:18:45,partido,0,9,0,9,9,1.0,1.0,1.0,,,True,True,,False
PREP,PREP,42724,2024-08-26 19:03:25,partido,0,6,0,6,6,1.0,1.0,1.0,,,True,True,,False
PRI,PRI,20627,2023-05-08 19:05:22,partido,1,0,0,1,1,1.0,1.0,1.0,,,False,False,T_bajo_minimo,True
PRI,PRI,20628,2023-05-08 19:06:49,partido,1,0,0,1,1,1.0,1.0,1.0,,,False,False,T_bajo_minimo,True
PRI,PRI,20629,2023-05-08 19:08:21,partido,0,1,0,1,1,1.0,1.0,1.0,,,False,False,T_bajo_minimo,False
PRI,PRI,20630,2023-05-08 19:09:23,partido,0,1,0,1,1,1.0,1.0,1.0,,,False,False,T_bajo_minimo,False
PRI,PRI,20631,2023-05-08 19:10:13,partido,0,1,0,1,1,1.0,1.0,1.0,,,False,False,T_bajo_minimo,False
PRI,PRI,20632,2023-05-08 19:11:06,partido,0,1,0,1,1,1.0,1.0,1.0,,,False,False,T_bajo_minimo,False
PRI,PRI,20633,2023-05-08 19:11:56,partido,0,1,0,1,1,1.0,1.0,1.0,,,False,False,T_bajo_minimo,False
PRI,PRI,20634,2023-05-08 19:12:58,partido,0,1,0,1,1,1.0,1.0,1.0,,,False,False,T_bajo_minimo,False
PRI,PRI,20635,2023-05-08 19:13:51,partido,0,1,0,1,1,1.0,1.0,1.0,,,False,False,T_bajo_minimo,False
PRI,PRI,20636,2023-05-08 19:15:04,partido,0,1,0,1,1,1.0,1.0,1.0,,,False,False,T_bajo_minimo,False
PRI,PRI,20637,2023-05-08 19:15:59,partido,0,1,0,1,1,1.0,1.0,1.0,,,False,False,T_bajo_minimo,False
PRI,PRI,21217,2023-05-08 19:16:53,partido,0,1,0,1,1,1.0,1.0,1.0,,,False,False,T_bajo_minimo,False
PRI,PRI,21218,2023-05-08 19:17:43,partido,0,1,0,1,1,1.0,1.0,1.0,,,False,False,T_bajo_minimo,False
PRI,PRI,21219,2023-05-08 19:18:45,partido,0,1,0,1,1,1.0,1.0,1.0,,,False,False,T_bajo_minimo,False
PRI,PRI,42724,2024-08-26 19:03:25,partido,0,0,1,1,0,1.0,,1.0,,sin_si_ni_no,False,False,T_bajo_minimo,False
PS,PS,20627,2023-05-08 19:05:22,partido,11,0,0,11,11,1.0,1.0,1.0,,,True,True,,True
PS,PS,20628,2023-05-08 19:06:49,partido,11,0,0,11,11,1.0,1.0,1.0,,,True,True,,True
PS,PS,20629,2023-05-08 19:08:21,partido,12,0,0,12,12,1.0,1.0,1.0,,,True,True,,False
PS,PS,20630,2023-05-08 19:09:23,partido,12,0,0,12,12,1.0,1.0,1.0,,,True,True,,False
PS,PS,20631,2023-05-08 19:10:13,partido,12,0,0,12,12,1.0,1.0,1.0,,,True,True,,False
PS,PS,20632,2023-05-08 19:11:06,partido,12,0,0,12,12,1.0,1.0,1.0,,,True,True,,False
PS,PS,20633,2023-05-08 19:11:56,partido,12,0,0,12,12,1.0,1.0,1.0,,,True,True,,False
PS,PS,20634,2023-05-08 19:12:58,partido,12,0,0,12,12,1.0,1.0,1.0,,,True,True,,False
PS,PS,20635,2023-05-08 19:13:51,partido,12,0,0,12,12,1.0,1.0,1.0,,,True,True,,False
PS,PS,20636,2023-05-08 19:15:04,partido,12,0,0,12,12,1.0,1.0,1.0,,,True,True,,False
PS,PS,20637,2023-05-08 19:15:59,partido,12,0,0,12,12,1.0,1.0,1.0,,,True,True,,False
PS,PS,21217,2023-05-08 19:16:53,partido,12,0,0,12,12,1.0,1.0,1.0,,,True,True,,False
PS,PS,21218,2023-05-08 19:17:43,partido,12,0,0,12,12,1.0,1.0,1.0,,,True,True,,False
PS,PS,21219,2023-05-08 19:18:45,partido,12,0,0,12,12,1.0,1.0,1.0,,,True,True,,False
PS,PS,42724,2024-08-26 19:03:25,partido,8,0,0,8,8,1.0,1.0,1.0,,,True,True,,False
PSC,PSC,20627,2023-05-08 19:05:22,partido,1,0,0,1,1,1.0,1.0,1.0,,,False,False,T_bajo_minimo,True
PSC,PSC,20628,2023-05-08 19:06:49,partido,1,0,0,1,1,1.0,1.0,1.0,,,False,False,T_bajo_minimo,True
PSC,PSC,20629,2023-05-08 19:08:21,partido,1,0,0,1,1,1.0,1.0,1.0,,,False,False,T_bajo_minimo,False
PSC,PSC,20630,2023-05-08 19:09:23,partido,1,0,0,1,1,1.0,1.0,1.0,,,False,False,T_bajo_minimo,False
PSC,PSC,20631,2023-05-08 19:10:13,partido,1,0,0,1,1,1.0,1.0,1.0,,,False,False,T_bajo_minimo,False
PSC,PSC,20632,2023-05-08 19:11:06,partido,1,0,0,1,1,1.0,1.0,1.0,,,False,False,T_bajo_minimo,False
PSC,PSC,20633,2023-05-08 19:11:56,partido,1,0,0,1,1,1.0,1.0,1.0,,,False,False,T_bajo_minimo,False
PSC,PSC,20634,2023-05-08 19:12:58,partido,1,0,0,1,1,1.0,1.0,1.0,,,False,False,T_bajo_minimo,False
PSC,PSC,20635,2023-05-08 19:13:51,partido,0,0,1,1,0,1.0,,1.0,,sin_si_ni_no,False,False,T_bajo_minimo,False
PSC,PSC,20636,2023-05-08 19:15:04,partido,1,0,0,1,1,1.0,1.0,1.0,,,False,False,T_bajo_minimo,False
PSC,PSC,20637,2023-05-08 19:15:59,partido,1,0,0,1,1,1.0,1.0,1.0,,,False,False,T_bajo_minimo,False
PSC,PSC,21217,2023-05-08 19:16:53,partido,0,0,1,1,0,1.0,,1.0,,sin_si_ni_no,False,False,T_bajo_minimo,False
PSC,PSC,21218,2023-05-08 19:17:43,partido,0,1,0,1,1,1.0,1.0,1.0,,,False,False,T_bajo_minimo,False
PSC,PSC,21219,2023-05-08 19:18:45,partido,0,0,1,1,0,1.0,,1.0,,sin_si_ni_no,False,False,T_bajo_minimo,False
PSC,PSC,42724,2024-08-26 19:03:25,partido,0,0,2,2,0,1.0,,1.0,,sin_si_ni_no,True,False,binarios_bajo_minimo_rice,False
RD,RD,20627,2023-05-08 19:05:22,partido,4,0,0,4,4,1.0,1.0,1.0,,,True,True,,True
RD,RD,20628,2023-05-08 19:06:49,partido,4,0,0,4,4,1.0,1.0,1.0,,,True,True,,True
RD,RD,20629,2023-05-08 19:08:21,partido,4,0,0,4,4,1.0,1.0,1.0,,,True,True,,False
RD,RD,20630,2023-05-08 19:09:23,partido,4,0,0,4,4,1.0,1.0,1.0,,,True,True,,False
RD,RD,20631,2023-05-08 19:10:13,partido,4,0,0,4,4,1.0,1.0,1.0,,,True,True,,False
RD,RD,20632,2023-05-08 19:11:06,partido,4,0,0,4,4,1.0,1.0,1.0,,,True,True,,False
RD,RD,20633,2023-05-08 19:11:56,partido,4,0,0,4,4,1.0,1.0,1.0,,,True,True,,False
RD,RD,20634,2023-05-08 19:12:58,partido,4,0,0,4,4,1.0,1.0,1.0,,,True,True,,False
RD,RD,20635,2023-05-08 19:13:51,partido,4,0,0,4,4,1.0,1.0,1.0,,,True,True,,False
RD,RD,20636,2023-05-08 19:15:04,partido,4,0,0,4,4,1.0,1.0,1.0,,,True,True,,False
RD,RD,20637,2023-05-08 19:15:59,partido,4,0,0,4,4,1.0,1.0,1.0,,,True,True,,False
RD,RD,21217,2023-05-08 19:16:53,partido,4,0,0,4,4,1.0,1.0,1.0,,,True,True,,False
RD,RD,21218,2023-05-08 19:17:43,partido,4,0,0,4,4,1.0,1.0,1.0,,,True,True,,False
RD,RD,21219,2023-05-08 19:18:45,partido,4,0,0,4,4,1.0,1.0,1.0,,,True,True,,False
RD,RD,42724,2024-08-26 19:03:25,partido,1,0,0,1,1,1.0,1.0,1.0,,,False,False,T_bajo_minimo,False
RN,RN,20627,2023-05-08 19:05:22,partido,16,0,0,16,16,1.0,1.0,1.0,,,True,True,,True
RN,RN,20628,2023-05-08 19:06:49,partido,17,0,0,17,17,1.0,1.0,1.0,,,True,True,,True
RN,RN,20629,2023-05-08 19:08:21,partido,10,5,2,17,15,0.38235294117647056,0.3333333333333333,0.15908395058016345,,,True,True,,False
RN,RN,20630,2023-05-08 19:09:23,partido,10,2,5,17,12,0.38235294117647056,0.6666666666666666,0.15908395058016345,,,True,True,,False
RN,RN,20631,2023-05-08 19:10:13,partido,11,6,0,17,17,0.47058823529411764,0.29411764705882354,0.40902867957356737,,,True,True,,False
RN,RN,20632,2023-05-08 19:11:06,partido,12,5,0,17,17,0.5588235294117647,0.4117647058823529,0.44857935267888205,,,True,True,,False
RN,RN,20633,2023-05-08 19:11:56,partido,12,3,2,17,15,0.5588235294117647,0.6,0.26840240582907493,,,True,True,,False
RN,RN,20634,2023-05-08 19:12:58,partido,13,3,1,17,16,0.6470588235294118,0.625,0.38294088584604025,,,True,True,,False
RN,RN,20635,2023-05-08 19:13:51,partido,12,4,1,17,16,0.5588235294117647,0.5,0.31461290708958944,,,True,True,,False
RN,RN,20636,2023-05-08 19:15:04,partido,12,5,0,17,17,0.5588235294117647,0.4117647058823529,0.44857935267888205,,,True,True,,False
RN,RN,20637,2023-05-08 19:15:59,partido,11,6,0,17,17,0.47058823529411764,0.29411764705882354,0.40902867957356737,,,True,True,,False
RN,RN,21217,2023-05-08 19:16:53,partido,11,4,2,17,15,0.47058823529411764,0.4666666666666667,0.20454156276685154,,,True,True,,False
RN,RN,21218,2023-05-08 19:17:43,partido,0,17,0,17,17,1.0,1.0,1.0,,,True,True,,False
RN,RN,21219,2023-05-08 19:18:45,partido,0,17,0,17,17,1.0,1.0,1.0,,,True,True,,False
RN,RN,42724,2024-08-26 19:03:25,partido,1,1,12,14,2,0.7857142857142857,0.0,0.536563217675333,,,True,True,,False
UDI,UDI,20627,2023-05-08 19:05:22,partido,17,0,0,17,17,1.0,1.0,1.0,,,True,True,,True
UDI,UDI,20628,2023-05-08 19:06:49,partido,18,0,0,18,18,1.0,1.0,1.0,,,True,True,,True
UDI,UDI,20629,2023-05-08 19:08:21,partido,1,17,0,18,18,0.9166666666666666,0.8888888888888888,0.8046998405265214,,,True,True,,False
UDI,UDI,20630,2023-05-08 19:09:23,partido,0,18,0,18,18,1.0,1.0,1.0,,,True,True,,False
UDI,UDI,20631,2023-05-08 19:10:13,partido,1,17,0,18,18,0.9166666666666666,0.8888888888888888,0.8046998405265214,,,True,True,,False
UDI,UDI,20632,2023-05-08 19:11:06,partido,0,18,0,18,18,1.0,1.0,1.0,,,True,True,,False
UDI,UDI,20633,2023-05-08 19:11:56,partido,1,17,0,18,18,0.9166666666666666,0.8888888888888888,0.8046998405265214,,,True,True,,False
UDI,UDI,20634,2023-05-08 19:12:58,partido,1,17,0,18,18,0.9166666666666666,0.8888888888888888,0.8046998405265214,,,True,True,,False
UDI,UDI,20635,2023-05-08 19:13:51,partido,1,17,0,18,18,0.9166666666666666,0.8888888888888888,0.8046998405265214,,,True,True,,False
UDI,UDI,20636,2023-05-08 19:15:04,partido,0,16,2,18,16,0.8333333333333334,1.0,0.6824793428572198,,,True,True,,False
UDI,UDI,20637,2023-05-08 19:15:59,partido,0,16,2,18,16,0.8333333333333334,1.0,0.6824793428572198,,,True,True,,False
UDI,UDI,21217,2023-05-08 19:16:53,partido,0,15,3,18,15,0.75,1.0,0.589881513693482,,,True,True,,False
UDI,UDI,21218,2023-05-08 19:17:43,partido,0,18,0,18,18,1.0,1.0,1.0,,,True,True,,False
UDI,UDI,21219,2023-05-08 19:18:45,partido,0,18,0,18,18,1.0,1.0,1.0,,,True,True,,False
UDI,UDI,42724,2024-08-26 19:03:25,partido,0,10,7,17,10,0.38235294117647056,1.0,0.383318017250599,,,True,True,,False
