nivel,partido_id,partido_nombre,partido_alias,votacion_id,fecha,b_pj,n_decisiones,n_diputados,incluido,razon_exclusion,P_p,n_votaciones,mediana_d1,iqr_d1,razon_NA,estado
partido_votacion,PS,Partido Socialista,PS,20629.0,2023-05-08 19:08:21,-0.6958487991359297,12,12,True,,,,,,,
partido_votacion,PS,Partido Socialista,PS,20630.0,2023-05-08 19:09:23,-0.690297325390031,12,12,True,,,,,,,
partido_votacion,PS,Partido Socialista,PS,20631.0,2023-05-08 19:10:13,-0.6898723174256727,12,12,True,,,,,,,
partido_votacion,PS,Partido Socialista,PS,20632.0,2023-05-08 19:11:06,-0.6695279101435361,12,12,True,,,,,,,
partido_votacion,PS,Partido Socialista,PS,20633.0,2023-05-08 19:11:56,-0.6522973257996063,12,12,True,,,,,,,
partido_votacion,PS,Partido Socialista,PS,20634.0,2023-05-08 19:12:58,-0.6551194506820277,12,12,True,,,,,,,
partido_votacion,PS,Partido Socialista,PS,20635.0,2023-05-08 19:13:51,-0.6725818844316066,12,12,True,,,,,,,
partido_votacion,PS,Partido Socialista,PS,20636.0,2023-05-08 19:15:04,-0.6725818844316064,12,12,True,,,,,,,
partido_votacion,PS,Partido Socialista,PS,20637.0,2023-05-08 19:15:59,-0.6841873780207558,12,12,True,,,,,,,
partido_votacion,PS,Partido Socialista,PS,21217.0,2023-05-08 19:16:53,-0.6849272222895751,12,12,True,,,,,,,
partido_votacion,PS,Partido Socialista,PS,21218.0,2023-05-08 19:17:43,-0.9113940765226506,12,12,True,,,,,,,
partido_votacion,PS,Partido Socialista,PS,21219.0,2023-05-08 19:18:45,-0.8978677924193709,12,12,True,,,,,,,
partido_votacion,IND,Independientes,IND,20629.0,2023-05-08 19:08:21,-0.15596611015115666,34,34,True,,,,,,,
partido_votacion,IND,Independientes,IND,20630.0,2023-05-08 19:09:23,-0.17436576039263763,34,34,True,,,,,,,
partido_votacion,IND,Independientes,IND,20631.0,2023-05-08 19:10:13,-0.1231415089928178,34,34,True,,,,,,,
partido_votacion,IND,Independientes,IND,20632.0,2023-05-08 19:11:06,-0.16316226381649201,34,34,True,,,,,,,
partido_votacion,IND,Independientes,IND,20633.0,2023-05-08 19:11:56,-0.13429650825286013,34,34,True,,,,,,,
partido_votacion,IND,Independientes,IND,20634.0,2023-05-08 19:12:58,-0.07707287655082681,34,34,True,,,,,,,
partido_votacion,IND,Independientes,IND,20635.0,2023-05-08 19:13:51,-0.125602641068553,34,34,True,,,,,,,
partido_votacion,IND,Independientes,IND,20636.0,2023-05-08 19:15:04,-0.12560264106855293,34,34,True,,,,,,,
partido_votacion,IND,Independientes,IND,20637.0,2023-05-08 19:15:59,-0.1408621072395674,34,34,True,,,,,,,
partido_votacion,IND,Independientes,IND,21217.0,2023-05-08 19:16:53,-0.12790809572877607,34,34,True,,,,,,,
partido_votacion,IND,Independientes,IND,21218.0,2023-05-08 19:17:43,-0.22916683264540125,34,34,True,,,,,,,
partido_votacion,IND,Independientes,IND,21219.0,2023-05-08 19:18:45,-0.214563994511982,34,34,True,,,,,,,
partido_votacion,IND,Independientes,IND,42724.0,2024-08-26 19:03:25,0.08274167500725436,27,27,True,,,,,,,
partido_votacion,UDI,Unión Demócrata Independiente,UDI,20629.0,2023-05-08 19:08:21,1.3437080259176575,18,18,True,,,,,,,
partido_votacion,UDI,Unión Demócrata Independiente,UDI,20630.0,2023-05-08 19:09:23,1.5024118258488903,18,18,True,,,,,,,
partido_votacion,UDI,Unión Demócrata Independiente,UDI,20631.0,2023-05-08 19:10:13,1.332167233649575,18,18,True,,,,,,,
partido_votacion,UDI,Unión Demócrata Independiente,UDI,20632.0,2023-05-08 19:11:06,1.4825260867464012,18,18,True,,,,,,,
partido_votacion,UDI,Unión Demócrata Independiente,UDI,20633.0,2023-05-08 19:11:56,1.4269004001866388,18,18,True,,,,,,,
partido_votacion,UDI,Unión Demócrata Independiente,UDI,20634.0,2023-05-08 19:12:58,1.4072936347984297,18,18,True,,,,,,,
partido_votacion,UDI,Unión Demócrata Independiente,UDI,20635.0,2023-05-08 19:13:51,1.39378414605104,18,18,True,,,,,,,
partido_votacion,UDI,Unión Demócrata Independiente,UDI,20636.0,2023-05-08 19:15:04,1.39378414605104,18,18,True,,,,,,,
partido_votacion,UDI,Unión Demócrata Independiente,UDI,20637.0,2023-05-08 19:15:59,1.3683747560415114,18,18,True,,,,,,,
partido_votacion,UDI,Unión Demócrata Independiente,UDI,21217.0,2023-05-08 19:16:53,1.3574762417666881,18,18,True,,,,,,,
partido_votacion,UDI,Unión Demócrata Independiente,UDI,21218.0,2023-05-08 19:17:43,1.1056256010274779,18,18,True,,,,,,,
partido_votacion,UDI,Unión Demócrata Independiente,UDI,21219.0,2023-05-08 19:18:45,1.1223347405242137,18,18,True,,,,,,,
partido_votacion,UDI,Unión Demócrata Independiente,UDI,42724.0,2024-08-26 19:03:25,1.1796598808177126,15,15,True,,,,,,,
partido_votacion,PDG,Partido de la Gente,PDG,20629.0,2023-05-08 19:08:21,0.023994786177101046,3,3,True,,,,,,,
partido_votacion,PDG,Partido de la Gente,PDG,20630.0,2023-05-08 19:09:23,-0.690297325390031,3,3,True,,,,,,,
partido_votacion,PDG,Partido de la Gente,PDG,20631.0,2023-05-08 19:10:13,0.0237887006008853,3,3,True,,,,,,,
partido_votacion,PDG,Partido de la Gente,PDG,20632.0,2023-05-08 19:11:06,0.047823422153109675,3,3,True,,,,,,,
partido_votacion,PDG,Partido de la Gente,PDG,20633.0,2023-05-08 19:11:56,0.08153716572495077,3,3,True,,,,,,,
partido_votacion,PDG,Partido de la Gente,PDG,20634.0,2023-05-08 19:12:58,0.07279105007578084,3,3,True,,,,,,,
partido_votacion,PDG,Partido de la Gente,PDG,20635.0,2023-05-08 19:13:51,0.05672377338579815,3,3,True,,,,,,,
partido_votacion,PDG,Partido de la Gente,PDG,20636.0,2023-05-08 19:15:04,0.056723773385798225,3,3,True,,,,,,,
partido_votacion,PDG,Partido de la Gente,PDG,20637.0,2023-05-08 19:15:59,0.04024631635416206,3,3,True,,,,,,,
partido_votacion,PDG,Partido de la Gente,PDG,21217.0,2023-05-08 19:16:53,0.05776494645815696,3,3,True,,,,,,,
partido_votacion,PDG,Partido de la Gente,PDG,21218.0,2023-05-08 19:17:43,0.09711576225241363,3,3,True,,,,,,,
partido_votacion,PDG,Partido de la Gente,PDG,21219.0,2023-05-08 19:18:45,-0.2244669481048427,3,3,True,,,,,,,
partido_votacion,PDG,Partido de la Gente,PDG,42724.0,2024-08-26 19:03:25,0.4137083750362719,1,1,False,DECISIONES_INSUFICIENTES_PARTIDO_VOTACION,,,,,,
partido_votacion,RN,Renovación Nacional,RN,20629.0,2023-05-08 19:08:21,0.06633852648963226,17,17,True,,,,,,,
partido_votacion,RN,Renovación Nacional,RN,20630.0,2023-05-08 19:09:23,-0.10987431476796346,17,17,True,,,,,,,
partido_votacion,RN,Renovación Nacional,RN,20631.0,2023-05-08 19:10:13,0.06576876048480047,17,17,True,,,,,,,
partido_votacion,RN,Renovación Nacional,RN,20632.0,2023-05-08 19:11:06,-0.036570852234731,17,17,True,,,,,,,
partido_votacion,RN,Renovación Nacional,RN,20633.0,2023-05-08 19:11:56,-0.13429650825286013,17,17,True,,,,,,,
partido_votacion,RN,Renovación Nacional,RN,20634.0,2023-05-08 19:12:58,-0.20552767080220477,17,17,True,,,,,,,
partido_votacion,RN,Renovación Nacional,RN,20635.0,2023-05-08 19:13:51,-0.09342739145896163,17,17,True,,,,,,,
partido_votacion,RN,Renovación Nacional,RN,20636.0,2023-05-08 19:15:04,-0.02907689223977879,17,17,True,,,,,,,
partido_votacion,RN,Renovación Nacional,RN,20637.0,2023-05-08 19:15:59,0.08286006308209841,17,17,True,,,,,,,
partido_votacion,RN,Renovación Nacional,RN,21217.0,2023-05-08 19:16:53,-0.029610602806282117,17,17,True,,,,,,,
partido_votacion,RN,Renovación Nacional,RN,21218.0,2023-05-08 19:17:43,1.1056256010274779,17,17,True,,,,,,,
partido_votacion,RN,Renovación Nacional,RN,21219.0,2023-05-08 19:18:45,1.1223347405242137,17,17,True,,,,,,,
partido_votacion,RN,Renovación Nacional,RN,42724.0,2024-08-26 19:03:25,0.41370837503627195,12,12,True,,,,,,,
partido_votacion,PC,Partido Comunista,PC,20629.0,2023-05-08 19:08:21,-0.6958487991359297,11,11,True,,,,,,,
partido_votacion,PC,Partido Comunista,PC,20630.0,2023-05-08 19:09:23,-0.6902973253900309,11,11,True,,,,,,,
partido_votacion,PC,Partido Comunista,PC,20631.0,2023-05-08 19:10:13,-0.6898723174256727,11,11,True,,,,,,,
partido_votacion,PC,Partido Comunista,PC,20632.0,2023-05-08 19:11:06,-0.6695279101435361,11,11,True,,,,,,,
partido_votacion,PC,Partido Comunista,PC,20633.0,2023-05-08 19:11:56,-0.6522973257996063,11,11,True,,,,,,,
partido_votacion,PC,Partido Comunista,PC,20634.0,2023-05-08 19:12:58,-0.6551194506820277,11,11,True,,,,,,,
partido_votacion,PC,Partido Comunista,PC,20635.0,2023-05-08 19:13:51,-0.6725818844316065,11,11,True,,,,,,,
partido_votacion,PC,Partido Comunista,PC,20636.0,2023-05-08 19:15:04,-0.6725818844316064,11,11,True,,,,,,,
partido_votacion,PC,Partido Comunista,PC,20637.0,2023-05-08 19:15:59,-0.6841873780207558,11,11,True,,,,,,,
partido_votacion,PC,Partido Comunista,PC,21217.0,2023-05-08 19:16:53,-0.6849272222895751,11,11,True,,,,,,,
partido_votacion,PC,Partido Comunista,PC,21218.0,2023-05-08 19:17:43,-0.9113940765226506,11,11,True,,,,,,,
partido_votacion,PC,Partido Comunista,PC,21219.0,2023-05-08 19:18:45,-0.8978677924193709,11,11,True,,,,,,,
partido_votacion,PS,Partido Socialista,PS,42724.0,2024-08-26 19:03:25,-0.8628774679327957,7,7,True,,,,,,,
partido_votacion,PL,Partido Liberal de Chile,PL,20629.0,2023-05-08 19:08:21,-0.6958487991359297,2,2,True,,,,,,,
partido_votacion,PL,Partido Liberal de Chile,PL,20630.0,2023-05-08 19:09:23,-0.6902973253900309,2,2,True,,,,,,,
partido_votacion,PL,Partido Liberal de Chile,PL,20631.0,2023-05-08 19:10:13,-0.6898723174256727,2,2,True,,,,,,,
partido_votacion,PL,Partido Liberal de Chile,PL,20632.0,2023-05-08 19:11:06,-0.6695279101435361,2,2,True,,,,,,,
partido_votacion,PL,Partido Liberal de Chile,PL,20633.0,2023-05-08 19:11:56,-0.6522973257996063,2,2,True,,,,,,,
partido_votacion,PL,Partido Liberal de Chile,PL,20634.0,2023-05-08 19:12:58,-0.6551194506820277,2,2,True,,,,,,,
partido_votacion,PL,Partido Liberal de Chile,PL,20635.0,2023-05-08 19:13:51,-0.6725818844316065,2,2,True,,,,,,,
partido_votacion,PL,Partido Liberal de Chile,PL,20636.0,2023-05-08 19:15:04,-0.6725818844316064,2,2,True,,,,,,,
partido_votacion,PL,Partido Liberal de Chile,PL,20637.0,2023-05-08 19:15:59,-0.6841873780207558,2,2,True,,,,,,,
partido_votacion,PL,Partido Liberal de Chile,PL,21217.0,2023-05-08 19:16:53,-0.6849272222895751,2,2,True,,,,,,,
partido_votacion,PL,Partido Liberal de Chile,PL,21218.0,2023-05-08 19:17:43,-0.9113940765226506,2,2,True,,,,,,,
partido_votacion,PL,Partido Liberal de Chile,PL,21219.0,2023-05-08 19:18:45,-0.8978677924193709,2,2,True,,,,,,,
partido_votacion,PL,Partido Liberal de Chile,PL,42724.0,2024-08-26 19:03:25,-0.8628774679327957,2,2,True,,,,,,,
partido_votacion,PC,Partido Comunista,PC,42724.0,2024-08-26 19:03:25,-0.8628774679327957,9,9,True,,,,,,,
partido_votacion,PEV,Partido Ecologista Verde,PEV,20629.0,2023-05-08 19:08:21,-0.6958487991359297,1,1,False,DECISIONES_INSUFICIENTES_PARTIDO_VOTACION,,,,,,
partido_votacion,PEV,Partido Ecologista Verde,PEV,20630.0,2023-05-08 19:09:23,-0.6902973253900309,1,1,False,DECISIONES_INSUFICIENTES_PARTIDO_VOTACION,,,,,,
partido_votacion,PEV,Partido Ecologista Verde,PEV,20631.0,2023-05-08 19:10:13,-0.6898723174256727,1,1,False,DECISIONES_INSUFICIENTES_PARTIDO_VOTACION,,,,,,
partido_votacion,PEV,Partido Ecologista Verde,PEV,20632.0,2023-05-08 19:11:06,-0.6695279101435361,1,1,False,DECISIONES_INSUFICIENTES_PARTIDO_VOTACION,,,,,,
partido_votacion,PEV,Partido Ecologista Verde,PEV,20633.0,2023-05-08 19:11:56,-0.6522973257996063,1,1,False,DECISIONES_INSUFICIENTES_PARTIDO_VOTACION,,,,,,
partido_votacion,PEV,Partido Ecologista Verde,PEV,20634.0,2023-05-08 19:12:58,-0.6551194506820277,1,1,False,DECISIONES_INSUFICIENTES_PARTIDO_VOTACION,,,,,,
partido_votacion,PEV,Partido Ecologista Verde,PEV,20635.0,2023-05-08 19:13:51,-0.6725818844316065,1,1,False,DECISIONES_INSUFICIENTES_PARTIDO_VOTACION,,,,,,
partido_votacion,PEV,Partido Ecologista Verde,PEV,20636.0,2023-05-08 19:15:04,-0.6725818844316064,1,1,False,DECISIONES_INSUFICIENTES_PARTIDO_VOTACION,,,,,,
partido_votacion,PEV,Partido Ecologista Verde,PEV,20637.0,2023-05-08 19:15:59,-0.6841873780207558,1,1,False,DECISIONES_INSUFICIENTES_PARTIDO_VOTACION,,,,,,
partido_votacion,PEV,Partido Ecologista Verde,PEV,21217.0,2023-05-08 19:16:53,-0.6849272222895751,1,1,False,DECISIONES_INSUFICIENTES_PARTIDO_VOTACION,,,,,,
partido_votacion,PEV,Partido Ecologista Verde,PEV,21218.0,2023-05-08 19:17:43,-0.9113940765226506,1,1,False,DECISIONES_INSUFICIENTES_PARTIDO_VOTACION,,,,,,
partido_votacion,PEV,Partido Ecologista Verde,PEV,21219.0,2023-05-08 19:18:45,-0.8978677924193709,1,1,False,DECISIONES_INSUFICIENTES_PARTIDO_VOTACION,,,,,,
partido_votacion,PAH,Partido Acción Humanista,PAH,20629.0,2023-05-08 19:08:21,-0.6958487991359297,2,2,True,,,,,,,
partido_votacion,PAH,Partido Acción Humanista,PAH,20630.0,2023-05-08 19:09:23,-0.6902973253900309,2,2,True,,,,,,,
partido_votacion,PAH,Partido Acción Humanista,PAH,20631.0,2023-05-08 19:10:13,-0.6898723174256727,2,2,True,,,,,,,
partido_votacion,PAH,Partido Acción Humanista,PAH,20632.0,2023-05-08 19:11:06,-0.6695279101435361,2,2,True,,,,,,,
partido_votacion,PAH,Partido Acción Humanista,PAH,20633.0,2023-05-08 19:11:56,-0.6522973257996063,2,2,True,,,,,,,
partido_votacion,PAH,Partido Acción Humanista,PAH,20634.0,2023-05-08 19:12:58,-0.6551194506820277,2,2,True,,,,,,,
partido_votacion,PAH,Partido Acción Humanista,PAH,20635.0,2023-05-08 19:13:51,-0.6725818844316065,2,2,True,,,,,,,
partido_votacion,PAH,Partido Acción Humanista,PAH,20636.0,2023-05-08 19:15:04,-0.6725818844316064,2,2,True,,,,,,,
partido_votacion,PAH,Partido Acción Humanista,PAH,20637.0,2023-05-08 19:15:59,-0.6841873780207558,2,2,True,,,,,,,
partido_votacion,PAH,Partido Acción Humanista,PAH,21217.0,2023-05-08 19:16:53,-0.6849272222895751,2,2,True,,,,,,,
partido_votacion,PAH,Partido Acción Humanista,PAH,21218.0,2023-05-08 19:17:43,-0.9113940765226506,2,2,True,,,,,,,
partido_votacion,PAH,Partido Acción Humanista,PAH,21219.0,2023-05-08 19:18:45,-0.8978677924193709,2,2,True,,,,,,,
partido_votacion,PAH,Partido Acción Humanista,PAH,42724.0,2024-08-26 19:03:25,-0.8628774679327957,2,2,True,,,,,,,
partido_votacion,PCS,Partido Convergencia Social,PCS,20629.0,2023-05-08 19:08:21,-0.6958487991359297,7,7,True,,,,,,,
partido_votacion,PCS,Partido Convergencia Social,PCS,20630.0,2023-05-08 19:09:23,-0.6902973253900309,7,7,True,,,,,,,
partido_votacion,PCS,Partido Convergencia Social,PCS,20631.0,2023-05-08 19:10:13,-0.6898723174256727,7,7,True,,,,,,,
partido_votacion,PCS,Partido Convergencia Social,PCS,20632.0,2023-05-08 19:11:06,-0.6695279101435361,7,7,True,,,,,,,
partido_votacion,PCS,Partido Convergencia Social,PCS,20633.0,2023-05-08 19:11:56,-0.6522973257996062,7,7,True,,,,,,,
partido_votacion,PCS,Partido Convergencia Social,PCS,20634.0,2023-05-08 19:12:58,-0.6551194506820277,7,7,True,,,,,,,
partido_votacion,PCS,Partido Convergencia Social,PCS,20635.0,2023-05-08 19:13:51,-0.6725818844316065,7,7,True,,,,,,,
partido_votacion,PCS,Partido Convergencia Social,PCS,20636.0,2023-05-08 19:15:04,-0.6725818844316064,7,7,True,,,,,,,
partido_votacion,PCS,Partido Convergencia Social,PCS,20637.0,2023-05-08 19:15:59,-0.6841873780207558,7,7,True,,,,,,,
partido_votacion,PCS,Partido Convergencia Social,PCS,21217.0,2023-05-08 19:16:53,-0.6849272222895751,7,7,True,,,,,,,
partido_votacion,PCS,Partido Convergencia Social,PCS,21218.0,2023-05-08 19:17:43,-0.9113940765226506,7,7,True,,,,,,,
partido_votacion,PCS,Partido Convergencia Social,PCS,21219.0,2023-05-08 19:18:45,-0.8978677924193709,7,7,True,,,,,,,
partido_votacion,FA,Frente Amplio,FA,42724.0,2024-08-26 19:03:25,-0.8628774679327957,10,10,True,,,,,,,
partido_votacion,PPD,Partido Por la Democracia,PPD,20629.0,2023-05-08 19:08:21,-0.6958487991359297,3,3,True,,,,,,,
partido_votacion,PPD,Partido Por la Democracia,PPD,20630.0,2023-05-08 19:09:23,-0.690297325390031,3,3,True,,,,,,,
partido_votacion,PPD,Partido Por la Democracia,PPD,20631.0,2023-05-08 19:10:13,-0.6898723174256727,3,3,True,,,,,,,
partido_votacion,PPD,Partido Por la Democracia,PPD,20632.0,2023-05-08 19:11:06,-0.6695279101435361,3,3,True,,,,,,,
partido_votacion,PPD,Partido Por la Democracia,PPD,20633.0,2023-05-08 19:11:56,-0.6522973257996063,3,3,True,,,,,,,
partido_votacion,PPD,Partido Por la Democracia,PPD,20634.0,2023-05-08 19:12:58,-0.6551194506820277,3,3,True,,,,,,,
partido_votacion,PPD,Partido Por la Democracia,PPD,20635.0,2023-05-08 19:13:51,-0.6725818844316066,3,3,True,,,,,,,
partido_votacion,PPD,Partido Por la Democracia,PPD,20636.0,2023-05-08 19:15:04,-0.6725818844316064,3,3,True,,,,,,,
partido_votacion,PPD,Partido Por la Democracia,PPD,20637.0,2023-05-08 19:15:59,-0.6841873780207558,3,3,True,,,,,,,
partido_votacion,PPD,Partido Por la Democracia,PPD,21217.0,2023-05-08 19:16:53,-0.6849272222895751,3,3,True,,,,,,,
partido_votacion,PPD,Partido Por la Democracia,PPD,21218.0,2023-05-08 19:17:43,-0.9113940765226506,3,3,True,,,,,,,
partido_votacion,PPD,Partido Por la Democracia,PPD,21219.0,2023-05-08 19:18:45,-0.8978677924193709,3,3,True,,,,,,,
partido_votacion,PPD,Partido Por la Democracia,PPD,42724.0,2024-08-26 19:03:25,-0.8628774679327957,2,2,True,,,,,,,
partido_votacion,PR,Partido Radical de Chile,PR,20629.0,2023-05-08 19:08:21,-0.6958487991359297,2,2,True,,,,,,,
partido_votacion,PR,Partido Radical de Chile,PR,20630.0,2023-05-08 19:09:23,-0.6902973253900309,2,2,True,,,,,,,
partido_votacion,PR,Partido Radical de Chile,PR,20631.0,2023-05-08 19:10:13,-0.6898723174256727,2,2,True,,,,,,,
partido_votacion,PR,Partido Radical de Chile,PR,20632.0,2023-05-08 19:11:06,-0.6695279101435361,2,2,True,,,,,,,
partido_votacion,PR,Partido Radical de Chile,PR,20633.0,2023-05-08 19:11:56,-0.6522973257996063,2,2,True,,,,,,,
partido_votacion,PR,Partido Radical de Chile,PR,20634.0,2023-05-08 19:12:58,-0.6551194506820277,2,2,True,,,,,,,
partido_votacion,PR,Partido Radical de Chile,PR,20635.0,2023-05-08 19:13:51,-0.6725818844316065,2,2,True,,,,,,,
partido_votacion,PR,Partido Radical de Chile,PR,20636.0,2023-05-08 19:15:04,-0.6725818844316064,2,2,True,,,,,,,
partido_votacion,PR,Partido Radical de Chile,PR,20637.0,2023-05-08 19:15:59,-0.6841873780207558,2,2,True,,,,,,,
partido_votacion,PR,Partido Radical de Chile,PR,21217.0,2023-05-08 19:16:53,-0.6849272222895751,2,2,True,,,,,,,
partido_votacion,PR,Partido Radical de Chile,PR,21218.0,2023-05-08 19:17:43,-0.9113940765226506,2,2,True,,,,,,,
partido_votacion,PR,Partido Radical de Chile,PR,21219.0,2023-05-08 19:18:45,-0.8978677924193709,2,2,True,,,,,,,
partido_votacion,PR,Partido Radical de Chile,PR,42724.0,2024-08-26 19:03:25,-0.8628774679327957,1,1,False,DECISIONES_INSUFICIENTES_PARTIDO_VOTACION,,,,,,
partido_votacion,PSC,Partido Social Cristiano,PSC,42724.0,2024-08-26 19:03:25,0.4137083750362719,2,2,True,,,,,,,
partido_votacion,DEM,Partido Demócratas Chile,DEM,42724.0,2024-08-26 19:03:25,-0.8628774679327957,3,3,True,,,,,,,
partido_votacion,RD,Revolución Democrática,RD,20629.0,2023-05-08 19:08:21,-0.6958487991359297,4,4,True,,,,,,,
partido_votacion,RD,Revolución Democrática,RD,20630.0,2023-05-08 19:09:23,-0.6902973253900309,4,4,True,,,,,,,
partido_votacion,RD,Revolución Democrática,RD,20631.0,2023-05-08 19:10:13,-0.6898723174256727,4,4,True,,,,,,,
partido_votacion,RD,Revolución Democrática,RD,20632.0,2023-05-08 19:11:06,-0.6695279101435361,4,4,True,,,,,,,
partido_votacion,RD,Revolución Democrática,RD,20633.0,2023-05-08 19:11:56,-0.6522973257996063,4,4,True,,,,,,,
partido_votacion,RD,Revolución Democrática,RD,20634.0,2023-05-08 19:12:58,-0.6551194506820277,4,4,True,,,,,,,
partido_votacion,RD,Revolución Democrática,RD,20635.0,2023-05-08 19:13:51,-0.6725818844316065,4,4,True,,,,,,,
partido_votacion,RD,Revolución Democrática,RD,20636.0,2023-05-08 19:15:04,-0.6725818844316064,4,4,True,,,,,,,
partido_votacion,RD,Revolución Democrática,RD,20637.0,2023-05-08 19:15:59,-0.6841873780207558,4,4,True,,,,,,,
partido_votacion,RD,Revolución Democrática,RD,21217.0,2023-05-08 19:16:53,-0.6849272222895751,4,4,True,,,,,,,
partido_votacion,RD,Revolución Democrática,RD,21218.0,2023-05-08 19:17:43,-0.9113940765226506,4,4,True,,,,,,,
partido_votacion,RD,Revolución Democrática,RD,21219.0,2023-05-08 19:18:45,-0.8978677924193709,4,4,True,,,,,,,
partido_votacion,COMUNES,Partido Comunes,COMUNES,20629.0,2023-05-08 19:08:21,-0.6958487991359297,1,1,False,DECISIONES_INSUFICIENTES_PARTIDO_VOTACION,,,,,,
partido_votacion,COMUNES,Partido Comunes,COMUNES,20630.0,2023-05-08 19:09:23,-0.6902973253900309,1,1,False,DECISIONES_INSUFICIENTES_PARTIDO_VOTACION,,,,,,
partido_votacion,COMUNES,Partido Comunes,COMUNES,20631.0,2023-05-08 19:10:13,-0.6898723174256727,1,1,False,DECISIONES_INSUFICIENTES_PARTIDO_VOTACION,,,,,,
partido_votacion,COMUNES,Partido Comunes,COMUNES,20632.0,2023-05-08 19:11:06,-0.6695279101435361,1,1,False,DECISIONES_INSUFICIENTES_PARTIDO_VOTACION,,,,,,
partido_votacion,COMUNES,Partido Comunes,COMUNES,20633.0,2023-05-08 19:11:56,-0.6522973257996063,1,1,False,DECISIONES_INSUFICIENTES_PARTIDO_VOTACION,,,,,,
partido_votacion,COMUNES,Partido Comunes,COMUNES,20634.0,2023-05-08 19:12:58,-0.6551194506820277,1,1,False,DECISIONES_INSUFICIENTES_PARTIDO_VOTACION,,,,,,
partido_votacion,COMUNES,Partido Comunes,COMUNES,20635.0,2023-05-08 19:13:51,-0.6725818844316065,1,1,False,DECISIONES_INSUFICIENTES_PARTIDO_VOTACION,,,,,,
partido_votacion,COMUNES,Partido Comunes,COMUNES,20636.0,2023-05-08 19:15:04,-0.6725818844316064,1,1,False,DECISIONES_INSUFICIENTES_PARTIDO_VOTACION,,,,,,
partido_votacion,COMUNES,Partido Comunes,COMUNES,20637.0,2023-05-08 19:15:59,-0.6841873780207558,1,1,False,DECISIONES_INSUFICIENTES_PARTIDO_VOTACION,,,,,,
partido_votacion,COMUNES,Partido Comunes,COMUNES,21217.0,2023-05-08 19:16:53,-0.6849272222895751,1,1,False,DECISIONES_INSUFICIENTES_PARTIDO_VOTACION,,,,,,
partido_votacion,COMUNES,Partido Comunes,COMUNES,21218.0,2023-05-08 19:17:43,-0.9113940765226506,1,1,False,DECISIONES_INSUFICIENTES_PARTIDO_VOTACION,,,,,,
partido_votacion,COMUNES,Partido Comunes,COMUNES,21219.0,2023-05-08 19:18:45,-0.8978677924193709,1,1,False,DECISIONES_INSUFICIENTES_PARTIDO_VOTACION,,,,,,
partido_votacion,EVOP,Evolución Política,EVOP,20629.0,2023-05-08 19:08:21,0.3839165788336164,2,2,True,,,,,,,
partido_votacion,EVOP,Evolución Política,EVOP,20630.0,2023-05-08 19:09:23,1.5024118258488903,2,2,True,,,,,,,
partido_votacion,EVOP,Evolución Política,EVOP,20631.0,2023-05-08 19:10:13,-0.1546265539057542,2,2,True,,,,,,,
partido_votacion,EVOP,Evolución Política,EVOP,20632.0,2023-05-08 19:11:06,-0.6695279101435361,2,2,True,,,,,,,
partido_votacion,EVOP,Evolución Política,EVOP,20633.0,2023-05-08 19:11:56,-0.6522973257996063,2,2,True,,,,,,,
partido_votacion,EVOP,Evolución Política,EVOP,20634.0,2023-05-08 19:12:58,-0.6551194506820277,2,2,True,,,,,,,
partido_votacion,EVOP,Evolución Política,EVOP,20635.0,2023-05-08 19:13:51,-0.6725818844316065,2,2,True,,,,,,,
partido_votacion,EVOP,Evolución Política,EVOP,20636.0,2023-05-08 19:15:04,-0.6725818844316064,2,2,True,,,,,,,
partido_votacion,EVOP,Evolución Política,EVOP,20637.0,2023-05-08 19:15:59,-0.6841873780207558,2,2,True,,,,,,,
partido_votacion,EVOP,Evolución Política,EVOP,21217.0,2023-05-08 19:16:53,-0.6849272222895751,2,2,True,,,,,,,
partido_votacion,EVOP,Evolución Política,EVOP,21218.0,2023-05-08 19:17:43,1.1056256010274779,2,2,True,,,,,,,
partido_votacion,EVOP,Evolución Política,EVOP,21219.0,2023-05-08 19:18:45,1.1223347405242137,2,2,True,,,,,,,
partido_votacion,EVOP,Evolución Política,EVOP,42724.0,2024-08-26 19:03:25,-0.22458454644826192,2,2,True,,,,,,,
partido_votacion,PREP,Partido Republicano,PREP,20629.0,2023-05-08 19:08:21,1.4636819568031625,9,9,True,,,,,,,
partido_votacion,PREP,Partido Republicano,PREP,20630.0,2023-05-08 19:09:23,1.5024118258488903,9,9,True,,,,,,,
partido_votacion,PREP,Partido Republicano,PREP,20631.0,2023-05-08 19:10:13,1.4511107366540013,9,9,True,,,,,,,
partido_votacion,PREP,Partido Republicano,PREP,20632.0,2023-05-08 19:11:06,1.4825260867464012,9,9,True,,,,,,,
partido_votacion,PREP,Partido Republicano,PREP,20633.0,2023-05-08 19:11:56,1.549206148774065,9,9,True,,,,,,,
partido_votacion,PREP,Partido Republicano,PREP,20634.0,2023-05-08 19:12:58,1.528612051591398,9,9,True,,,,,,,
partido_votacion,PREP,Partido Republicano,PREP,20635.0,2023-05-08 19:13:51,1.5153350890206074,9,9,True,,,,,,,
partido_votacion,PREP,Partido Republicano,PREP,20636.0,2023-05-08 19:15:04,1.5153350890206074,9,9,True,,,,,,,
partido_votacion,PREP,Partido Republicano,PREP,20637.0,2023-05-08 19:15:59,1.4891137051039978,9,9,True,,,,,,,
partido_votacion,PREP,Partido Republicano,PREP,21217.0,2023-05-08 19:16:53,1.5431492839536212,9,9,True,,,,,,,
partido_votacion,PREP,Partido Republicano,PREP,21218.0,2023-05-08 19:17:43,1.1056256010274779,9,9,True,,,,,,,
partido_votacion,PREP,Partido Republicano,PREP,21219.0,2023-05-08 19:18:45,1.1223347405242137,9,9,True,,,,,,,
partido_votacion,DC,Partido Demócrata Cristiano,DC,20629.0,2023-05-08 19:08:21,-0.6958487991359297,4,4,True,,,,,,,
partido_votacion,DC,Partido Demócrata Cristiano,DC,20630.0,2023-05-08 19:09:23,-0.6902973253900309,4,4,True,,,,,,,
partido_votacion,DC,Partido Demócrata Cristiano,DC,20631.0,2023-05-08 19:10:13,-0.6898723174256727,4,4,True,,,,,,,
partido_votacion,DC,Partido Demócrata Cristiano,DC,20632.0,2023-05-08 19:11:06,-0.6695279101435361,4,4,True,,,,,,,
partido_votacion,DC,Partido Demócrata Cristiano,DC,20633.0,2023-05-08 19:11:56,-0.6522973257996063,4,4,True,,,,,,,
partido_votacion,DC,Partido Demócrata Cristiano,DC,20634.0,2023-05-08 19:12:58,-0.6551194506820277,4,4,True,,,,,,,
partido_votacion,DC,Partido Demócrata Cristiano,DC,20635.0,2023-05-08 19:13:51,-0.6725818844316065,4,4,True,,,,,,,
partido_votacion,DC,Partido Demócrata Cristiano,DC,20636.0,2023-05-08 19:15:04,-0.6725818844316064,4,4,True,,,,,,,
partido_votacion,DC,Partido Demócrata Cristiano,DC,20637.0,2023-05-08 19:15:59,-0.6841873780207558,4,4,True,,,,,,,
partido_votacion,DC,Partido Demócrata Cristiano,DC,21217.0,2023-05-08 19:16:53,-0.6849272222895751,4,4,True,,,,,,,
partido_votacion,DC,Partido Demócrata Cristiano,DC,21218.0,2023-05-08 19:17:43,-0.9113940765226506,4,4,True,,,,,,,
partido_votacion,DC,Partido Demócrata Cristiano,DC,21219.0,2023-05-08 19:18:45,-0.8978677924193709,4,4,True,,,,,,,
partido_votacion,DC,Partido Demócrata Cristiano,DC,42724.0,2024-08-26 19:03:25,-0.8628774679327957,4,4,True,,,,,,,
partido_votacion,PREP,Partido Republicano,PREP,42724.0,2024-08-26 19:03:25,1.6902942180053395,6,6,True,,,,,,,
partido_votacion,FRVS,Federación Regionalista Verde Social,FRVS,20629.0,2023-05-08 19:08:21,-0.6958487991359297,1,1,False,DECISIONES_INSUFICIENTES_PARTIDO_VOTACION,,,,,,
partido_votacion,FRVS,Federación Regionalista Verde Social,FRVS,20630.0,2023-05-08 19:09:23,-0.6902973253900309,1,1,False,DECISIONES_INSUFICIENTES_PARTIDO_VOTACION,,,,,,
partido_votacion,FRVS,Federación Regionalista Verde Social,FRVS,20631.0,2023-05-08 19:10:13,-0.6898723174256727,1,1,False,DECISIONES_INSUFICIENTES_PARTIDO_VOTACION,,,,,,
partido_votacion,FRVS,Federación Regionalista Verde Social,FRVS,20632.0,2023-05-08 19:11:06,-0.6695279101435361,1,1,False,DECISIONES_INSUFICIENTES_PARTIDO_VOTACION,,,,,,
partido_votacion,FRVS,Federación Regionalista Verde Social,FRVS,20633.0,2023-05-08 19:11:56,-0.6522973257996063,1,1,False,DECISIONES_INSUFICIENTES_PARTIDO_VOTACION,,,,,,
partido_votacion,FRVS,Federación Regionalista Verde Social,FRVS,20634.0,2023-05-08 19:12:58,-0.6551194506820277,1,1,False,DECISIONES_INSUFICIENTES_PARTIDO_VOTACION,,,,,,
partido_votacion,FRVS,Federación Regionalista Verde Social,FRVS,20635.0,2023-05-08 19:13:51,-0.6725818844316065,1,1,False,DECISIONES_INSUFICIENTES_PARTIDO_VOTACION,,,,,,
partido_votacion,FRVS,Federación Regionalista Verde Social,FRVS,20636.0,2023-05-08 19:15:04,-0.6725818844316064,1,1,False,DECISIONES_INSUFICIENTES_PARTIDO_VOTACION,,,,,,
partido_votacion,FRVS,Federación Regionalista Verde Social,FRVS,20637.0,2023-05-08 19:15:59,-0.6841873780207558,1,1,False,DECISIONES_INSUFICIENTES_PARTIDO_VOTACION,,,,,,
partido_votacion,FRVS,Federación Regionalista Verde Social,FRVS,21217.0,2023-05-08 19:16:53,-0.6849272222895751,1,1,False,DECISIONES_INSUFICIENTES_PARTIDO_VOTACION,,,,,,
partido_votacion,FRVS,Federación Regionalista Verde Social,FRVS,21218.0,2023-05-08 19:17:43,-0.9113940765226506,1,1,False,DECISIONES_INSUFICIENTES_PARTIDO_VOTACION,,,,,,
partido_votacion,FRVS,Federación Regionalista Verde Social,FRVS,21219.0,2023-05-08 19:18:45,-0.8978677924193709,1,1,False,DECISIONES_INSUFICIENTES_PARTIDO_VOTACION,,,,,,
partido_votacion,FRVS,Federación Regionalista Verde Social,FRVS,42724.0,2024-08-26 19:03:25,-0.8628774679327957,1,1,False,DECISIONES_INSUFICIENTES_PARTIDO_VOTACION,,,,,,
partido_votacion,PSC,Partido Social Cristiano,PSC,20629.0,2023-05-08 19:08:21,-0.6958487991359297,1,1,False,DECISIONES_INSUFICIENTES_PARTIDO_VOTACION,,,,,,
partido_votacion,PSC,Partido Social Cristiano,PSC,20630.0,2023-05-08 19:09:23,-0.6902973253900309,1,1,False,DECISIONES_INSUFICIENTES_PARTIDO_VOTACION,,,,,,
partido_votacion,PSC,Partido Social Cristiano,PSC,20631.0,2023-05-08 19:10:13,-0.6898723174256727,1,1,False,DECISIONES_INSUFICIENTES_PARTIDO_VOTACION,,,,,,
partido_votacion,PSC,Partido Social Cristiano,PSC,20632.0,2023-05-08 19:11:06,-0.6695279101435361,1,1,False,DECISIONES_INSUFICIENTES_PARTIDO_VOTACION,,,,,,
partido_votacion,PSC,Partido Social Cristiano,PSC,20633.0,2023-05-08 19:11:56,-0.6522973257996063,1,1,False,DECISIONES_INSUFICIENTES_PARTIDO_VOTACION,,,,,,
partido_votacion,PSC,Partido Social Cristiano,PSC,20634.0,2023-05-08 19:12:58,-0.6551194506820277,1,1,False,DECISIONES_INSUFICIENTES_PARTIDO_VOTACION,,,,,,
partido_votacion,PSC,Partido Social Cristiano,PSC,20635.0,2023-05-08 19:13:51,0.42137660229450047,1,1,False,DECISIONES_INSUFICIENTES_PARTIDO_VOTACION,,,,,,
partido_votacion,PSC,Partido Social Cristiano,PSC,20636.0,2023-05-08 19:15:04,-0.6725818844316064,1,1,False,DECISIONES_INSUFICIENTES_PARTIDO_VOTACION,,,,,,
partido_votacion,PSC,Partido Social Cristiano,PSC,20637.0,2023-05-08 19:15:59,-0.6841873780207558,1,1,False,DECISIONES_INSUFICIENTES_PARTIDO_VOTACION,,,,,,
partido_votacion,PSC,Partido Social Cristiano,PSC,21217.0,2023-05-08 19:16:53,0.42911103083202295,1,1,False,DECISIONES_INSUFICIENTES_PARTIDO_VOTACION,,,,,,
partido_votacion,PSC,Partido Social Cristiano,PSC,21218.0,2023-05-08 19:17:43,1.1056256010274779,1,1,False,DECISIONES_INSUFICIENTES_PARTIDO_VOTACION,,,,,,
partido_votacion,PSC,Partido Social Cristiano,PSC,21219.0,2023-05-08 19:18:45,0.11223347405242136,1,1,False,DECISIONES_INSUFICIENTES_PARTIDO_VOTACION,,,,,,
partido_votacion,PRI,Partido Regionalista Independiente,PRI,20629.0,2023-05-08 19:08:21,1.4636819568031625,1,1,False,DECISIONES_INSUFICIENTES_PARTIDO_VOTACION,,,,,,
partido_votacion,PRI,Partido Regionalista Independiente,PRI,20630.0,2023-05-08 19:09:23,1.5024118258488903,1,1,False,DECISIONES_INSUFICIENTES_PARTIDO_VOTACION,,,,,,
partido_votacion,PRI,Partido Regionalista Independiente,PRI,20631.0,2023-05-08 19:10:13,1.4511107366540013,1,1,False,DECISIONES_INSUFICIENTES_PARTIDO_VOTACION,,,,,,
partido_votacion,PRI,Partido Regionalista Independiente,PRI,20632.0,2023-05-08 19:11:06,1.4825260867464012,1,1,False,DECISIONES_INSUFICIENTES_PARTIDO_VOTACION,,,,,,
partido_votacion,PRI,Partido Regionalista Independiente,PRI,20633.0,2023-05-08 19:11:56,1.549206148774065,1,1,False,DECISIONES_INSUFICIENTES_PARTIDO_VOTACION,,,,,,
partido_votacion,PRI,Partido Regionalista Independiente,PRI,20634.0,2023-05-08 19:12:58,1.528612051591398,1,1,False,DECISIONES_INSUFICIENTES_PARTIDO_VOTACION,,,,,,
partido_votacion,PRI,Partido Regionalista Independiente,PRI,20635.0,2023-05-08 19:13:51,1.5153350890206074,1,1,False,DECISIONES_INSUFICIENTES_PARTIDO_VOTACION,,,,,,
partido_votacion,PRI,Partido Regionalista Independiente,PRI,20636.0,2023-05-08 19:15:04,1.5153350890206074,1,1,False,DECISIONES_INSUFICIENTES_PARTIDO_VOTACION,,,,,,
partido_votacion,PRI,Partido Regionalista Independiente,PRI,20637.0,2023-05-08 19:15:59,1.4891137051039978,1,1,False,DECISIONES_INSUFICIENTES_PARTIDO_VOTACION,,,,,,
partido_votacion,PRI,Partido Regionalista Independiente,PRI,21217.0,2023-05-08 19:16:53,1.5431492839536212,1,1,False,DECISIONES_INSUFICIENTES_PARTIDO_VOTACION,,,,,,
partido_votacion,PRI,Partido Regionalista Independiente,PRI,21218.0,2023-05-08 19:17:43,1.1056256010274779,1,1,False,DECISIONES_INSUFICIENTES_PARTIDO_VOTACION,,,,,,
partido_votacion,PRI,Partido Regionalista Independiente,PRI,21219.0,2023-05-08 19:18:45,1.1223347405242137,1,1,False,DECISIONES_INSUFICIENTES_PARTIDO_VOTACION,,,,,,
partido_votacion,PRI,Partido Regionalista Independiente,PRI,42724.0,2024-08-26 19:03:25,0.4137083750362719,1,1,False,DECISIONES_INSUFICIENTES_PARTIDO_VOTACION,,,,,,
partido_votacion,RD,Revolución Democrática,RD,42724.0,2024-08-26 19:03:25,-0.8628774679327957,1,1,False,DECISIONES_INSUFICIENTES_PARTIDO_VOTACION,,,,,,
partido,PS,Partido Socialista,PS,,,,151,12,True,,-0.7261062180480896,13.0,-0.7261062180480896,0.011397604157058816,,DESCRIPTIVO_SIN_PADRON
partido,IND,Independientes,IND,,,,435,40,True,,-0.13145920503172073,13.0,-0.6382179225963922,1.9597692047154376,,DESCRIPTIVO_SIN_PADRON
partido,UDI,Unión Demócrata Independiente,UDI,,,,231,18,True,,1.339695901494406,13.0,1.360165437700363,0.08359876393907051,,DESCRIPTIVO_SIN_PADRON
partido,PDG,Partido de la Gente,PDG,,,,36,3,True,,-0.029687881410559752,12.0,-0.627907307050469,0.9524198175640545,,DESCRIPTIVO_SIN_PADRON
partido,RN,Renovación Nacional,RN,,,,216,17,True,,0.17063475646782406,13.0,-0.31735175239710645,1.171614560723603,,DESCRIPTIVO_SIN_PADRON
partido,PC,Partido Comunista,PC,,,,141,11,True,,-0.7261062180480896,13.0,-0.7261062180480896,0.0,,DESCRIPTIVO_SIN_PADRON
partido,PL,Partido Liberal de Chile,PL,,,,26,2,True,,-0.7261062180480896,13.0,-0.7261062180480896,0.0,,DESCRIPTIVO_SIN_PADRON
partido,PEV,Partido Ecologista Verde,PEV,,,,0,1,False,,,0.0,-0.7261062180480896,0.0,VOTACIONES_INSUFICIENTES_PARA_PERFIL_PARTIDARIO,DESCRIPTIVO_SIN_PADRON
partido,PAH,Partido Acción Humanista,PAH,,,,26,2,True,,-0.7261062180480896,13.0,-0.7261062180480896,0.0,,DESCRIPTIVO_SIN_PADRON
partido,PCS,Partido Convergencia Social,PCS,,,,84,7,True,,-0.7147086138910308,12.0,-0.7261062180480896,0.0056988020785294635,,DESCRIPTIVO_SIN_PADRON
partido,FA,Frente Amplio,FA,,,,10,10,False,,,1.0,-0.7261062180480896,0.0,VOTACIONES_INSUFICIENTES_PARA_PERFIL_PARTIDARIO,DESCRIPTIVO_SIN_PADRON
partido,PPD,Partido Por la Democracia,PPD,,,,38,3,True,,-0.7261062180480896,13.0,-0.7261062180480896,0.0056988020785294635,,DESCRIPTIVO_SIN_PADRON
partido,PR,Partido Radical de Chile,PR,,,,24,2,True,,-0.7147086138910308,12.0,-0.7204074159695601,0.0056988020785294635,,DESCRIPTIVO_SIN_PADRON
partido,PSC,Partido Social Cristiano,PSC,,,,2,2,False,,,1.0,-0.18012520869459697,0.04508073805820842,VOTACIONES_INSUFICIENTES_PARA_PERFIL_PARTIDARIO,DESCRIPTIVO_SIN_PADRON
partido,DEM,Partido Demócratas Chile,DEM,,,,3,3,False,,,1.0,-0.7261062180480896,0.0,VOTACIONES_INSUFICIENTES_PARA_PERFIL_PARTIDARIO,DESCRIPTIVO_SIN_PADRON
partido,RD,Revolución Democrática,RD,,,,48,4,True,,-0.7147086138910308,12.0,-0.7261062180480896,0.0028494010392646762,,DESCRIPTIVO_SIN_PADRON
partido,COMUNES,Partido Comunes,COMUNES,,,,0,1,False,,,0.0,-0.7261062180480896,0.0,VOTACIONES_INSUFICIENTES_PARA_PERFIL_PARTIDARIO,DESCRIPTIVO_SIN_PADRON
partido,EVOP,Evolución Política,EVOP,,,,26,2,True,,-0.07354964691681012,13.0,-0.07354964691681018,0.17333108176723064,,DESCRIPTIVO_SIN_PADRON
partido,PREP,Partido Republicano,PREP,,,,114,9,True,,1.4583643486979834,13.0,1.4583643486979834,0.019327489108946327,,DESCRIPTIVO_SIN_PADRON
partido,DC,Partido Demócrata Cristiano,DC,,,,52,4,True,,-0.7261062180480896,13.0,-0.7261062180480896,0.0,,DESCRIPTIVO_SIN_PADRON
partido,FRVS,Federación Regionalista Verde Social,FRVS,,,,0,1,False,,,0.0,-0.7261062180480896,0.0,VOTACIONES_INSUFICIENTES_PARA_PERFIL_PARTIDARIO,DESCRIPTIVO_SIN_PADRON
partido,PRI,Partido Regionalista Independiente,PRI,,,,0,1,False,,,0.0,1.360165437700363,0.0,VOTACIONES_INSUFICIENTES_PARA_PERFIL_PARTIDARIO,DESCRIPTIVO_SIN_PADRON
