diputado_id,20627,20628,20629,20630,20631,20632,20633,20634,20635,20636,20637,21217,21218,21219,42724
74,1,1,1,1,1,1,1,1,1,1,1,1,1,1,
803,1,1,1,1,1,1,1,1,1,1,1,1,1,1,0
815,1,1,0,0,0,0,0,0,0,0,0,0,0,0,
872,,,,,,,,,,,,,,,1
917,1,1,0,0,0,0,0,0,0,0,0,0,0,0,0
948,1,1,1,1,1,1,1,1,1,1,1,1,1,1,
953,1,1,1,1,1,1,1,1,1,1,1,1,0,0,
971,1,1,1,1,1,1,1,1,1,1,1,1,0,0,
973,1,1,1,1,1,1,1,1,1,1,1,1,1,1,
975,1,1,1,1,1,1,1,1,1,1,1,1,1,1,1
976,1,1,0,0,0,0,0,0,0,0,0,0,0,0,0
989,,,,,,,,,,,,,,,
990,1,1,1,1,1,1,1,1,1,1,1,1,1,1,
991,1,1,1,1,1,1,1,1,1,1,1,1,1,1,1
999,1,1,1,1,1,1,1,1,1,1,1,1,0,0,1
1002,1,1,1,1,1,1,1,1,1,1,1,1,1,1,
1003,1,1,0,0,0,0,0,0,0,0,0,0,0,0,0
1009,1,1,0,0,0,0,0,0,0,0,0,0,0,0,0
1012,1,1,1,1,1,1,1,1,1,1,1,1,1,1,1
1013,1,1,1,1,1,1,1,1,1,1,1,1,1,1,1
1015,,,,,,,,,,,,,,,1
1016,1,1,1,1,1,1,1,1,1,1,1,1,1,1,1
1017,1,1,1,0,0,0,0,0,0,0,0,0,0,0,
1019,1,1,0,,1,1,1,1,1,1,1,1,0,0,0
1021,1,1,1,1,1,1,1,1,1,1,1,1,0,0,
1022,1,1,0,,0,0,0,0,0,0,0,0,0,0,
1025,1,1,0,0,0,0,0,0,0,0,0,0,0,0,0
1027,,,,,,,,,,,,,,,
1028,1,1,,,0,0,,,,0,0,,0,0,
1030,1,1,0,,0,0,0,0,0,0,0,0,0,0,
1034,1,1,1,1,1,1,1,1,1,1,1,1,1,1,1
1035,1,1,1,1,1,1,1,1,1,1,1,1,1,1,1
1036,1,1,1,1,1,1,1,1,1,1,1,1,1,1,1
1037,,1,1,1,1,1,1,1,1,1,1,1,1,1,1
1038,1,1,1,1,1,1,1,1,1,1,1,1,1,1,1
1039,,,,,,,,,,,,,,,1
1040,1,1,0,0,0,0,0,0,0,0,0,0,0,0,
1044,1,1,1,1,1,1,1,1,1,1,1,1,1,1,1
1046,1,1,1,1,1,1,1,1,1,1,1,1,0,0,
1048,1,1,1,1,1,1,1,1,1,1,1,1,1,1,1
1049,1,1,1,1,1,1,1,1,1,1,1,1,1,1,1
1050,1,1,1,1,1,1,1,1,1,1,1,1,0,0,
1051,,,,,,,,,,,,,,,1
1053,,,,,,,,,,,,,,,0
1054,1,1,1,1,1,1,1,1,,,,,,,
1056,1,1,1,1,1,1,1,1,1,1,1,1,1,1,1
1057,1,1,1,1,1,1,1,1,1,1,1,1,1,1,1
1058,1,1,1,1,1,1,1,1,1,1,1,1,1,1,
1059,1,1,1,1,1,1,1,1,1,1,1,1,0,0,
1062,1,1,1,1,1,1,1,1,1,1,1,1,1,1,1
1063,,,,,,,,,,,,,,,1
1065,1,1,0,0,0,0,0,0,0,,0,0,0,0,0
1067,1,1,1,1,1,1,1,1,1,1,1,1,0,0,
1068,,,1,1,1,1,1,1,1,1,1,1,1,1,1
1069,,,,,,,,,,,,,,,
1073,1,1,1,1,1,1,1,1,1,1,1,1,1,1,1
1074,1,,,,,,,,,,,,,,1
1075,,,,,,,,,,,,,,,
1076,,,1,1,1,1,1,1,1,1,1,1,1,1,
1077,,,1,1,1,1,1,1,1,1,1,1,1,1,
1081,1,1,1,0,1,1,1,1,1,1,1,1,0,0,1
1082,1,1,0,0,0,0,0,0,0,0,0,0,0,0,
1086,1,1,1,1,1,1,1,1,1,1,1,1,1,1,
1087,1,1,1,1,1,1,1,1,1,1,1,1,1,1,1
1094,1,1,0,0,1,0,0,0,0,0,0,0,0,0,0
1096,1,1,1,1,1,1,1,1,1,1,1,1,1,1,1
1097,1,1,1,1,1,1,1,1,1,1,1,1,1,1,1
1098,,1,0,1,0,0,0,0,0,0,0,0,0,0,
1099,1,1,1,1,1,1,1,1,1,1,1,1,1,1,
1100,1,1,0,0,0,0,0,0,0,0,0,0,0,0,0
1101,1,1,1,1,1,1,1,1,1,1,1,1,1,1,1
1102,1,1,0,1,0,0,0,0,0,0,0,0,0,0,
1103,,,1,1,1,1,1,1,1,1,1,1,1,1,1
1104,1,1,0,0,0,0,0,0,0,0,0,0,0,0,0
1105,1,1,1,1,1,1,1,1,1,1,1,1,1,1,1
1106,1,1,1,0,0,1,1,1,1,1,0,0,0,0,
1107,1,1,1,1,1,1,1,1,1,1,1,1,1,1,
1108,1,1,1,1,1,1,1,1,1,1,1,1,0,0,
1109,1,1,0,0,0,0,0,0,0,,,,0,0,0
1110,1,1,1,1,1,1,1,1,1,1,1,1,1,1,1
1111,1,1,0,0,0,0,0,0,0,0,0,0,0,0,
1112,1,1,1,1,1,1,1,1,1,1,1,1,1,1,
1113,1,1,0,0,0,0,0,0,0,0,,,0,0,0
1114,1,1,1,1,1,1,1,1,1,1,1,1,1,1,1
1115,1,1,1,1,1,1,1,1,1,1,1,1,1,1,
1116,1,1,1,1,1,1,1,1,1,1,1,1,1,1,1
1117,1,1,1,1,1,1,1,1,1,1,1,1,1,1,1
1118,1,1,1,1,1,1,1,1,1,1,1,1,1,1,1
1119,1,1,1,1,1,1,1,1,,1,1,,0,,
1120,1,1,1,1,1,1,1,1,1,1,1,1,0,0,
1121,1,1,0,0,0,0,0,0,0,0,0,,0,0,0
1122,1,1,1,1,1,1,1,1,1,1,1,1,1,1,1
1123,1,1,0,0,0,0,0,0,0,0,0,0,0,0,0
1124,1,1,1,1,1,1,1,1,1,1,1,1,1,1,
1125,1,1,1,1,1,1,1,1,1,1,1,1,1,1,1
1126,1,1,0,0,0,0,0,0,0,0,0,0,0,0,
1127,1,1,1,1,1,1,1,1,1,1,1,1,1,1,1
1128,1,1,1,1,1,1,1,1,1,1,1,1,1,1,1
1129,1,1,1,1,1,1,1,1,1,1,1,1,1,1,1
1131,,1,,,0,0,,1,0,0,0,,0,0,
1132,1,1,0,0,,1,1,1,1,1,1,1,0,0,
1133,,1,0,0,0,0,0,0,0,0,0,0,0,0,0
1135,1,1,0,0,0,0,0,0,0,0,0,0,0,0,
1136,1,1,,1,0,1,1,1,1,1,1,1,0,0,
1137,1,1,1,1,1,1,1,1,1,1,1,1,1,1,
1138,1,1,0,0,0,0,0,1,0,0,0,0,0,0,
1139,1,1,0,0,0,0,0,0,0,0,0,0,0,0,
1140,1,1,0,0,0,0,0,0,0,0,0,0,0,0,
1141,,,,,,,,,,,,,,,1
1142,1,1,1,1,1,1,1,1,1,1,1,1,1,1,1
1143,1,1,0,0,0,0,1,0,1,0,0,0,0,0,0
1144,1,1,0,0,0,0,0,0,0,0,0,0,0,0,
1145,,,,,,,,,,,,,,,1
1146,1,1,0,0,0,0,0,0,0,0,0,0,0,0,0
1147,,1,1,1,1,1,1,1,1,1,1,1,1,1,1
1148,,,1,1,1,1,1,1,1,1,1,1,1,1,1
1149,1,1,1,1,1,1,1,1,1,1,1,1,0,0,
1150,1,1,0,0,0,0,0,0,0,0,0,0,0,0,
1151,1,1,1,1,1,1,1,1,1,1,1,1,1,1,
1152,,,,,,,,,,,,,,,1
1153,1,1,1,1,1,1,1,1,1,1,1,1,1,1,1
1154,1,1,0,0,0,0,0,0,0,0,0,0,0,0,
1155,1,1,1,1,1,1,1,1,1,1,1,1,,1,1
1156,1,1,1,1,1,1,1,1,1,1,1,1,1,1,1
1157,,,,,,,,,,,,,,,
1158,,1,0,0,0,0,0,0,0,0,0,0,0,0,
1159,1,1,1,1,1,1,1,1,1,1,1,1,1,1,1
1160,1,1,1,1,1,1,1,1,1,1,1,1,1,1,1
1161,1,1,1,1,1,1,1,1,1,1,1,1,1,1,1
1162,1,1,1,1,1,1,1,1,1,1,1,1,1,1,1
1163,1,1,0,1,1,1,1,1,1,1,1,1,0,0,
1164,1,1,1,1,1,1,1,1,1,1,1,1,1,1,
1165,1,1,0,0,0,0,0,0,0,0,0,0,0,0,0
1166,1,1,1,0,1,1,1,0,1,1,1,1,1,1,1
1167,1,1,1,1,1,1,1,1,1,1,1,1,1,1,1
1168,1,1,1,1,1,1,1,1,1,1,1,1,1,1,1
1169,1,1,1,1,1,1,1,1,1,1,1,1,1,1,1
1170,1,1,0,0,0,0,0,0,0,0,0,0,0,0,0
1171,,,1,1,1,1,1,1,1,1,1,1,1,1,1
1172,1,1,0,0,0,0,0,0,0,0,0,0,0,0,0
1173,1,1,1,1,1,1,1,1,1,1,1,1,1,1,1
1174,,1,0,0,0,0,0,0,0,0,0,0,0,0,
1175,,,1,1,1,1,1,1,1,1,1,1,1,1,
1176,1,1,0,0,0,0,0,0,0,0,0,0,0,0,
1177,1,1,1,1,1,1,1,1,1,1,1,1,1,1,
1178,1,1,1,1,1,1,1,1,1,1,1,1,1,1,
1179,1,1,1,1,1,1,1,1,1,1,1,1,1,1,1
1180,1,1,1,1,1,1,1,1,1,1,1,1,1,1,1
1181,,,,,,,,,,,,,,,1
1182,1,1,1,1,1,1,1,1,1,1,1,1,1,1,1
1183,1,1,0,0,0,0,0,0,0,0,0,0,0,0,
