votacion_id,numero_boletin,Fecha,TipoVotacionProyectoLey,TramiteConstitucional,Articulo
20627,11092-07,2023-05-08 19:05:22,General,Segundo Trámite,
20628,11092-07,2023-05-08 19:06:49,General,Segundo Trámite,"Letra h) del artículo 3°, contenido en el numeral 5; el inciso final del artículo 14 bis, contenido en el numeral 7;  la letra d) del inciso primero del artículo 24 y los incisos tercero y final del artículo 25, contenidos en el numeral 10; el artículo 30 sexies, el artículo 43, el inciso sexto del artículo 44, el inciso primero del artículo 45, el artículo 46, el inciso octavo del artículo 50, el artículo 55 (que pasó a ser 54) y el artículo 56 (que pasó a ser 55), contenidos en el numeral 12, todos del artículo primero del proyecto de ley."
20629,11092-07,2023-05-08 19:08:21,Particular,Segundo Trámite,"Encabezado del artículo 14 ter, contenido en el numeral 7) del artículo primero del proyecto, en los términos sugeridos por la Comisión de Constitución.
"
20630,11092-07,2023-05-08 19:09:23,Particular,Segundo Trámite,"Letra L) del artículo 14 ter, contenido en el numeral 7) del artículo primero del proyecto, en los términos sugeridos por la Comisión de Constitución.
"
20631,11092-07,2023-05-08 19:10:13,Particular,Segundo Trámite,"Artículo 30, contenido en el numeral 12) del artículo primero del proyecto, en los términos sugeridos por la Comisión de Constitución. 
"
20632,11092-07,2023-05-08 19:11:06,Particular,Segundo Trámite,"Artículo 30 bis, contenido en el numeral 12) del artículo primero del proyecto, en los términos sugeridos por la Comisión de Constitución. 
"
20633,11092-07,2023-05-08 19:11:56,Particular,Segundo Trámite,"Artículo 30 ter, contenido en el numeral 12) del artículo primero del proyecto, en los términos sugeridos por la Comisión de Constitución."
20634,11092-07,2023-05-08 19:12:58,Particular,Segundo Trámite,"Artículo 30 quáter, contenido en el numeral 12) del artículo primero del proyecto, en los términos sugeridos por la Comisión de Constitución. 
"
20635,11092-07,2023-05-08 19:13:51,Particular,Segundo Trámite,"Artículo 30 octies, contenido en el numeral 12) del artículo primero del proyecto, en los términos sugeridos por la Comisión de Constitución.
"
20636,11092-07,2023-05-08 19:15:04,Particular,Segundo Trámite,"Artículo 30 nonies, contenido en el numeral 12) del artículo primero del proyecto, en los términos sugeridos por la Comisión de Constitución."
20637,11092-07,2023-05-08 19:15:59,Particular,Segundo Trámite,"Artículo 31, contenido en el numeral 12) del artículo primero del proyecto, en los términos sugeridos por la Comisión de Constitución.
"
21217,11092-07,2023-05-08 19:16:53,Particular,Segundo Trámite,"Artículo 32, contenido en el numeral 12) del artículo primero del proyecto, en los términos sugeridos por la Comisión de Constitución.
"
21218,11092-07,2023-05-08 19:17:43,Particular,Segundo Trámite,"Letra b) del artículo 35, contenido en el numeral 12) del artículo primero del proyecto, en los términos sugeridos por la Comisión de Constitución."
21219,11092-07,2023-05-08 19:18:45,Particular,Segundo Trámite,"Letra c) del artículo 35, contenido en el numeral 12) del artículo primero del proyecto, en los términos sugeridos por la Comisión de Constitución. "
42724,11092-07,2024-08-26 19:03:25,Única,Comisión Mixta,"Proposición de la Comisión Mixta recaída en el proyecto de ley, originado en moción y mensaje, que “Regula la protección y el tratamiento de los datos personales y crea la Agencia de Protección de Datos Personales.”.

[Cabe hacer presente que por no alcanzar el quórum constitucional no se aprueba el artículo 55 propuesto por la Comisión]
"
