diputado_id,n_votos_observados,n_votaciones_informativas,cobertura_corpus,razon_exclusion
872,1,13,0.07692307692307693,COBERTURA_INSUFICIENTE
989,1,13,0.07692307692307693,COBERTURA_INSUFICIENTE
1015,1,13,0.07692307692307693,COBERTURA_INSUFICIENTE
1027,1,13,0.07692307692307693,COBERTURA_INSUFICIENTE
1039,1,13,0.07692307692307693,COBERTURA_INSUFICIENTE
1051,1,13,0.07692307692307693,COBERTURA_INSUFICIENTE
1053,1,13,0.07692307692307693,COBERTURA_INSUFICIENTE
1063,1,13,0.07692307692307693,COBERTURA_INSUFICIENTE
1069,1,13,0.07692307692307693,COBERTURA_INSUFICIENTE
1074,1,13,0.07692307692307693,COBERTURA_INSUFICIENTE
1075,1,13,0.07692307692307693,COBERTURA_INSUFICIENTE
1141,1,13,0.07692307692307693,COBERTURA_INSUFICIENTE
1145,1,13,0.07692307692307693,COBERTURA_INSUFICIENTE
1152,1,13,0.07692307692307693,COBERTURA_INSUFICIENTE
1157,1,13,0.07692307692307693,COBERTURA_INSUFICIENTE
1181,1,13,0.07692307692307693,COBERTURA_INSUFICIENTE
