partido_a,partido_b,hamming,n_comparaciones,n_distintos,n_votaciones,estado
COMUNES,DC,0.0,48,0,12,DESCRIPTIVO_SIN_PADRON
COMUNES,EVOP,0.3333333333333333,24,8,12,DESCRIPTIVO_SIN_PADRON
COMUNES,FRVS,0.0,12,0,12,DESCRIPTIVO_SIN_PADRON
COMUNES,IND,0.27205882352941174,408,111,12,DESCRIPTIVO_SIN_PADRON
COMUNES,PAH,0.0,24,0,12,DESCRIPTIVO_SIN_PADRON
COMUNES,PC,0.0,132,0,12,DESCRIPTIVO_SIN_PADRON
COMUNES,PCS,0.0,84,0,12,DESCRIPTIVO_SIN_PADRON
COMUNES,PDG,0.3333333333333333,36,12,12,DESCRIPTIVO_SIN_PADRON
COMUNES,PEV,0.0,12,0,12,DESCRIPTIVO_SIN_PADRON
COMUNES,PL,0.0,24,0,12,DESCRIPTIVO_SIN_PADRON
COMUNES,PPD,0.0,36,0,12,DESCRIPTIVO_SIN_PADRON
COMUNES,PR,0.0,24,0,12,DESCRIPTIVO_SIN_PADRON
COMUNES,PREP,1.0,108,108,12,DESCRIPTIVO_SIN_PADRON
COMUNES,PRI,1.0,12,12,12,DESCRIPTIVO_SIN_PADRON
COMUNES,PS,0.0,144,0,12,DESCRIPTIVO_SIN_PADRON
COMUNES,PSC,0.3333333333333333,12,4,12,DESCRIPTIVO_SIN_PADRON
COMUNES,RD,0.0,48,0,12,DESCRIPTIVO_SIN_PADRON
COMUNES,RN,0.4411764705882353,204,90,12,DESCRIPTIVO_SIN_PADRON
COMUNES,UDI,0.9768518518518519,216,211,12,DESCRIPTIVO_SIN_PADRON
DC,DC,0.0,90,0,15,DESCRIPTIVO_SIN_PADRON
DC,DEM,0.0,12,0,1,DESCRIPTIVO_SIN_PADRON
DC,EVOP,0.3,120,36,15,DESCRIPTIVO_SIN_PADRON
DC,FA,0.0,52,0,1,DESCRIPTIVO_SIN_PADRON
DC,FRVS,0.0,64,0,15,DESCRIPTIVO_SIN_PADRON
DC,IND,0.2544731610337972,2012,512,15,DESCRIPTIVO_SIN_PADRON
DC,PAH,0.0,120,0,15,DESCRIPTIVO_SIN_PADRON
DC,PC,0.0,656,0,15,DESCRIPTIVO_SIN_PADRON
DC,PCS,0.0,372,0,14,DESCRIPTIVO_SIN_PADRON
DC,PDG,0.3023255813953488,172,52,15,DESCRIPTIVO_SIN_PADRON
DC,PEV,0.0,56,0,14,DESCRIPTIVO_SIN_PADRON
DC,PH,0.0,4,0,1,DESCRIPTIVO_SIN_PADRON
DC,PL,0.0,124,0,15,DESCRIPTIVO_SIN_PADRON
DC,PPD,0.0,164,0,15,DESCRIPTIVO_SIN_PADRON
DC,PR,0.0,108,0,15,DESCRIPTIVO_SIN_PADRON
DC,PREP,0.8702290076335878,524,456,15,DESCRIPTIVO_SIN_PADRON
DC,PRI,0.8666666666666667,60,52,15,DESCRIPTIVO_SIN_PADRON
DC,PS,0.0,696,0,15,DESCRIPTIVO_SIN_PADRON
DC,PSC,0.375,64,24,15,DESCRIPTIVO_SIN_PADRON
DC,RD,0.0,228,0,15,DESCRIPTIVO_SIN_PADRON
DC,RN,0.4103585657370518,1004,412,15,DESCRIPTIVO_SIN_PADRON
DC,UDI,0.8507462686567164,1072,912,15,DESCRIPTIVO_SIN_PADRON
DEM,DEM,0.0,3,0,1,DESCRIPTIVO_SIN_PADRON
DEM,EVOP,0.5,6,3,1,DESCRIPTIVO_SIN_PADRON
DEM,FA,0.0,39,0,1,DESCRIPTIVO_SIN_PADRON
DEM,FRVS,0.0,6,0,1,DESCRIPTIVO_SIN_PADRON
DEM,IND,0.5483870967741935,93,51,1,DESCRIPTIVO_SIN_PADRON
DEM,PAH,0.0,6,0,1,DESCRIPTIVO_SIN_PADRON
DEM,PC,0.0,27,0,1,DESCRIPTIVO_SIN_PADRON
DEM,PDG,1.0,3,3,1,DESCRIPTIVO_SIN_PADRON
DEM,PH,0.0,3,0,1,DESCRIPTIVO_SIN_PADRON
DEM,PL,0.0,9,0,1,DESCRIPTIVO_SIN_PADRON
DEM,PPD,0.0,6,0,1,DESCRIPTIVO_SIN_PADRON
DEM,PR,0.0,3,0,1,DESCRIPTIVO_SIN_PADRON
DEM,PREP,1.0,18,18,1,DESCRIPTIVO_SIN_PADRON
DEM,PRI,1.0,3,3,1,DESCRIPTIVO_SIN_PADRON
DEM,PS,0.0,24,0,1,DESCRIPTIVO_SIN_PADRON
DEM,PSC,1.0,6,6,1,DESCRIPTIVO_SIN_PADRON
DEM,RD,0.0,3,0,1,DESCRIPTIVO_SIN_PADRON
DEM,RN,0.9285714285714286,42,39,1,DESCRIPTIVO_SIN_PADRON
DEM,UDI,1.0,51,51,1,DESCRIPTIVO_SIN_PADRON
EVOP,EVOP,0.2,15,3,15,DESCRIPTIVO_SIN_PADRON
EVOP,FA,0.5,26,13,1,DESCRIPTIVO_SIN_PADRON
EVOP,FRVS,0.3125,32,10,15,DESCRIPTIVO_SIN_PADRON
EVOP,IND,0.37773359840954274,1006,380,15,DESCRIPTIVO_SIN_PADRON
EVOP,PAH,0.3,60,18,15,DESCRIPTIVO_SIN_PADRON
EVOP,PC,0.29573170731707316,328,97,15,DESCRIPTIVO_SIN_PADRON
EVOP,PCS,0.3010752688172043,186,56,14,DESCRIPTIVO_SIN_PADRON
EVOP,PDG,0.4186046511627907,86,36,15,DESCRIPTIVO_SIN_PADRON
EVOP,PEV,0.2857142857142857,28,8,14,DESCRIPTIVO_SIN_PADRON
EVOP,PH,0.5,2,1,1,DESCRIPTIVO_SIN_PADRON
EVOP,PL,0.3064516129032258,62,19,15,DESCRIPTIVO_SIN_PADRON
EVOP,PPD,0.3170731707317073,82,26,15,DESCRIPTIVO_SIN_PADRON
EVOP,PR,0.3148148148148148,54,17,15,DESCRIPTIVO_SIN_PADRON
EVOP,PREP,0.6297709923664122,262,165,15,DESCRIPTIVO_SIN_PADRON
EVOP,PRI,0.6,30,18,15,DESCRIPTIVO_SIN_PADRON
EVOP,PS,0.2988505747126437,348,104,15,DESCRIPTIVO_SIN_PADRON
EVOP,PSC,0.375,32,12,15,DESCRIPTIVO_SIN_PADRON
EVOP,RD,0.2894736842105263,114,33,15,DESCRIPTIVO_SIN_PADRON
EVOP,RN,0.31673306772908366,502,159,15,DESCRIPTIVO_SIN_PADRON
EVOP,UDI,0.6082089552238806,536,326,15,DESCRIPTIVO_SIN_PADRON
FA,FA,0.0,78,0,1,DESCRIPTIVO_SIN_PADRON
FA,FRVS,0.0,26,0,1,DESCRIPTIVO_SIN_PADRON
FA,IND,0.5483870967741935,403,221,1,DESCRIPTIVO_SIN_PADRON
FA,PAH,0.0,26,0,1,DESCRIPTIVO_SIN_PADRON
FA,PC,0.0,117,0,1,DESCRIPTIVO_SIN_PADRON
FA,PDG,1.0,13,13,1,DESCRIPTIVO_SIN_PADRON
FA,PH,0.0,13,0,1,DESCRIPTIVO_SIN_PADRON
FA,PL,0.0,39,0,1,DESCRIPTIVO_SIN_PADRON
FA,PPD,0.0,26,0,1,DESCRIPTIVO_SIN_PADRON
FA,PR,0.0,13,0,1,DESCRIPTIVO_SIN_PADRON
FA,PREP,1.0,78,78,1,DESCRIPTIVO_SIN_PADRON
FA,PRI,1.0,13,13,1,DESCRIPTIVO_SIN_PADRON
FA,PS,0.0,104,0,1,DESCRIPTIVO_SIN_PADRON
FA,PSC,1.0,26,26,1,DESCRIPTIVO_SIN_PADRON
FA,RD,0.0,13,0,1,DESCRIPTIVO_SIN_PADRON
FA,RN,0.9285714285714286,182,169,1,DESCRIPTIVO_SIN_PADRON
FA,UDI,1.0,221,221,1,DESCRIPTIVO_SIN_PADRON
FRVS,FRVS,0.0,1,0,1,DESCRIPTIVO_SIN_PADRON
FRVS,IND,0.27153558052434457,534,145,15,DESCRIPTIVO_SIN_PADRON
FRVS,PAH,0.0,32,0,15,DESCRIPTIVO_SIN_PADRON
FRVS,PC,0.0,173,0,15,DESCRIPTIVO_SIN_PADRON
FRVS,PCS,0.0,93,0,14,DESCRIPTIVO_SIN_PADRON
FRVS,PDG,0.3181818181818182,44,14,15,DESCRIPTIVO_SIN_PADRON
FRVS,PEV,0.0,14,0,14,DESCRIPTIVO_SIN_PADRON
FRVS,PH,0.0,2,0,1,DESCRIPTIVO_SIN_PADRON
FRVS,PL,0.0,34,0,15,DESCRIPTIVO_SIN_PADRON
FRVS,PPD,0.0,43,0,15,DESCRIPTIVO_SIN_PADRON
FRVS,PR,0.0,28,0,15,DESCRIPTIVO_SIN_PADRON
FRVS,PREP,0.8759124087591241,137,120,15,DESCRIPTIVO_SIN_PADRON
FRVS,PRI,0.875,16,14,15,DESCRIPTIVO_SIN_PADRON
FRVS,PS,0.0,182,0,15,DESCRIPTIVO_SIN_PADRON
FRVS,PSC,0.4444444444444444,18,8,15,DESCRIPTIVO_SIN_PADRON
FRVS,RD,0.0,58,0,15,DESCRIPTIVO_SIN_PADRON
FRVS,RN,0.4377358490566038,265,116,15,DESCRIPTIVO_SIN_PADRON
FRVS,UDI,0.8596491228070176,285,245,15,DESCRIPTIVO_SIN_PADRON
IND,IND,0.3769230769230769,8190,3087,15,DESCRIPTIVO_SIN_PADRON
IND,PAH,0.2544731610337972,1006,256,15,DESCRIPTIVO_SIN_PADRON
IND,PC,0.24972737186477645,5502,1374,15,DESCRIPTIVO_SIN_PADRON
IND,PCS,0.24705882352941178,3145,777,14,DESCRIPTIVO_SIN_PADRON
IND,PDG,0.37871458189357293,1447,548,15,DESCRIPTIVO_SIN_PADRON
IND,PEV,0.23516949152542374,472,111,14,DESCRIPTIVO_SIN_PADRON
IND,PH,0.5483870967741935,31,17,1,DESCRIPTIVO_SIN_PADRON
IND,PL,0.26325940212150434,1037,273,15,DESCRIPTIVO_SIN_PADRON
IND,PPD,0.2653651482284888,1383,367,15,DESCRIPTIVO_SIN_PADRON
IND,PR,0.2623490669593853,911,239,15,DESCRIPTIVO_SIN_PADRON
IND,PREP,0.6568248921190097,4403,2892,15,DESCRIPTIVO_SIN_PADRON
IND,PRI,0.6421471172962226,503,323,15,DESCRIPTIVO_SIN_PADRON
IND,PS,0.25102599179206564,5848,1468,15,DESCRIPTIVO_SIN_PADRON
IND,PSC,0.4288389513108614,534,229,15,DESCRIPTIVO_SIN_PADRON
IND,RD,0.24022928608650337,1919,461,15,DESCRIPTIVO_SIN_PADRON
IND,RN,0.4261302954788181,8427,3591,15,DESCRIPTIVO_SIN_PADRON
IND,UDI,0.6483540925266904,8992,5830,15,DESCRIPTIVO_SIN_PADRON
PAH,PAH,0.0,15,0,15,DESCRIPTIVO_SIN_PADRON
PAH,PC,0.0,328,0,15,DESCRIPTIVO_SIN_PADRON
PAH,PCS,0.0,186,0,14,DESCRIPTIVO_SIN_PADRON
PAH,PDG,0.3023255813953488,86,26,15,DESCRIPTIVO_SIN_PADRON
PAH,PEV,0.0,28,0,14,DESCRIPTIVO_SIN_PADRON
PAH,PH,0.0,2,0,1,DESCRIPTIVO_SIN_PADRON
PAH,PL,0.0,62,0,15,DESCRIPTIVO_SIN_PADRON
PAH,PPD,0.0,82,0,15,DESCRIPTIVO_SIN_PADRON
PAH,PR,0.0,54,0,15,DESCRIPTIVO_SIN_PADRON
PAH,PREP,0.8702290076335878,262,228,15,DESCRIPTIVO_SIN_PADRON
PAH,PRI,0.8666666666666667,30,26,15,DESCRIPTIVO_SIN_PADRON
PAH,PS,0.0,348,0,15,DESCRIPTIVO_SIN_PADRON
PAH,PSC,0.375,32,12,15,DESCRIPTIVO_SIN_PADRON
PAH,RD,0.0,114,0,15,DESCRIPTIVO_SIN_PADRON
PAH,RN,0.4103585657370518,502,206,15,DESCRIPTIVO_SIN_PADRON
PAH,UDI,0.8507462686567164,536,456,15,DESCRIPTIVO_SIN_PADRON
PC,PC,0.0,817,0,15,DESCRIPTIVO_SIN_PADRON
PC,PCS,0.0,1027,0,14,DESCRIPTIVO_SIN_PADRON
PC,PDG,0.2974683544303797,474,141,15,DESCRIPTIVO_SIN_PADRON
PC,PEV,0.0,155,0,14,DESCRIPTIVO_SIN_PADRON
PC,PH,0.0,9,0,1,DESCRIPTIVO_SIN_PADRON
PC,PL,0.0,337,0,15,DESCRIPTIVO_SIN_PADRON
PC,PPD,0.0,448,0,15,DESCRIPTIVO_SIN_PADRON
PC,PR,0.0,296,0,15,DESCRIPTIVO_SIN_PADRON
PC,PREP,0.8643006263048016,1437,1242,15,DESCRIPTIVO_SIN_PADRON
PC,PRI,0.8597560975609756,164,141,15,DESCRIPTIVO_SIN_PADRON
PC,PS,0.0,1909,0,15,DESCRIPTIVO_SIN_PADRON
PC,PSC,0.3583815028901734,173,62,15,DESCRIPTIVO_SIN_PADRON
PC,RD,0.0,629,0,15,DESCRIPTIVO_SIN_PADRON
PC,RN,0.4026918879592579,2749,1107,15,DESCRIPTIVO_SIN_PADRON
PC,UDI,0.8440805185943364,2931,2474,15,DESCRIPTIVO_SIN_PADRON
PCS,PCS,0.0,268,0,14,DESCRIPTIVO_SIN_PADRON
PCS,PDG,0.3010752688172043,279,84,14,DESCRIPTIVO_SIN_PADRON
PCS,PEV,0.0,93,0,14,DESCRIPTIVO_SIN_PADRON
PCS,PL,0.0,186,0,14,DESCRIPTIVO_SIN_PADRON
PCS,PPD,0.0,266,0,14,DESCRIPTIVO_SIN_PADRON
PCS,PR,0.0,177,0,14,DESCRIPTIVO_SIN_PADRON
PCS,PREP,0.907563025210084,833,756,14,DESCRIPTIVO_SIN_PADRON
PCS,PRI,0.9032258064516129,93,84,14,DESCRIPTIVO_SIN_PADRON
PCS,PS,0.0,1107,0,14,DESCRIPTIVO_SIN_PADRON
PCS,PSC,0.3010752688172043,93,28,14,DESCRIPTIVO_SIN_PADRON
PCS,RD,0.0,372,0,14,DESCRIPTIVO_SIN_PADRON
PCS,RN,0.39949270767279643,1577,630,14,DESCRIPTIVO_SIN_PADRON
PCS,UDI,0.884431137724551,1670,1477,14,DESCRIPTIVO_SIN_PADRON
PDG,PDG,0.5476190476190477,42,23,14,DESCRIPTIVO_SIN_PADRON
PDG,PEV,0.2857142857142857,42,12,14,DESCRIPTIVO_SIN_PADRON
PDG,PH,1.0,1,1,1,DESCRIPTIVO_SIN_PADRON
PDG,PL,0.3103448275862069,87,27,15,DESCRIPTIVO_SIN_PADRON
PDG,PPD,0.31932773109243695,119,38,15,DESCRIPTIVO_SIN_PADRON
PDG,PR,0.31645569620253167,79,25,15,DESCRIPTIVO_SIN_PADRON
PDG,PREP,0.6062992125984252,381,231,15,DESCRIPTIVO_SIN_PADRON
PDG,PRI,0.5813953488372093,43,25,15,DESCRIPTIVO_SIN_PADRON
PDG,PS,0.30039525691699603,506,152,15,DESCRIPTIVO_SIN_PADRON
PDG,PSC,0.4090909090909091,44,18,15,DESCRIPTIVO_SIN_PADRON
PDG,RD,0.28994082840236685,169,49,15,DESCRIPTIVO_SIN_PADRON
PDG,RN,0.41517241379310343,725,301,15,DESCRIPTIVO_SIN_PADRON
PDG,UDI,0.6,770,462,15,DESCRIPTIVO_SIN_PADRON
PEV,PL,0.0,28,0,14,DESCRIPTIVO_SIN_PADRON
PEV,PPD,0.0,39,0,14,DESCRIPTIVO_SIN_PADRON
PEV,PR,0.0,26,0,14,DESCRIPTIVO_SIN_PADRON
PEV,PREP,0.864,125,108,14,DESCRIPTIVO_SIN_PADRON
PEV,PRI,0.8571428571428571,14,12,14,DESCRIPTIVO_SIN_PADRON
PEV,PS,0.0,166,0,14,DESCRIPTIVO_SIN_PADRON
PEV,PSC,0.2857142857142857,14,4,14,DESCRIPTIVO_SIN_PADRON
PEV,RD,0.0,56,0,14,DESCRIPTIVO_SIN_PADRON
PEV,RN,0.379746835443038,237,90,14,DESCRIPTIVO_SIN_PADRON
PEV,UDI,0.8406374501992032,251,211,14,DESCRIPTIVO_SIN_PADRON
PH,PL,0.0,3,0,1,DESCRIPTIVO_SIN_PADRON
PH,PPD,0.0,2,0,1,DESCRIPTIVO_SIN_PADRON
PH,PR,0.0,1,0,1,DESCRIPTIVO_SIN_PADRON
PH,PREP,1.0,6,6,1,DESCRIPTIVO_SIN_PADRON
PH,PRI,1.0,1,1,1,DESCRIPTIVO_SIN_PADRON
PH,PS,0.0,8,0,1,DESCRIPTIVO_SIN_PADRON
PH,PSC,1.0,2,2,1,DESCRIPTIVO_SIN_PADRON
PH,RD,0.0,1,0,1,DESCRIPTIVO_SIN_PADRON
PH,RN,0.9285714285714286,14,13,1,DESCRIPTIVO_SIN_PADRON
PH,UDI,1.0,17,17,1,DESCRIPTIVO_SIN_PADRON
PL,PL,0.0,17,0,15,DESCRIPTIVO_SIN_PADRON
PL,PPD,0.0,84,0,15,DESCRIPTIVO_SIN_PADRON
PL,PR,0.0,55,0,15,DESCRIPTIVO_SIN_PADRON
PL,PREP,0.8731343283582089,268,234,15,DESCRIPTIVO_SIN_PADRON
PL,PRI,0.8709677419354839,31,27,15,DESCRIPTIVO_SIN_PADRON
PL,PS,0.0,356,0,15,DESCRIPTIVO_SIN_PADRON
PL,PSC,0.4117647058823529,34,14,15,DESCRIPTIVO_SIN_PADRON
PL,RD,0.0,115,0,15,DESCRIPTIVO_SIN_PADRON
PL,RN,0.42441860465116277,516,219,15,DESCRIPTIVO_SIN_PADRON
PL,UDI,0.8553345388788427,553,473,15,DESCRIPTIVO_SIN_PADRON
PPD,PPD,0.0,38,0,14,DESCRIPTIVO_SIN_PADRON
PPD,PR,0.0,77,0,15,DESCRIPTIVO_SIN_PADRON
PPD,PREP,0.9281767955801105,362,336,15,DESCRIPTIVO_SIN_PADRON
PPD,PRI,0.926829268292683,41,38,15,DESCRIPTIVO_SIN_PADRON
PPD,PS,0.0,481,0,15,DESCRIPTIVO_SIN_PADRON
PPD,PSC,0.37209302325581395,43,16,15,DESCRIPTIVO_SIN_PADRON
PPD,RD,0.0,158,0,15,DESCRIPTIVO_SIN_PADRON
PPD,RN,0.4289855072463768,690,296,15,DESCRIPTIVO_SIN_PADRON
PPD,UDI,0.9074829931972789,735,667,15,DESCRIPTIVO_SIN_PADRON
PR,PR,0.0,12,0,12,DESCRIPTIVO_SIN_PADRON
PR,PREP,0.9288702928870293,239,222,15,DESCRIPTIVO_SIN_PADRON
PR,PRI,0.9259259259259259,27,25,15,DESCRIPTIVO_SIN_PADRON
PR,PS,0.0,318,0,15,DESCRIPTIVO_SIN_PADRON
PR,PSC,0.35714285714285715,28,10,15,DESCRIPTIVO_SIN_PADRON
PR,RD,0.0,105,0,15,DESCRIPTIVO_SIN_PADRON
PR,RN,0.42417582417582417,455,193,15,DESCRIPTIVO_SIN_PADRON
PR,UDI,0.9070247933884298,484,439,15,DESCRIPTIVO_SIN_PADRON
PREP,PREP,0.0,511,0,15,DESCRIPTIVO_SIN_PADRON
PREP,PRI,0.04580152671755725,131,6,15,DESCRIPTIVO_SIN_PADRON
PREP,PS,0.8778576094056172,1531,1344,15,DESCRIPTIVO_SIN_PADRON
PREP,PSC,0.8102189781021898,137,111,15,DESCRIPTIVO_SIN_PADRON
PREP,RD,0.8656126482213439,506,438,15,DESCRIPTIVO_SIN_PADRON
PREP,RN,0.55474784189005,2201,1221,15,DESCRIPTIVO_SIN_PADRON
PREP,UDI,0.06399317406143344,2344,150,15,DESCRIPTIVO_SIN_PADRON
PRI,PS,0.8735632183908046,174,152,15,DESCRIPTIVO_SIN_PADRON
PRI,PSC,0.6875,16,11,15,DESCRIPTIVO_SIN_PADRON
PRI,RD,0.8596491228070176,57,49,15,DESCRIPTIVO_SIN_PADRON
PRI,RN,0.5139442231075697,251,129,15,DESCRIPTIVO_SIN_PADRON
PRI,UDI,0.08208955223880597,268,22,15,DESCRIPTIVO_SIN_PADRON
PS,PS,0.0,930,0,15,DESCRIPTIVO_SIN_PADRON
PS,PSC,0.3516483516483517,182,64,15,DESCRIPTIVO_SIN_PADRON
PS,RD,0.0,672,0,15,DESCRIPTIVO_SIN_PADRON
PS,RN,0.4050632911392405,2923,1184,15,DESCRIPTIVO_SIN_PADRON
PS,UDI,0.8570510761323482,3113,2668,15,DESCRIPTIVO_SIN_PADRON
PSC,PSC,0.0,1,0,1,DESCRIPTIVO_SIN_PADRON
PSC,RD,0.3103448275862069,58,18,15,DESCRIPTIVO_SIN_PADRON
PSC,RN,0.3660377358490566,265,97,15,DESCRIPTIVO_SIN_PADRON
PSC,UDI,0.7403508771929824,285,211,15,DESCRIPTIVO_SIN_PADRON
RD,RD,0.0,84,0,14,DESCRIPTIVO_SIN_PADRON
RD,RN,0.3877338877338877,962,373,15,DESCRIPTIVO_SIN_PADRON
RD,UDI,0.8432908912830558,1021,861,15,DESCRIPTIVO_SIN_PADRON
RN,RN,0.35169277412834765,1979,696,15,DESCRIPTIVO_SIN_PADRON
RN,UDI,0.5394385026737968,4488,2421,15,DESCRIPTIVO_SIN_PADRON
UDI,UDI,0.1167624944714728,2261,264,15,DESCRIPTIVO_SIN_PADRON
