diputado_id,PC1_original,d1,grupo_bcall,signo_alineacion,PC1_alineado
803,1.9232940546422808,-0.5297083960528485,L,-1,-1.9232940546422808
815,-4.625880042251671,1.360165437700363,R,-1,4.625880042251671
917,-4.840979909801426,1.4583643486979834,R,-1,4.840979909801426
948,2.138393922192036,-0.627907307050469,L,-1,-2.138393922192036
953,1.0515337236696587,-0.3173517523971064,L,-1,-1.0515337236696587
971,1.0515337236696587,-0.3173517523971064,L,-1,-1.0515337236696587
975,2.3534937897417905,-0.7261062180480896,L,-1,-2.3534937897417905
976,-4.840979909801426,1.4583643486979834,R,-1,4.840979909801426
991,2.3534937897417905,-0.7261062180480896,L,-1,-2.3534937897417905
999,1.266633591219413,-0.415550663394727,L,-1,-1.266633591219413
1003,-4.840979909801426,1.4583643486979834,R,-1,4.840979909801426
1009,-4.840979909801426,1.4583643486979834,R,-1,4.840979909801426
1012,2.3534937897417905,-0.7261062180480896,L,-1,-2.3534937897417905
1013,2.3534937897417905,-0.7261062180480896,L,-1,-2.3534937897417905
1016,2.3534937897417905,-0.7261062180480896,L,-1,-2.3534937897417905
1019,-0.0168220564491401,0.0312998764127105,L,-1,0.0168220564491401
1025,-4.840979909801426,1.4583643486979834,R,-1,4.840979909801426
1028,-2.9399358215577327,0.8542628083264965,R,-1,2.9399358215577327
1034,2.3534937897417905,-0.7261062180480896,L,-1,-2.3534937897417905
1035,2.3534937897417905,-0.7261062180480896,L,-1,-2.3534937897417905
1036,2.3534937897417905,-0.7261062180480896,L,-1,-2.3534937897417905
1037,2.3534937897417905,-0.7261062180480896,L,-1,-2.3534937897417905
1038,2.3534937897417905,-0.7261062180480896,L,-1,-2.3534937897417905
1044,2.3534937897417905,-0.7261062180480896,L,-1,-2.3534937897417905
1046,1.0515337236696587,-0.3173517523971064,L,-1,-1.0515337236696587
1048,2.3534937897417905,-0.7261062180480896,L,-1,-2.3534937897417905
1049,2.3534937897417905,-0.7261062180480896,L,-1,-2.3534937897417905
1054,0.465580325547265,-0.1350444706363885,L,-1,-0.465580325547265
1056,2.3534937897417905,-0.7261062180480896,L,-1,-2.3534937897417905
1057,2.3534937897417905,-0.7261062180480896,L,-1,-2.3534937897417905
1059,1.0515337236696587,-0.3173517523971064,L,-1,-1.0515337236696587
1062,2.3534937897417905,-0.7261062180480896,L,-1,-2.3534937897417905
1065,-4.556495778761317,1.374213695872898,R,-1,4.556495778761317
1067,1.0515337236696587,-0.3173517523971064,L,-1,-1.0515337236696587
1068,2.3534937897417905,-0.7261062180480896,L,-1,-2.3534937897417905
1073,2.3534937897417905,-0.7261062180480896,L,-1,-2.3534937897417905
1081,0.7092823082215971,-0.2468807286840408,L,-1,-0.7092823082215971
1087,2.3534937897417905,-0.7261062180480896,L,-1,-2.3534937897417905
1094,-4.266148143082215,1.2936733445380084,R,-1,4.266148143082215
1096,2.3534937897417905,-0.7261062180480896,L,-1,-2.3534937897417905
1097,2.3534937897417905,-0.7261062180480896,L,-1,-2.3534937897417905
1098,-4.068528759253856,1.1914955029896763,R,-1,4.068528759253856
1099,2.138393922192036,-0.627907307050469,L,-1,-2.138393922192036
1100,-4.840979909801426,1.4583643486979834,R,-1,4.840979909801426
1101,2.3534937897417905,-0.7261062180480896,L,-1,-2.3534937897417905
1103,2.3534937897417905,-0.7261062180480896,L,-1,-2.3534937897417905
1104,-4.840979909801426,1.4583643486979834,R,-1,4.840979909801426
1105,2.3534937897417905,-0.7261062180480896,L,-1,-2.3534937897417905
1106,-1.2067446678950722,0.3545766933480124,L,-1,1.2067446678950722
1108,1.0515337236696587,-0.3173517523971064,L,-1,-1.0515337236696587
1109,-3.9934481078374646,1.2049299424356692,R,-1,3.9934481078374646
1110,2.3534937897417905,-0.7261062180480896,L,-1,-2.3534937897417905
1111,-4.625880042251671,1.360165437700363,R,-1,4.625880042251671
1113,-4.277932238877575,1.2890805952607545,R,-1,4.277932238877575
1114,2.3534937897417905,-0.7261062180480896,L,-1,-2.3534937897417905
1116,2.3534937897417905,-0.7261062180480896,L,-1,-2.3534937897417905
1117,2.3534937897417905,-0.7261062180480896,L,-1,-2.3534937897417905
1118,2.3534937897417905,-0.7261062180480896,L,-1,-2.3534937897417905
1119,0.7670164069249841,-0.2252059467528054,L,-1,-0.7670164069249841
1120,1.0515337236696587,-0.3173517523971064,L,-1,-1.0515337236696587
1121,-4.56515137778665,1.3726690984578604,R,-1,4.56515137778665
1122,2.3534937897417905,-0.7261062180480896,L,-1,-2.3534937897417905
1123,-4.840979909801426,1.4583643486979834,R,-1,4.840979909801426
1125,2.3534937897417905,-0.7261062180480896,L,-1,-2.3534937897417905
1126,-4.625880042251671,1.360165437700363,R,-1,4.625880042251671
1127,2.3534937897417905,-0.7261062180480896,L,-1,-2.3534937897417905
1128,2.3534937897417905,-0.7261062180480896,L,-1,-2.3534937897417905
1129,2.3534937897417905,-0.7261062180480896,L,-1,-2.3534937897417905
1131,-2.939606748724399,0.8544237879872191,R,-1,2.939606748724399
1132,-0.3678137137578991,0.0997814348504204,L,-1,0.3678137137578991
1133,-4.840979909801426,1.4583643486979834,R,-1,4.840979909801426
1135,-4.625880042251671,1.360165437700363,R,-1,4.625880042251671
1136,0.1894118214153792,-0.0696018730087048,L,-1,-0.1894118214153792
1139,-4.625880042251671,1.360165437700363,R,-1,4.625880042251671
1140,-4.625880042251671,1.360165437700363,R,-1,4.625880042251671
1142,2.3534937897417905,-0.7261062180480896,L,-1,-2.3534937897417905
1143,-3.7170416230169634,1.1207166219267617,R,-1,3.7170416230169634
1144,-4.625880042251671,1.360165437700363,R,-1,4.625880042251671
1146,-4.840979909801426,1.4583643486979834,R,-1,4.840979909801426
1147,2.3534937897417905,-0.7261062180480896,L,-1,-2.3534937897417905
1148,2.3534937897417905,-0.7261062180480896,L,-1,-2.3534937897417905
1149,1.0515337236696587,-0.3173517523971064,L,-1,-1.0515337236696587
1153,2.3534937897417905,-0.7261062180480896,L,-1,-2.3534937897417905
1155,2.083226601170324,-0.6485285381423154,L,-1,-2.083226601170324
1156,2.3534937897417905,-0.7261062180480896,L,-1,-2.3534937897417905
1159,2.3534937897417905,-0.7261062180480896,L,-1,-2.3534937897417905
1160,2.3534937897417905,-0.7261062180480896,L,-1,-2.3534937897417905
1161,2.3534937897417905,-0.7261062180480896,L,-1,-2.3534937897417905
1162,2.3534937897417905,-0.7261062180480896,L,-1,-2.3534937897417905
1163,0.4769534525995225,-0.1512340019402532,L,-1,-0.4769534525995225
1165,-4.840979909801426,1.4583643486979834,R,-1,4.840979909801426
1166,1.231780970238065,-0.3894569370086783,L,-1,-1.231780970238065
1167,2.3534937897417905,-0.7261062180480896,L,-1,-2.3534937897417905
1168,2.3534937897417905,-0.7261062180480896,L,-1,-2.3534937897417905
1169,2.3534937897417905,-0.7261062180480896,L,-1,-2.3534937897417905
1170,-4.840979909801426,1.4583643486979834,R,-1,4.840979909801426
1171,2.3534937897417905,-0.7261062180480896,L,-1,-2.3534937897417905
1172,-4.840979909801426,1.4583643486979834,R,-1,4.840979909801426
1173,2.3534937897417905,-0.7261062180480896,L,-1,-2.3534937897417905
1174,-4.625880042251671,1.360165437700363,R,-1,4.625880042251671
1175,2.138393922192036,-0.627907307050469,L,-1,-2.138393922192036
1176,-4.625880042251671,1.360165437700363,R,-1,4.625880042251671
1178,2.138393922192036,-0.627907307050469,L,-1,-2.138393922192036
1179,2.3534937897417905,-0.7261062180480896,L,-1,-2.3534937897417905
1180,2.3534937897417905,-0.7261062180480896,L,-1,-2.3534937897417905
1182,2.3534937897417905,-0.7261062180480896,L,-1,-2.3534937897417905
1183,-4.625880042251671,1.360165437700363,R,-1,4.625880042251671
