votacion_id,PC1,PC2,diseno,escenario
20630,0.2904284134706307,-0.044999323628628025,universo_fijo,retiro_votacion:20629
20631,0.299949425865786,-0.06950861851965809,universo_fijo,retiro_votacion:20629
20632,0.306384569370394,-0.17859996252520433,universo_fijo,retiro_votacion:20629
20633,0.2921394269247744,-0.19766753030378323,universo_fijo,retiro_votacion:20629
20634,0.29412570728776577,-0.2129788475771538,universo_fijo,retiro_votacion:20629
20635,0.2944254614597756,-0.17436616201252803,universo_fijo,retiro_votacion:20629
20636,0.2970886632297405,-0.17610080347219598,universo_fijo,retiro_votacion:20629
20637,0.3006313340544476,-0.1439310134328835,universo_fijo,retiro_votacion:20629
21217,0.28858027533323316,-0.13432723050667875,universo_fijo,retiro_votacion:20629
21218,0.2824487671134477,0.6069673058233482,universo_fijo,retiro_votacion:20629
21219,0.285311566381355,0.5899109357553934,universo_fijo,retiro_votacion:20629
42724,0.22398437739022103,0.24542617785101764,universo_fijo,retiro_votacion:20629
20629,0.29851659814286646,-0.006387162413789826,universo_fijo,retiro_votacion:20630
20631,0.29888362616961683,-0.07280163885280837,universo_fijo,retiro_votacion:20630
20632,0.3059214838913872,-0.18347369723157364,universo_fijo,retiro_votacion:20630
20633,0.2917623129255916,-0.20231615096574315,universo_fijo,retiro_votacion:20630
20634,0.2924580902831698,-0.21480294987861864,universo_fijo,retiro_votacion:20630
20635,0.2940235665745321,-0.17984815429769313,universo_fijo,retiro_votacion:20630
20636,0.2966686295376758,-0.18138094322522214,universo_fijo,retiro_votacion:20630
20637,0.29888795130829926,-0.14784382601324142,universo_fijo,retiro_votacion:20630
21217,0.2869087802975663,-0.1378026832200056,universo_fijo,retiro_votacion:20630
21218,0.2821716086025315,0.6037819177815889,universo_fijo,retiro_votacion:20630
21219,0.2850219340327064,0.586938525494117,universo_fijo,retiro_votacion:20630
42724,0.22436660588346902,0.24245242261323158,universo_fijo,retiro_votacion:20630
20629,0.2998144923677701,-0.010089471167927412,universo_fijo,retiro_votacion:20631
20630,0.29067179378840446,-0.05083404776476455,universo_fijo,retiro_votacion:20631
20632,0.3059665248921103,-0.18491227796332563,universo_fijo,retiro_votacion:20631
20633,0.2924141145738305,-0.2055848112217769,universo_fijo,retiro_votacion:20631
20634,0.29471683867940884,-0.2214982786130731,universo_fijo,retiro_votacion:20631
20635,0.29434858731858665,-0.18238173103606875,universo_fijo,retiro_votacion:20631
20636,0.2966713138551858,-0.18282251139503963,universo_fijo,retiro_votacion:20631
20637,0.2988689038379684,-0.1483565734460232,universo_fijo,retiro_votacion:20631
21217,0.28749841149077004,-0.13996989318917197,universo_fijo,retiro_votacion:20631
21218,0.28326773757126894,0.6026322738732593,universo_fijo,retiro_votacion:20631
21219,0.2861409140218095,0.585785113134169,universo_fijo,retiro_votacion:20631
42724,0.22559140778481349,0.23915828007485757,universo_fijo,retiro_votacion:20631
20629,0.3004785541031001,-0.02243708990200088,universo_fijo,retiro_votacion:20632
20630,0.2919787833892732,-0.0705215953400183,universo_fijo,retiro_votacion:20632
20631,0.3001815826740268,-0.08860220277573116,universo_fijo,retiro_votacion:20632
20633,0.29170157920975154,-0.2170712190032568,universo_fijo,retiro_votacion:20632
20634,0.29399075458637636,-0.2350343400128565,universo_fijo,retiro_votacion:20632
20635,0.2936250439239006,-0.193070229429548,universo_fijo,retiro_votacion:20632
20636,0.2959546560600581,-0.19198639839111062,universo_fijo,retiro_votacion:20632
20637,0.29951116204889694,-0.16356909334694228,universo_fijo,retiro_votacion:20632
21217,0.2881233191632778,-0.15678573835912243,universo_fijo,retiro_votacion:20632
21218,0.2858476582559198,0.6015679317612991,universo_fijo,retiro_votacion:20632
21219,0.28874463923780713,0.5842681778317638,universo_fijo,retiro_votacion:20632
42724,0.2263239103205129,0.23576914404802007,universo_fijo,retiro_votacion:20632
20629,0.2990231583643465,-0.021390016907736908,universo_fijo,retiro_votacion:20633
20630,0.29056991776286056,-0.07099622499299425,universo_fijo,retiro_votacion:20633
20631,0.29942447609115863,-0.09508537047752057,universo_fijo,retiro_votacion:20633
20632,0.3045705966931513,-0.1992244005882588,universo_fijo,retiro_votacion:20633
20634,0.2923914782495058,-0.23338032603059736,universo_fijo,retiro_votacion:20633
20635,0.2913900926606782,-0.1853434716533242,universo_fijo,retiro_votacion:20633
20636,0.29533039501185,-0.19850795699950016,universo_fijo,retiro_votacion:20633
20637,0.2988028848965479,-0.17051194003689152,universo_fijo,retiro_votacion:20633
21217,0.28686543746885745,-0.15876794009351355,universo_fijo,retiro_votacion:20633
21218,0.2846730955618238,0.6034725075517274,universo_fijo,retiro_votacion:20633
21219,0.28757668668407316,0.5858589501967983,universo_fijo,retiro_votacion:20633
42724,0.22539063474639723,0.23633676882135124,universo_fijo,retiro_votacion:20633
20629,0.2989760266750352,-0.020136812345312883,universo_fijo,retiro_votacion:20634
20630,0.2892035262159196,-0.055749447756953535,universo_fijo,retiro_votacion:20634
20631,0.29968816620170324,-0.09837694202121684,universo_fijo,retiro_votacion:20634
20632,0.3048060965796219,-0.20315772015904426,universo_fijo,retiro_votacion:20634
20633,0.29034758473838895,-0.21895899838841007,universo_fijo,retiro_votacion:20634
20635,0.2928954039455372,-0.20117804298841313,universo_fijo,retiro_votacion:20634
20636,0.2955518333716021,-0.20277423042534376,universo_fijo,retiro_votacion:20634
20637,0.2990456724399684,-0.17447734548070637,universo_fijo,retiro_votacion:20634
21217,0.28675337316724925,-0.15908834101147623,universo_fijo,retiro_votacion:20634
21218,0.2852485539423598,0.6015123858553295,universo_fijo,retiro_votacion:20634
21219,0.2881337570968289,0.5841913700214898,universo_fijo,retiro_votacion:20634
42724,0.2253241395556197,0.2390695252943606,universo_fijo,retiro_votacion:20634
20629,0.29963043608106293,-0.023025676705241225,universo_fijo,retiro_votacion:20635
20630,0.29117815868827457,-0.07148095716601258,universo_fijo,retiro_votacion:20635
20631,0.2996899535985184,-0.09186034408917453,universo_fijo,retiro_votacion:20635
20632,0.30481097419137265,-0.1957016820906465,universo_fijo,retiro_votacion:20635
20633,0.28970795387919274,-0.20717569002989292,universo_fijo,retiro_votacion:20635
20634,0.29326287635153625,-0.23492430565207648,universo_fijo,retiro_votacion:20635
20636,0.29522987664543954,-0.19209281136891945,universo_fijo,retiro_votacion:20635
20637,0.29872417013963126,-0.1636681126429935,universo_fijo,retiro_votacion:20635
21217,0.28675692045313206,-0.15225426728732244,universo_fijo,retiro_votacion:20635
21218,0.2842139344855912,0.6040816069213693,universo_fijo,retiro_votacion:20635
21219,0.2874253774828182,0.5844057728488798,universo_fijo,retiro_votacion:20635
42724,0.22530428473551314,0.2370625814366318,universo_fijo,retiro_votacion:20635
20629,0.29983471644173826,-0.02350644178894736,universo_fijo,retiro_votacion:20636
20630,0.29136722795553915,-0.07152062968434017,universo_fijo,retiro_votacion:20636
20631,0.2995558210046489,-0.08901000186845082,universo_fijo,retiro_votacion:20636
20632,0.30467814876170907,-0.1937490547314662,universo_fijo,retiro_votacion:20636
20633,0.29117837293432347,-0.21773796729967884,universo_fijo,retiro_votacion:20636
20634,0.2934433470977425,-0.2357542841723664,universo_fijo,retiro_votacion:20636
20635,0.29274870580509893,-0.19105288045269572,universo_fijo,retiro_votacion:20636
20637,0.2982541512449805,-0.1585922741891591,universo_fijo,retiro_votacion:20636
21217,0.28692074794551053,-0.1521002278032242,universo_fijo,retiro_votacion:20636
21218,0.28474789655903693,0.6026663453692749,universo_fijo,retiro_votacion:20636
21219,0.2876396440722194,0.5853518015065992,universo_fijo,retiro_votacion:20636
42724,0.22571926305644538,0.23505364907881382,universo_fijo,retiro_votacion:20636
20629,0.30078260948498076,-0.024285629066166416,universo_fijo,retiro_votacion:20637
20630,0.29096611460438826,-0.061222292644038966,universo_fijo,retiro_votacion:20637
20631,0.2991491566718346,-0.08003169226204832,universo_fijo,retiro_votacion:20637
20632,0.3055938074744319,-0.19358840563110355,universo_fijo,retiro_votacion:20637
20633,0.2920596185441057,-0.21660152410176695,universo_fijo,retiro_votacion:20637
20634,0.2943446644142407,-0.23367429373687837,universo_fijo,retiro_votacion:20637
20635,0.2936450126874987,-0.19078840605366687,universo_fijo,retiro_votacion:20637
20636,0.2956378492633856,-0.1878581313947893,universo_fijo,retiro_votacion:20637
21217,0.2861376199556686,-0.14093524994599077,universo_fijo,retiro_votacion:20637
21218,0.2844922554460346,0.6016353596509041,universo_fijo,retiro_votacion:20637
21219,0.2873770281273494,0.5845316688477415,universo_fijo,retiro_votacion:20637
42724,0.225893510253582,0.23465844281707257,universo_fijo,retiro_votacion:20637
20629,0.299525669329125,-0.020983752927668797,universo_fijo,retiro_votacion:21217
20630,0.28981067034922703,-0.058177170182960994,universo_fijo,retiro_votacion:21217
20631,0.2986292529000363,-0.08158566607379998,universo_fijo,retiro_votacion:21217
20632,0.3050485505481285,-0.19420897658164588,universo_fijo,retiro_votacion:21217
20633,0.2909750105220439,-0.21356360988923262,universo_fijo,retiro_votacion:21217
20634,0.29290474126882343,-0.22835700498206746,universo_fijo,retiro_votacion:21217
20635,0.29254231213798837,-0.187971232363787,universo_fijo,retiro_votacion:21217
20636,0.29518487363612633,-0.18905584938930103,universo_fijo,retiro_votacion:21217
20637,0.29706267056244945,-0.14993079930001108,universo_fijo,retiro_votacion:21217
21218,0.28309956228525307,0.6027315817530705,universo_fijo,retiro_votacion:21217
21219,0.286296631419954,0.5839215370752062,universo_fijo,retiro_votacion:21217
42724,0.22478431460989168,0.23715216682424697,universo_fijo,retiro_votacion:21217
20629,0.29798932527742056,0.09374439107544792,universo_fijo,retiro_votacion:21218
20630,0.2896319282901597,0.033574815448340165,universo_fijo,retiro_votacion:21218
20631,0.29885654717267546,-0.01883614094579277,universo_fijo,retiro_votacion:21218
20632,0.30691192376840215,-0.16332996549219028,universo_fijo,retiro_votacion:21218
20633,0.29315011614360537,-0.1942694460012097,universo_fijo,retiro_votacion:21218
20634,0.29569678298664404,-0.19699703585048012,universo_fijo,retiro_votacion:21218
20635,0.2943813779342407,-0.17761580282907097,universo_fijo,retiro_votacion:21218
20636,0.2973175505219913,-0.1685622978120232,universo_fijo,retiro_votacion:21218
20637,0.2996770896666958,-0.12589362753115438,universo_fijo,retiro_votacion:21218
21217,0.2876143131809923,-0.1209500505315482,universo_fijo,retiro_votacion:21218
21219,0.2730316470641944,0.7796164109720103,universo_fijo,retiro_votacion:21218
42724,0.21977081765706682,0.43389434566597174,universo_fijo,retiro_votacion:21218
20629,0.2981349550223005,0.08079205613745954,universo_fijo,retiro_votacion:21219
20630,0.2897683543313453,0.020837433149799738,universo_fijo,retiro_votacion:21219
20631,0.299023522834266,-0.02555221840750751,universo_fijo,retiro_votacion:21219
20632,0.3071295467718096,-0.16314998879668358,universo_fijo,retiro_votacion:21219
20633,0.2933695070040248,-0.19162515145190578,universo_fijo,retiro_votacion:21219
20634,0.2959070878951826,-0.19820353324211265,universo_fijo,retiro_votacion:21219
20635,0.2948798676725514,-0.15951208821078475,universo_fijo,retiro_votacion:21219
20636,0.297522951768949,-0.16733743261035408,universo_fijo,retiro_votacion:21219
20637,0.2998704271651979,-0.12600107711358377,universo_fijo,retiro_votacion:21219
21217,0.2880944239608719,-0.10566282112537359,universo_fijo,retiro_votacion:21219
21218,0.2701420093204139,0.7939872343846948,universo_fijo,retiro_votacion:21219
42724,0.22001848289165613,0.422918688249268,universo_fijo,retiro_votacion:21219
20629,0.2936093308292068,0.005393768405894343,universo_fijo,retiro_votacion:42724
20630,0.28555972795070794,-0.02799102289066393,universo_fijo,retiro_votacion:42724
20631,0.2948601381505369,-0.048188705537606825,universo_fijo,retiro_votacion:42724
20632,0.3013300246301426,-0.1665947518631408,universo_fijo,retiro_votacion:42724
20633,0.28759461742412873,-0.18703201657322502,universo_fijo,retiro_votacion:42724
20634,0.2895894435827763,-0.2055854996704322,universo_fijo,retiro_votacion:42724
20635,0.28922436879332303,-0.16323089221816156,universo_fijo,retiro_votacion:42724
20636,0.2920489219943215,-0.1628493398390743,universo_fijo,retiro_votacion:42724
20637,0.29482451959270867,-0.127119769476207,universo_fijo,retiro_votacion:42724
21217,0.2829871215964183,-0.12015521093625196,universo_fijo,retiro_votacion:42724
21218,0.2741525100364506,0.6444025068131691,universo_fijo,retiro_votacion:42724
21219,0.2771788097228014,0.6267771065998837,universo_fijo,retiro_votacion:42724
21217,0.4382277325939628,0.8086728411593228,universo_fijo,retiro_bloque:articulos_206xx
21218,0.5657679044046486,-0.3948074888819869,universo_fijo,retiro_bloque:articulos_206xx
21219,0.5658187335274029,-0.38277602807544026,universo_fijo,retiro_bloque:articulos_206xx
42724,0.4095269142810672,0.2089444783304846,universo_fijo,retiro_bloque:articulos_206xx
20630,0.2904284134706307,-0.044999323628628025,seleccion_recalculada,retiro_votacion:20629
20631,0.299949425865786,-0.06950861851965809,seleccion_recalculada,retiro_votacion:20629
20632,0.306384569370394,-0.17859996252520433,seleccion_recalculada,retiro_votacion:20629
20633,0.2921394269247744,-0.19766753030378323,seleccion_recalculada,retiro_votacion:20629
20634,0.29412570728776577,-0.2129788475771538,seleccion_recalculada,retiro_votacion:20629
20635,0.2944254614597756,-0.17436616201252803,seleccion_recalculada,retiro_votacion:20629
20636,0.2970886632297405,-0.17610080347219598,seleccion_recalculada,retiro_votacion:20629
20637,0.3006313340544476,-0.1439310134328835,seleccion_recalculada,retiro_votacion:20629
21217,0.28858027533323316,-0.13432723050667875,seleccion_recalculada,retiro_votacion:20629
21218,0.2824487671134477,0.6069673058233482,seleccion_recalculada,retiro_votacion:20629
21219,0.285311566381355,0.5899109357553934,seleccion_recalculada,retiro_votacion:20629
42724,0.22398437739022103,0.24542617785101764,seleccion_recalculada,retiro_votacion:20629
20629,0.29851659814286646,-0.006387162413789826,seleccion_recalculada,retiro_votacion:20630
20631,0.29888362616961683,-0.07280163885280837,seleccion_recalculada,retiro_votacion:20630
20632,0.3059214838913872,-0.18347369723157364,seleccion_recalculada,retiro_votacion:20630
20633,0.2917623129255916,-0.20231615096574315,seleccion_recalculada,retiro_votacion:20630
20634,0.2924580902831698,-0.21480294987861864,seleccion_recalculada,retiro_votacion:20630
20635,0.2940235665745321,-0.17984815429769313,seleccion_recalculada,retiro_votacion:20630
20636,0.2966686295376758,-0.18138094322522214,seleccion_recalculada,retiro_votacion:20630
20637,0.29888795130829926,-0.14784382601324142,seleccion_recalculada,retiro_votacion:20630
21217,0.2869087802975663,-0.1378026832200056,seleccion_recalculada,retiro_votacion:20630
21218,0.2821716086025315,0.6037819177815889,seleccion_recalculada,retiro_votacion:20630
21219,0.2850219340327064,0.586938525494117,seleccion_recalculada,retiro_votacion:20630
42724,0.22436660588346902,0.24245242261323158,seleccion_recalculada,retiro_votacion:20630
20629,0.2998144923677701,-0.010089471167927412,seleccion_recalculada,retiro_votacion:20631
20630,0.29067179378840446,-0.05083404776476455,seleccion_recalculada,retiro_votacion:20631
20632,0.3059665248921103,-0.18491227796332563,seleccion_recalculada,retiro_votacion:20631
20633,0.2924141145738305,-0.2055848112217769,seleccion_recalculada,retiro_votacion:20631
20634,0.29471683867940884,-0.2214982786130731,seleccion_recalculada,retiro_votacion:20631
20635,0.29434858731858665,-0.18238173103606875,seleccion_recalculada,retiro_votacion:20631
20636,0.2966713138551858,-0.18282251139503963,seleccion_recalculada,retiro_votacion:20631
20637,0.2988689038379684,-0.1483565734460232,seleccion_recalculada,retiro_votacion:20631
21217,0.28749841149077004,-0.13996989318917197,seleccion_recalculada,retiro_votacion:20631
21218,0.28326773757126894,0.6026322738732593,seleccion_recalculada,retiro_votacion:20631
21219,0.2861409140218095,0.585785113134169,seleccion_recalculada,retiro_votacion:20631
42724,0.22559140778481349,0.23915828007485757,seleccion_recalculada,retiro_votacion:20631
20629,0.3004785541031001,-0.02243708990200088,seleccion_recalculada,retiro_votacion:20632
20630,0.2919787833892732,-0.0705215953400183,seleccion_recalculada,retiro_votacion:20632
20631,0.3001815826740268,-0.08860220277573116,seleccion_recalculada,retiro_votacion:20632
20633,0.29170157920975154,-0.2170712190032568,seleccion_recalculada,retiro_votacion:20632
20634,0.29399075458637636,-0.2350343400128565,seleccion_recalculada,retiro_votacion:20632
20635,0.2936250439239006,-0.193070229429548,seleccion_recalculada,retiro_votacion:20632
20636,0.2959546560600581,-0.19198639839111062,seleccion_recalculada,retiro_votacion:20632
20637,0.29951116204889694,-0.16356909334694228,seleccion_recalculada,retiro_votacion:20632
21217,0.2881233191632778,-0.15678573835912243,seleccion_recalculada,retiro_votacion:20632
21218,0.2858476582559198,0.6015679317612991,seleccion_recalculada,retiro_votacion:20632
21219,0.28874463923780713,0.5842681778317638,seleccion_recalculada,retiro_votacion:20632
42724,0.2263239103205129,0.23576914404802007,seleccion_recalculada,retiro_votacion:20632
20629,0.2990231583643465,-0.021390016907736908,seleccion_recalculada,retiro_votacion:20633
20630,0.29056991776286056,-0.07099622499299425,seleccion_recalculada,retiro_votacion:20633
20631,0.29942447609115863,-0.09508537047752057,seleccion_recalculada,retiro_votacion:20633
20632,0.3045705966931513,-0.1992244005882588,seleccion_recalculada,retiro_votacion:20633
20634,0.2923914782495058,-0.23338032603059736,seleccion_recalculada,retiro_votacion:20633
20635,0.2913900926606782,-0.1853434716533242,seleccion_recalculada,retiro_votacion:20633
20636,0.29533039501185,-0.19850795699950016,seleccion_recalculada,retiro_votacion:20633
20637,0.2988028848965479,-0.17051194003689152,seleccion_recalculada,retiro_votacion:20633
21217,0.28686543746885745,-0.15876794009351355,seleccion_recalculada,retiro_votacion:20633
21218,0.2846730955618238,0.6034725075517274,seleccion_recalculada,retiro_votacion:20633
21219,0.28757668668407316,0.5858589501967983,seleccion_recalculada,retiro_votacion:20633
42724,0.22539063474639723,0.23633676882135124,seleccion_recalculada,retiro_votacion:20633
20629,0.2989760266750352,-0.020136812345312883,seleccion_recalculada,retiro_votacion:20634
20630,0.2892035262159196,-0.055749447756953535,seleccion_recalculada,retiro_votacion:20634
20631,0.29968816620170324,-0.09837694202121684,seleccion_recalculada,retiro_votacion:20634
20632,0.3048060965796219,-0.20315772015904426,seleccion_recalculada,retiro_votacion:20634
20633,0.29034758473838895,-0.21895899838841007,seleccion_recalculada,retiro_votacion:20634
20635,0.2928954039455372,-0.20117804298841313,seleccion_recalculada,retiro_votacion:20634
20636,0.2955518333716021,-0.20277423042534376,seleccion_recalculada,retiro_votacion:20634
20637,0.2990456724399684,-0.17447734548070637,seleccion_recalculada,retiro_votacion:20634
21217,0.28675337316724925,-0.15908834101147623,seleccion_recalculada,retiro_votacion:20634
21218,0.2852485539423598,0.6015123858553295,seleccion_recalculada,retiro_votacion:20634
21219,0.2881337570968289,0.5841913700214898,seleccion_recalculada,retiro_votacion:20634
42724,0.2253241395556197,0.2390695252943606,seleccion_recalculada,retiro_votacion:20634
20629,0.29963043608106293,-0.023025676705241225,seleccion_recalculada,retiro_votacion:20635
20630,0.29117815868827457,-0.07148095716601258,seleccion_recalculada,retiro_votacion:20635
20631,0.2996899535985184,-0.09186034408917453,seleccion_recalculada,retiro_votacion:20635
20632,0.30481097419137265,-0.1957016820906465,seleccion_recalculada,retiro_votacion:20635
20633,0.28970795387919274,-0.20717569002989292,seleccion_recalculada,retiro_votacion:20635
20634,0.29326287635153625,-0.23492430565207648,seleccion_recalculada,retiro_votacion:20635
20636,0.29522987664543954,-0.19209281136891945,seleccion_recalculada,retiro_votacion:20635
20637,0.29872417013963126,-0.1636681126429935,seleccion_recalculada,retiro_votacion:20635
21217,0.28675692045313206,-0.15225426728732244,seleccion_recalculada,retiro_votacion:20635
21218,0.2842139344855912,0.6040816069213693,seleccion_recalculada,retiro_votacion:20635
21219,0.2874253774828182,0.5844057728488798,seleccion_recalculada,retiro_votacion:20635
42724,0.22530428473551314,0.2370625814366318,seleccion_recalculada,retiro_votacion:20635
20629,0.29983471644173826,-0.02350644178894736,seleccion_recalculada,retiro_votacion:20636
20630,0.29136722795553915,-0.07152062968434017,seleccion_recalculada,retiro_votacion:20636
20631,0.2995558210046489,-0.08901000186845082,seleccion_recalculada,retiro_votacion:20636
20632,0.30467814876170907,-0.1937490547314662,seleccion_recalculada,retiro_votacion:20636
20633,0.29117837293432347,-0.21773796729967884,seleccion_recalculada,retiro_votacion:20636
20634,0.2934433470977425,-0.2357542841723664,seleccion_recalculada,retiro_votacion:20636
20635,0.29274870580509893,-0.19105288045269572,seleccion_recalculada,retiro_votacion:20636
20637,0.2982541512449805,-0.1585922741891591,seleccion_recalculada,retiro_votacion:20636
21217,0.28692074794551053,-0.1521002278032242,seleccion_recalculada,retiro_votacion:20636
21218,0.28474789655903693,0.6026663453692749,seleccion_recalculada,retiro_votacion:20636
21219,0.2876396440722194,0.5853518015065992,seleccion_recalculada,retiro_votacion:20636
42724,0.22571926305644538,0.23505364907881382,seleccion_recalculada,retiro_votacion:20636
20629,0.30078260948498076,-0.024285629066166416,seleccion_recalculada,retiro_votacion:20637
20630,0.29096611460438826,-0.061222292644038966,seleccion_recalculada,retiro_votacion:20637
20631,0.2991491566718346,-0.08003169226204832,seleccion_recalculada,retiro_votacion:20637
20632,0.3055938074744319,-0.19358840563110355,seleccion_recalculada,retiro_votacion:20637
20633,0.2920596185441057,-0.21660152410176695,seleccion_recalculada,retiro_votacion:20637
20634,0.2943446644142407,-0.23367429373687837,seleccion_recalculada,retiro_votacion:20637
20635,0.2936450126874987,-0.19078840605366687,seleccion_recalculada,retiro_votacion:20637
20636,0.2956378492633856,-0.1878581313947893,seleccion_recalculada,retiro_votacion:20637
21217,0.2861376199556686,-0.14093524994599077,seleccion_recalculada,retiro_votacion:20637
21218,0.2844922554460346,0.6016353596509041,seleccion_recalculada,retiro_votacion:20637
21219,0.2873770281273494,0.5845316688477415,seleccion_recalculada,retiro_votacion:20637
42724,0.225893510253582,0.23465844281707257,seleccion_recalculada,retiro_votacion:20637
20629,0.299525669329125,-0.020983752927668797,seleccion_recalculada,retiro_votacion:21217
20630,0.28981067034922703,-0.058177170182960994,seleccion_recalculada,retiro_votacion:21217
20631,0.2986292529000363,-0.08158566607379998,seleccion_recalculada,retiro_votacion:21217
20632,0.3050485505481285,-0.19420897658164588,seleccion_recalculada,retiro_votacion:21217
20633,0.2909750105220439,-0.21356360988923262,seleccion_recalculada,retiro_votacion:21217
20634,0.29290474126882343,-0.22835700498206746,seleccion_recalculada,retiro_votacion:21217
20635,0.29254231213798837,-0.187971232363787,seleccion_recalculada,retiro_votacion:21217
20636,0.29518487363612633,-0.18905584938930103,seleccion_recalculada,retiro_votacion:21217
20637,0.29706267056244945,-0.14993079930001108,seleccion_recalculada,retiro_votacion:21217
21218,0.28309956228525307,0.6027315817530705,seleccion_recalculada,retiro_votacion:21217
21219,0.286296631419954,0.5839215370752062,seleccion_recalculada,retiro_votacion:21217
42724,0.22478431460989168,0.23715216682424697,seleccion_recalculada,retiro_votacion:21217
20629,0.29798932527742056,0.09374439107544792,seleccion_recalculada,retiro_votacion:21218
20630,0.2896319282901597,0.033574815448340165,seleccion_recalculada,retiro_votacion:21218
20631,0.29885654717267546,-0.01883614094579277,seleccion_recalculada,retiro_votacion:21218
20632,0.30691192376840215,-0.16332996549219028,seleccion_recalculada,retiro_votacion:21218
20633,0.29315011614360537,-0.1942694460012097,seleccion_recalculada,retiro_votacion:21218
20634,0.29569678298664404,-0.19699703585048012,seleccion_recalculada,retiro_votacion:21218
20635,0.2943813779342407,-0.17761580282907097,seleccion_recalculada,retiro_votacion:21218
20636,0.2973175505219913,-0.1685622978120232,seleccion_recalculada,retiro_votacion:21218
20637,0.2996770896666958,-0.12589362753115438,seleccion_recalculada,retiro_votacion:21218
21217,0.2876143131809923,-0.1209500505315482,seleccion_recalculada,retiro_votacion:21218
21219,0.2730316470641944,0.7796164109720103,seleccion_recalculada,retiro_votacion:21218
42724,0.21977081765706682,0.43389434566597174,seleccion_recalculada,retiro_votacion:21218
20629,0.2981349550223005,0.08079205613745954,seleccion_recalculada,retiro_votacion:21219
20630,0.2897683543313453,0.020837433149799738,seleccion_recalculada,retiro_votacion:21219
20631,0.299023522834266,-0.02555221840750751,seleccion_recalculada,retiro_votacion:21219
20632,0.3071295467718096,-0.16314998879668358,seleccion_recalculada,retiro_votacion:21219
20633,0.2933695070040248,-0.19162515145190578,seleccion_recalculada,retiro_votacion:21219
20634,0.2959070878951826,-0.19820353324211265,seleccion_recalculada,retiro_votacion:21219
20635,0.2948798676725514,-0.15951208821078475,seleccion_recalculada,retiro_votacion:21219
20636,0.297522951768949,-0.16733743261035408,seleccion_recalculada,retiro_votacion:21219
20637,0.2998704271651979,-0.12600107711358377,seleccion_recalculada,retiro_votacion:21219
21217,0.2880944239608719,-0.10566282112537359,seleccion_recalculada,retiro_votacion:21219
21218,0.2701420093204139,0.7939872343846948,seleccion_recalculada,retiro_votacion:21219
42724,0.22001848289165613,0.422918688249268,seleccion_recalculada,retiro_votacion:21219
20629,0.28867550475469106,-0.007509835762277418,seleccion_recalculada,retiro_votacion:42724
20630,0.2752315775583224,-0.03205444272362357,seleccion_recalculada,retiro_votacion:42724
20631,0.2964152003983126,-0.06039816258793024,seleccion_recalculada,retiro_votacion:42724
20632,0.30151441124038236,-0.16174267096833755,seleccion_recalculada,retiro_votacion:42724
20633,0.2910961473750804,-0.18065319040487954,seleccion_recalculada,retiro_votacion:42724
20634,0.2858079342249954,-0.19855451288929016,seleccion_recalculada,retiro_votacion:42724
20635,0.2922732552116522,-0.1585982797321107,seleccion_recalculada,retiro_votacion:42724
20636,0.2944310796498316,-0.15878087105062202,seleccion_recalculada,retiro_votacion:42724
20637,0.29649509896536264,-0.1277708331994125,seleccion_recalculada,retiro_votacion:42724
21217,0.28745540528848534,-0.12257016795733462,seleccion_recalculada,retiro_votacion:42724
21218,0.27544693255732705,0.6465363026565368,seleccion_recalculada,retiro_votacion:42724
21219,0.2778375341866736,0.6303373808782418,seleccion_recalculada,retiro_votacion:42724
21217,0.4382277325939628,0.8086728411593228,seleccion_recalculada,retiro_bloque:articulos_206xx
21218,0.5657679044046486,-0.3948074888819869,seleccion_recalculada,retiro_bloque:articulos_206xx
21219,0.5658187335274029,-0.38277602807544026,seleccion_recalculada,retiro_bloque:articulos_206xx
42724,0.4095269142810672,0.2089444783304846,seleccion_recalculada,retiro_bloque:articulos_206xx
