diputado_id,d1,d2,m_i,cluster,participacion,votaciones_usadas,votaciones_excluidas,razon_NA_d1,razon_NA_d2,estado,grupo_bcall
74,-0.7147086138910308,0.0897754948188909,12,left,0.9333333333333333,"[20629, 20630, 20631, 20632, 20633, 20634, 20635, 20636, 20637, 21217, 21218, 21219]","[{""votacion_id"": 20627, ""razones"": [""SIN_VARIANZA_O_MENOS_DE_DOS_OBSERVACIONES""]}, {""votacion_id"": 20628, ""razones"": [""SIN_VARIANZA_O_MENOS_DE_DOS_OBSERVACIONES""]}, {""votacion_id"": 42724, ""razones"": [""SIN_DECISION_SUSTANTIVA_INDIVIDUAL""]}]",,,DESCRIPTIVO_PENDIENTE_G1_C02,L
803,-0.5297083960528485,0.6725429730877815,13,left,1.0,"[20629, 20630, 20631, 20632, 20633, 20634, 20635, 20636, 20637, 21217, 21218, 21219, 42724]","[{""votacion_id"": 20627, ""razones"": [""SIN_VARIANZA_O_MENOS_DE_DOS_OBSERVACIONES""]}, {""votacion_id"": 20628, ""razones"": [""SIN_VARIANZA_O_MENOS_DE_DOS_OBSERVACIONES""]}]",,,DESCRIPTIVO_PENDIENTE_G1_C02,L
815,1.360165437700363,0.32063796538529005,13,right,1.0,"[20629, 20630, 20631, 20632, 20633, 20634, 20635, 20636, 20637, 21217, 21218, 21219, 42724]","[{""votacion_id"": 20627, ""razones"": [""SIN_VARIANZA_O_MENOS_DE_DOS_OBSERVACIONES""]}, {""votacion_id"": 20628, ""razones"": [""SIN_VARIANZA_O_MENOS_DE_DOS_OBSERVACIONES""]}]",,,DESCRIPTIVO_PENDIENTE_G1_C02,R
917,1.4583643486979834,0.16369411481515167,13,right,1.0,"[20629, 20630, 20631, 20632, 20633, 20634, 20635, 20636, 20637, 21217, 21218, 21219, 42724]","[{""votacion_id"": 20627, ""razones"": [""SIN_VARIANZA_O_MENOS_DE_DOS_OBSERVACIONES""]}, {""votacion_id"": 20628, ""razones"": [""SIN_VARIANZA_O_MENOS_DE_DOS_OBSERVACIONES""]}]",,,DESCRIPTIVO_PENDIENTE_G1_C02,R
948,-0.627907307050469,0.32455519121939835,13,left,1.0,"[20629, 20630, 20631, 20632, 20633, 20634, 20635, 20636, 20637, 21217, 21218, 21219, 42724]","[{""votacion_id"": 20627, ""razones"": [""SIN_VARIANZA_O_MENOS_DE_DOS_OBSERVACIONES""]}, {""votacion_id"": 20628, ""razones"": [""SIN_VARIANZA_O_MENOS_DE_DOS_OBSERVACIONES""]}]",,,DESCRIPTIVO_PENDIENTE_G1_C02,L
953,-0.31735175239710645,0.7027025947067974,13,left,1.0,"[20629, 20630, 20631, 20632, 20633, 20634, 20635, 20636, 20637, 21217, 21218, 21219, 42724]","[{""votacion_id"": 20627, ""razones"": [""SIN_VARIANZA_O_MENOS_DE_DOS_OBSERVACIONES""]}, {""votacion_id"": 20628, ""razones"": [""SIN_VARIANZA_O_MENOS_DE_DOS_OBSERVACIONES""]}]",,,DESCRIPTIVO_PENDIENTE_G1_C02,L
971,-0.31735175239710645,0.7027025947067974,13,left,1.0,"[20629, 20630, 20631, 20632, 20633, 20634, 20635, 20636, 20637, 21217, 21218, 21219, 42724]","[{""votacion_id"": 20627, ""razones"": [""SIN_VARIANZA_O_MENOS_DE_DOS_OBSERVACIONES""]}, {""votacion_id"": 20628, ""razones"": [""SIN_VARIANZA_O_MENOS_DE_DOS_OBSERVACIONES""]}]",,,DESCRIPTIVO_PENDIENTE_G1_C02,L
973,-0.7147086138910308,0.0897754948188909,12,left,0.9333333333333333,"[20629, 20630, 20631, 20632, 20633, 20634, 20635, 20636, 20637, 21217, 21218, 21219]","[{""votacion_id"": 20627, ""razones"": [""SIN_VARIANZA_O_MENOS_DE_DOS_OBSERVACIONES""]}, {""votacion_id"": 20628, ""razones"": [""SIN_VARIANZA_O_MENOS_DE_DOS_OBSERVACIONES""]}, {""votacion_id"": 42724, ""razones"": [""SIN_DECISION_SUSTANTIVA_INDIVIDUAL""]}]",,,DESCRIPTIVO_PENDIENTE_G1_C02,L
975,-0.7261062180480896,0.0952720987186265,13,left,1.0,"[20629, 20630, 20631, 20632, 20633, 20634, 20635, 20636, 20637, 21217, 21218, 21219, 42724]","[{""votacion_id"": 20627, ""razones"": [""SIN_VARIANZA_O_MENOS_DE_DOS_OBSERVACIONES""]}, {""votacion_id"": 20628, ""razones"": [""SIN_VARIANZA_O_MENOS_DE_DOS_OBSERVACIONES""]}]",,,DESCRIPTIVO_PENDIENTE_G1_C02,L
976,1.4583643486979834,0.16369411481515167,13,right,1.0,"[20629, 20630, 20631, 20632, 20633, 20634, 20635, 20636, 20637, 21217, 21218, 21219, 42724]","[{""votacion_id"": 20627, ""razones"": [""SIN_VARIANZA_O_MENOS_DE_DOS_OBSERVACIONES""]}, {""votacion_id"": 20628, ""razones"": [""SIN_VARIANZA_O_MENOS_DE_DOS_OBSERVACIONES""]}]",,,DESCRIPTIVO_PENDIENTE_G1_C02,R
990,-0.7147086138910308,0.0897754948188909,12,left,0.9333333333333333,"[20629, 20630, 20631, 20632, 20633, 20634, 20635, 20636, 20637, 21217, 21218, 21219]","[{""votacion_id"": 20627, ""razones"": [""SIN_VARIANZA_O_MENOS_DE_DOS_OBSERVACIONES""]}, {""votacion_id"": 20628, ""razones"": [""SIN_VARIANZA_O_MENOS_DE_DOS_OBSERVACIONES""]}, {""votacion_id"": 42724, ""razones"": [""SIN_DECISION_SUSTANTIVA_INDIVIDUAL""]}]",,,DESCRIPTIVO_PENDIENTE_G1_C02,L
991,-0.7261062180480896,0.0952720987186265,13,left,1.0,"[20629, 20630, 20631, 20632, 20633, 20634, 20635, 20636, 20637, 21217, 21218, 21219, 42724]","[{""votacion_id"": 20627, ""razones"": [""SIN_VARIANZA_O_MENOS_DE_DOS_OBSERVACIONES""]}, {""votacion_id"": 20628, ""razones"": [""SIN_VARIANZA_O_MENOS_DE_DOS_OBSERVACIONES""]}]",,,DESCRIPTIVO_PENDIENTE_G1_C02,L
999,-0.415550663394727,0.6808867561316189,13,left,1.0,"[20629, 20630, 20631, 20632, 20633, 20634, 20635, 20636, 20637, 21217, 21218, 21219, 42724]","[{""votacion_id"": 20627, ""razones"": [""SIN_VARIANZA_O_MENOS_DE_DOS_OBSERVACIONES""]}, {""votacion_id"": 20628, ""razones"": [""SIN_VARIANZA_O_MENOS_DE_DOS_OBSERVACIONES""]}]",,,DESCRIPTIVO_PENDIENTE_G1_C02,L
1002,-0.7147086138910308,0.0897754948188909,12,left,0.9333333333333333,"[20629, 20630, 20631, 20632, 20633, 20634, 20635, 20636, 20637, 21217, 21218, 21219]","[{""votacion_id"": 20627, ""razones"": [""SIN_VARIANZA_O_MENOS_DE_DOS_OBSERVACIONES""]}, {""votacion_id"": 20628, ""razones"": [""SIN_VARIANZA_O_MENOS_DE_DOS_OBSERVACIONES""]}, {""votacion_id"": 42724, ""razones"": [""SIN_DECISION_SUSTANTIVA_INDIVIDUAL""]}]",,,DESCRIPTIVO_PENDIENTE_G1_C02,L
1003,1.4583643486979834,0.16369411481515167,13,right,1.0,"[20629, 20630, 20631, 20632, 20633, 20634, 20635, 20636, 20637, 21217, 21218, 21219, 42724]","[{""votacion_id"": 20627, ""razones"": [""SIN_VARIANZA_O_MENOS_DE_DOS_OBSERVACIONES""]}, {""votacion_id"": 20628, ""razones"": [""SIN_VARIANZA_O_MENOS_DE_DOS_OBSERVACIONES""]}]",,,DESCRIPTIVO_PENDIENTE_G1_C02,R
1009,1.4583643486979834,0.16369411481515167,13,right,1.0,"[20629, 20630, 20631, 20632, 20633, 20634, 20635, 20636, 20637, 21217, 21218, 21219, 42724]","[{""votacion_id"": 20627, ""razones"": [""SIN_VARIANZA_O_MENOS_DE_DOS_OBSERVACIONES""]}, {""votacion_id"": 20628, ""razones"": [""SIN_VARIANZA_O_MENOS_DE_DOS_OBSERVACIONES""]}]",,,DESCRIPTIVO_PENDIENTE_G1_C02,R
1012,-0.7261062180480896,0.0952720987186265,13,left,1.0,"[20629, 20630, 20631, 20632, 20633, 20634, 20635, 20636, 20637, 21217, 21218, 21219, 42724]","[{""votacion_id"": 20627, ""razones"": [""SIN_VARIANZA_O_MENOS_DE_DOS_OBSERVACIONES""]}, {""votacion_id"": 20628, ""razones"": [""SIN_VARIANZA_O_MENOS_DE_DOS_OBSERVACIONES""]}]",,,DESCRIPTIVO_PENDIENTE_G1_C02,L
1013,-0.7261062180480896,0.0952720987186265,13,left,1.0,"[20629, 20630, 20631, 20632, 20633, 20634, 20635, 20636, 20637, 21217, 21218, 21219, 42724]","[{""votacion_id"": 20627, ""razones"": [""SIN_VARIANZA_O_MENOS_DE_DOS_OBSERVACIONES""]}, {""votacion_id"": 20628, ""razones"": [""SIN_VARIANZA_O_MENOS_DE_DOS_OBSERVACIONES""]}]",,,DESCRIPTIVO_PENDIENTE_G1_C02,L
1016,-0.7261062180480896,0.0952720987186265,13,left,1.0,"[20629, 20630, 20631, 20632, 20633, 20634, 20635, 20636, 20637, 21217, 21218, 21219, 42724]","[{""votacion_id"": 20627, ""razones"": [""SIN_VARIANZA_O_MENOS_DE_DOS_OBSERVACIONES""]}, {""votacion_id"": 20628, ""razones"": [""SIN_VARIANZA_O_MENOS_DE_DOS_OBSERVACIONES""]}]",,,DESCRIPTIVO_PENDIENTE_G1_C02,L
1017,1.2590759632607793,0.6347349752546684,12,right,0.9333333333333333,"[20629, 20630, 20631, 20632, 20633, 20634, 20635, 20636, 20637, 21217, 21218, 21219]","[{""votacion_id"": 20627, ""razones"": [""SIN_VARIANZA_O_MENOS_DE_DOS_OBSERVACIONES""]}, {""votacion_id"": 20628, ""razones"": [""SIN_VARIANZA_O_MENOS_DE_DOS_OBSERVACIONES""]}, {""votacion_id"": 42724, ""razones"": [""SIN_DECISION_SUSTANTIVA_INDIVIDUAL""]}]",,,DESCRIPTIVO_PENDIENTE_G1_C02,R
1019,0.03129987641271052,0.9684387976658366,13,left,1.0,"[20629, 20630, 20631, 20632, 20633, 20634, 20635, 20636, 20637, 21217, 21218, 21219, 42724]","[{""votacion_id"": 20627, ""razones"": [""SIN_VARIANZA_O_MENOS_DE_DOS_OBSERVACIONES""]}, {""votacion_id"": 20628, ""razones"": [""SIN_VARIANZA_O_MENOS_DE_DOS_OBSERVACIONES""]}]",,,DESCRIPTIVO_PENDIENTE_G1_C02,L
1021,-0.3782734296832213,0.6971699232161175,12,left,0.9333333333333333,"[20629, 20630, 20631, 20632, 20633, 20634, 20635, 20636, 20637, 21217, 21218, 21219]","[{""votacion_id"": 20627, ""razones"": [""SIN_VARIANZA_O_MENOS_DE_DOS_OBSERVACIONES""]}, {""votacion_id"": 20628, ""razones"": [""SIN_VARIANZA_O_MENOS_DE_DOS_OBSERVACIONES""]}, {""votacion_id"": 42724, ""razones"": [""SIN_DECISION_SUSTANTIVA_INDIVIDUAL""]}]",,,DESCRIPTIVO_PENDIENTE_G1_C02,L
1022,1.3476739782874152,0.3338670729563525,12,right,0.9333333333333333,"[20629, 20630, 20631, 20632, 20633, 20634, 20635, 20636, 20637, 21217, 21218, 21219]","[{""votacion_id"": 20627, ""razones"": [""SIN_VARIANZA_O_MENOS_DE_DOS_OBSERVACIONES""]}, {""votacion_id"": 20628, ""razones"": [""SIN_VARIANZA_O_MENOS_DE_DOS_OBSERVACIONES""]}, {""votacion_id"": 42724, ""razones"": [""SIN_DECISION_SUSTANTIVA_INDIVIDUAL""]}]",,,DESCRIPTIVO_PENDIENTE_G1_C02,R
1025,1.4583643486979834,0.16369411481515167,13,right,1.0,"[20629, 20630, 20631, 20632, 20633, 20634, 20635, 20636, 20637, 21217, 21218, 21219, 42724]","[{""votacion_id"": 20627, ""razones"": [""SIN_VARIANZA_O_MENOS_DE_DOS_OBSERVACIONES""]}, {""votacion_id"": 20628, ""razones"": [""SIN_VARIANZA_O_MENOS_DE_DOS_OBSERVACIONES""]}]",,,DESCRIPTIVO_PENDIENTE_G1_C02,R
1028,0.8542628083264965,0.5040988022829191,13,right,1.0,"[20629, 20630, 20631, 20632, 20633, 20634, 20635, 20636, 20637, 21217, 21218, 21219, 42724]","[{""votacion_id"": 20627, ""razones"": [""SIN_VARIANZA_O_MENOS_DE_DOS_OBSERVACIONES""]}, {""votacion_id"": 20628, ""razones"": [""SIN_VARIANZA_O_MENOS_DE_DOS_OBSERVACIONES""]}]",,,DESCRIPTIVO_PENDIENTE_G1_C02,R
1030,1.3476739782874152,0.3338670729563525,12,right,0.9333333333333333,"[20629, 20630, 20631, 20632, 20633, 20634, 20635, 20636, 20637, 21217, 21218, 21219]","[{""votacion_id"": 20627, ""razones"": [""SIN_VARIANZA_O_MENOS_DE_DOS_OBSERVACIONES""]}, {""votacion_id"": 20628, ""razones"": [""SIN_VARIANZA_O_MENOS_DE_DOS_OBSERVACIONES""]}, {""votacion_id"": 42724, ""razones"": [""SIN_DECISION_SUSTANTIVA_INDIVIDUAL""]}]",,,DESCRIPTIVO_PENDIENTE_G1_C02,R
1034,-0.7261062180480896,0.0952720987186265,13,left,1.0,"[20629, 20630, 20631, 20632, 20633, 20634, 20635, 20636, 20637, 21217, 21218, 21219, 42724]","[{""votacion_id"": 20627, ""razones"": [""SIN_VARIANZA_O_MENOS_DE_DOS_OBSERVACIONES""]}, {""votacion_id"": 20628, ""razones"": [""SIN_VARIANZA_O_MENOS_DE_DOS_OBSERVACIONES""]}]",,,DESCRIPTIVO_PENDIENTE_G1_C02,L
1035,-0.7261062180480896,0.0952720987186265,13,left,1.0,"[20629, 20630, 20631, 20632, 20633, 20634, 20635, 20636, 20637, 21217, 21218, 21219, 42724]","[{""votacion_id"": 20627, ""razones"": [""SIN_VARIANZA_O_MENOS_DE_DOS_OBSERVACIONES""]}, {""votacion_id"": 20628, ""razones"": [""SIN_VARIANZA_O_MENOS_DE_DOS_OBSERVACIONES""]}]",,,DESCRIPTIVO_PENDIENTE_G1_C02,L
1036,-0.7261062180480896,0.0952720987186265,13,left,1.0,"[20629, 20630, 20631, 20632, 20633, 20634, 20635, 20636, 20637, 21217, 21218, 21219, 42724]","[{""votacion_id"": 20627, ""razones"": [""SIN_VARIANZA_O_MENOS_DE_DOS_OBSERVACIONES""]}, {""votacion_id"": 20628, ""razones"": [""SIN_VARIANZA_O_MENOS_DE_DOS_OBSERVACIONES""]}]",,,DESCRIPTIVO_PENDIENTE_G1_C02,L
1037,-0.7261062180480896,0.0952720987186265,13,left,0.9333333333333333,"[20629, 20630, 20631, 20632, 20633, 20634, 20635, 20636, 20637, 21217, 21218, 21219, 42724]","[{""votacion_id"": 20627, ""razones"": [""SIN_VARIANZA_O_MENOS_DE_DOS_OBSERVACIONES"", ""SIN_DECISION_SUSTANTIVA_INDIVIDUAL""]}, {""votacion_id"": 20628, ""razones"": [""SIN_VARIANZA_O_MENOS_DE_DOS_OBSERVACIONES""]}]",,,DESCRIPTIVO_PENDIENTE_G1_C02,L
1038,-0.7261062180480896,0.0952720987186265,13,left,1.0,"[20629, 20630, 20631, 20632, 20633, 20634, 20635, 20636, 20637, 21217, 21218, 21219, 42724]","[{""votacion_id"": 20627, ""razones"": [""SIN_VARIANZA_O_MENOS_DE_DOS_OBSERVACIONES""]}, {""votacion_id"": 20628, ""razones"": [""SIN_VARIANZA_O_MENOS_DE_DOS_OBSERVACIONES""]}]",,,DESCRIPTIVO_PENDIENTE_G1_C02,L
1040,1.439036859589037,0.1547064881995428,12,right,0.9333333333333333,"[20629, 20630, 20631, 20632, 20633, 20634, 20635, 20636, 20637, 21217, 21218, 21219]","[{""votacion_id"": 20627, ""razones"": [""SIN_VARIANZA_O_MENOS_DE_DOS_OBSERVACIONES""]}, {""votacion_id"": 20628, ""razones"": [""SIN_VARIANZA_O_MENOS_DE_DOS_OBSERVACIONES""]}, {""votacion_id"": 42724, ""razones"": [""SIN_DECISION_SUSTANTIVA_INDIVIDUAL""]}]",,,DESCRIPTIVO_PENDIENTE_G1_C02,R
1044,-0.7261062180480896,0.0952720987186265,13,left,1.0,"[20629, 20630, 20631, 20632, 20633, 20634, 20635, 20636, 20637, 21217, 21218, 21219, 42724]","[{""votacion_id"": 20627, ""razones"": [""SIN_VARIANZA_O_MENOS_DE_DOS_OBSERVACIONES""]}, {""votacion_id"": 20628, ""razones"": [""SIN_VARIANZA_O_MENOS_DE_DOS_OBSERVACIONES""]}]",,,DESCRIPTIVO_PENDIENTE_G1_C02,L
1046,-0.31735175239710645,0.7027025947067974,13,left,1.0,"[20629, 20630, 20631, 20632, 20633, 20634, 20635, 20636, 20637, 21217, 21218, 21219, 42724]","[{""votacion_id"": 20627, ""razones"": [""SIN_VARIANZA_O_MENOS_DE_DOS_OBSERVACIONES""]}, {""votacion_id"": 20628, ""razones"": [""SIN_VARIANZA_O_MENOS_DE_DOS_OBSERVACIONES""]}]",,,DESCRIPTIVO_PENDIENTE_G1_C02,L
1048,-0.7261062180480896,0.0952720987186265,13,left,1.0,"[20629, 20630, 20631, 20632, 20633, 20634, 20635, 20636, 20637, 21217, 21218, 21219, 42724]","[{""votacion_id"": 20627, ""razones"": [""SIN_VARIANZA_O_MENOS_DE_DOS_OBSERVACIONES""]}, {""votacion_id"": 20628, ""razones"": [""SIN_VARIANZA_O_MENOS_DE_DOS_OBSERVACIONES""]}]",,,DESCRIPTIVO_PENDIENTE_G1_C02,L
1049,-0.7261062180480896,0.0952720987186265,13,left,1.0,"[20629, 20630, 20631, 20632, 20633, 20634, 20635, 20636, 20637, 21217, 21218, 21219, 42724]","[{""votacion_id"": 20627, ""razones"": [""SIN_VARIANZA_O_MENOS_DE_DOS_OBSERVACIONES""]}, {""votacion_id"": 20628, ""razones"": [""SIN_VARIANZA_O_MENOS_DE_DOS_OBSERVACIONES""]}]",,,DESCRIPTIVO_PENDIENTE_G1_C02,L
1050,-0.3782734296832213,0.6971699232161175,12,left,0.9333333333333333,"[20629, 20630, 20631, 20632, 20633, 20634, 20635, 20636, 20637, 21217, 21218, 21219]","[{""votacion_id"": 20627, ""razones"": [""SIN_VARIANZA_O_MENOS_DE_DOS_OBSERVACIONES""]}, {""votacion_id"": 20628, ""razones"": [""SIN_VARIANZA_O_MENOS_DE_DOS_OBSERVACIONES""]}, {""votacion_id"": 42724, ""razones"": [""SIN_DECISION_SUSTANTIVA_INDIVIDUAL""]}]",,,DESCRIPTIVO_PENDIENTE_G1_C02,L
1054,-0.13504447063638852,0.5320488201313762,13,left,1.0,"[20629, 20630, 20631, 20632, 20633, 20634, 20635, 20636, 20637, 21217, 21218, 21219, 42724]","[{""votacion_id"": 20627, ""razones"": [""SIN_VARIANZA_O_MENOS_DE_DOS_OBSERVACIONES""]}, {""votacion_id"": 20628, ""razones"": [""SIN_VARIANZA_O_MENOS_DE_DOS_OBSERVACIONES""]}]",,,DESCRIPTIVO_PENDIENTE_G1_C02,L
1056,-0.7261062180480896,0.0952720987186265,13,left,1.0,"[20629, 20630, 20631, 20632, 20633, 20634, 20635, 20636, 20637, 21217, 21218, 21219, 42724]","[{""votacion_id"": 20627, ""razones"": [""SIN_VARIANZA_O_MENOS_DE_DOS_OBSERVACIONES""]}, {""votacion_id"": 20628, ""razones"": [""SIN_VARIANZA_O_MENOS_DE_DOS_OBSERVACIONES""]}]",,,DESCRIPTIVO_PENDIENTE_G1_C02,L
1057,-0.7261062180480896,0.0952720987186265,13,left,1.0,"[20629, 20630, 20631, 20632, 20633, 20634, 20635, 20636, 20637, 21217, 21218, 21219, 42724]","[{""votacion_id"": 20627, ""razones"": [""SIN_VARIANZA_O_MENOS_DE_DOS_OBSERVACIONES""]}, {""votacion_id"": 20628, ""razones"": [""SIN_VARIANZA_O_MENOS_DE_DOS_OBSERVACIONES""]}]",,,DESCRIPTIVO_PENDIENTE_G1_C02,L
1058,-0.7147086138910308,0.0897754948188909,12,left,0.9333333333333333,"[20629, 20630, 20631, 20632, 20633, 20634, 20635, 20636, 20637, 21217, 21218, 21219]","[{""votacion_id"": 20627, ""razones"": [""SIN_VARIANZA_O_MENOS_DE_DOS_OBSERVACIONES""]}, {""votacion_id"": 20628, ""razones"": [""SIN_VARIANZA_O_MENOS_DE_DOS_OBSERVACIONES""]}, {""votacion_id"": 42724, ""razones"": [""SIN_DECISION_SUSTANTIVA_INDIVIDUAL""]}]",,,DESCRIPTIVO_PENDIENTE_G1_C02,L
1059,-0.31735175239710645,0.7027025947067974,13,left,1.0,"[20629, 20630, 20631, 20632, 20633, 20634, 20635, 20636, 20637, 21217, 21218, 21219, 42724]","[{""votacion_id"": 20627, ""razones"": [""SIN_VARIANZA_O_MENOS_DE_DOS_OBSERVACIONES""]}, {""votacion_id"": 20628, ""razones"": [""SIN_VARIANZA_O_MENOS_DE_DOS_OBSERVACIONES""]}]",,,DESCRIPTIVO_PENDIENTE_G1_C02,L
1062,-0.7261062180480896,0.0952720987186265,13,left,1.0,"[20629, 20630, 20631, 20632, 20633, 20634, 20635, 20636, 20637, 21217, 21218, 21219, 42724]","[{""votacion_id"": 20627, ""razones"": [""SIN_VARIANZA_O_MENOS_DE_DOS_OBSERVACIONES""]}, {""votacion_id"": 20628, ""razones"": [""SIN_VARIANZA_O_MENOS_DE_DOS_OBSERVACIONES""]}]",,,DESCRIPTIVO_PENDIENTE_G1_C02,L
1065,1.3742136958728979,0.3293414842300105,13,right,1.0,"[20629, 20630, 20631, 20632, 20633, 20634, 20635, 20636, 20637, 21217, 21218, 21219, 42724]","[{""votacion_id"": 20627, ""razones"": [""SIN_VARIANZA_O_MENOS_DE_DOS_OBSERVACIONES""]}, {""votacion_id"": 20628, ""razones"": [""SIN_VARIANZA_O_MENOS_DE_DOS_OBSERVACIONES""]}]",,,DESCRIPTIVO_PENDIENTE_G1_C02,R
1067,-0.31735175239710645,0.7027025947067974,13,left,1.0,"[20629, 20630, 20631, 20632, 20633, 20634, 20635, 20636, 20637, 21217, 21218, 21219, 42724]","[{""votacion_id"": 20627, ""razones"": [""SIN_VARIANZA_O_MENOS_DE_DOS_OBSERVACIONES""]}, {""votacion_id"": 20628, ""razones"": [""SIN_VARIANZA_O_MENOS_DE_DOS_OBSERVACIONES""]}]",,,DESCRIPTIVO_PENDIENTE_G1_C02,L
1068,-0.7261062180480896,0.0952720987186265,13,left,0.8666666666666667,"[20629, 20630, 20631, 20632, 20633, 20634, 20635, 20636, 20637, 21217, 21218, 21219, 42724]","[{""votacion_id"": 20627, ""razones"": [""SIN_VARIANZA_O_MENOS_DE_DOS_OBSERVACIONES"", ""SIN_DECISION_SUSTANTIVA_INDIVIDUAL""]}, {""votacion_id"": 20628, ""razones"": [""SIN_VARIANZA_O_MENOS_DE_DOS_OBSERVACIONES"", ""SIN_DECISION_SUSTANTIVA_INDIVIDUAL""]}]",,,DESCRIPTIVO_PENDIENTE_G1_C02,L
1073,-0.7261062180480896,0.0952720987186265,13,left,1.0,"[20629, 20630, 20631, 20632, 20633, 20634, 20635, 20636, 20637, 21217, 21218, 21219, 42724]","[{""votacion_id"": 20627, ""razones"": [""SIN_VARIANZA_O_MENOS_DE_DOS_OBSERVACIONES""]}, {""votacion_id"": 20628, ""razones"": [""SIN_VARIANZA_O_MENOS_DE_DOS_OBSERVACIONES""]}]",,,DESCRIPTIVO_PENDIENTE_G1_C02,L
1074,-0.8628774679327957,,1,left,0.13333333333333333,[42724],"[{""votacion_id"": 20627, ""razones"": [""SIN_VARIANZA_O_MENOS_DE_DOS_OBSERVACIONES""]}, {""votacion_id"": 20628, ""razones"": [""SIN_VARIANZA_O_MENOS_DE_DOS_OBSERVACIONES"", ""SIN_DECISION_SUSTANTIVA_INDIVIDUAL""]}, {""votacion_id"": 20629, ""razones"": [""SIN_DECISION_SUSTANTIVA_INDIVIDUAL""]}, {""votacion_id"": 20630, ""razones"": [""SIN_DECISION_SUSTANTIVA_INDIVIDUAL""]}, {""votacion_id"": 20631, ""razones"": [""SIN_DECISION_SUSTANTIVA_INDIVIDUAL""]}, {""votacion_id"": 20632, ""razones"": [""SIN_DECISION_SUSTANTIVA_INDIVIDUAL""]}, {""votacion_id"": 20633, ""razones"": [""SIN_DECISION_SUSTANTIVA_INDIVIDUAL""]}, {""votacion_id"": 20634, ""razones"": [""SIN_DECISION_SUSTANTIVA_INDIVIDUAL""]}, {""votacion_id"": 20635, ""razones"": [""SIN_DECISION_SUSTANTIVA_INDIVIDUAL""]}, {""votacion_id"": 20636, ""razones"": [""SIN_DECISION_SUSTANTIVA_INDIVIDUAL""]}, {""votacion_id"": 20637, ""razones"": [""SIN_DECISION_SUSTANTIVA_INDIVIDUAL""]}, {""votacion_id"": 21217, ""razones"": [""SIN_DECISION_SUSTANTIVA_INDIVIDUAL""]}, {""votacion_id"": 21218, ""razones"": [""SIN_DECISION_SUSTANTIVA_INDIVIDUAL""]}, {""votacion_id"": 21219, ""razones"": [""SIN_DECISION_SUSTANTIVA_INDIVIDUAL""]}]",,MENOS_DE_DOS_VOTACIONES,DESCRIPTIVO_PENDIENTE_G1_C02,L
1076,-0.7147086138910308,0.0897754948188909,12,left,0.8,"[20629, 20630, 20631, 20632, 20633, 20634, 20635, 20636, 20637, 21217, 21218, 21219]","[{""votacion_id"": 20627, ""razones"": [""SIN_VARIANZA_O_MENOS_DE_DOS_OBSERVACIONES"", ""SIN_DECISION_SUSTANTIVA_INDIVIDUAL""]}, {""votacion_id"": 20628, ""razones"": [""SIN_VARIANZA_O_MENOS_DE_DOS_OBSERVACIONES"", ""SIN_DECISION_SUSTANTIVA_INDIVIDUAL""]}, {""votacion_id"": 42724, ""razones"": [""SIN_DECISION_SUSTANTIVA_INDIVIDUAL""]}]",,,DESCRIPTIVO_PENDIENTE_G1_C02,L
1077,-0.7147086138910308,0.0897754948188909,12,left,0.8,"[20629, 20630, 20631, 20632, 20633, 20634, 20635, 20636, 20637, 21217, 21218, 21219]","[{""votacion_id"": 20627, ""razones"": [""SIN_VARIANZA_O_MENOS_DE_DOS_OBSERVACIONES"", ""SIN_DECISION_SUSTANTIVA_INDIVIDUAL""]}, {""votacion_id"": 20628, ""razones"": [""SIN_VARIANZA_O_MENOS_DE_DOS_OBSERVACIONES"", ""SIN_DECISION_SUSTANTIVA_INDIVIDUAL""]}, {""votacion_id"": 42724, ""razones"": [""SIN_DECISION_SUSTANTIVA_INDIVIDUAL""]}]",,,DESCRIPTIVO_PENDIENTE_G1_C02,L
1081,-0.24688072868404082,0.8561800613088678,13,left,1.0,"[20629, 20630, 20631, 20632, 20633, 20634, 20635, 20636, 20637, 21217, 21218, 21219, 42724]","[{""votacion_id"": 20627, ""razones"": [""SIN_VARIANZA_O_MENOS_DE_DOS_OBSERVACIONES""]}, {""votacion_id"": 20628, ""razones"": [""SIN_VARIANZA_O_MENOS_DE_DOS_OBSERVACIONES""]}]",,,DESCRIPTIVO_PENDIENTE_G1_C02,L
1082,1.439036859589037,0.1547064881995428,12,right,0.9333333333333333,"[20629, 20630, 20631, 20632, 20633, 20634, 20635, 20636, 20637, 21217, 21218, 21219]","[{""votacion_id"": 20627, ""razones"": [""SIN_VARIANZA_O_MENOS_DE_DOS_OBSERVACIONES""]}, {""votacion_id"": 20628, ""razones"": [""SIN_VARIANZA_O_MENOS_DE_DOS_OBSERVACIONES""]}, {""votacion_id"": 42724, ""razones"": [""SIN_DECISION_SUSTANTIVA_INDIVIDUAL""]}]",,,DESCRIPTIVO_PENDIENTE_G1_C02,R
1086,-0.7147086138910308,0.0897754948188909,12,left,0.9333333333333333,"[20629, 20630, 20631, 20632, 20633, 20634, 20635, 20636, 20637, 21217, 21218, 21219]","[{""votacion_id"": 20627, ""razones"": [""SIN_VARIANZA_O_MENOS_DE_DOS_OBSERVACIONES""]}, {""votacion_id"": 20628, ""razones"": [""SIN_VARIANZA_O_MENOS_DE_DOS_OBSERVACIONES""]}, {""votacion_id"": 42724, ""razones"": [""SIN_DECISION_SUSTANTIVA_INDIVIDUAL""]}]",,,DESCRIPTIVO_PENDIENTE_G1_C02,L
1087,-0.7261062180480896,0.0952720987186265,13,left,1.0,"[20629, 20630, 20631, 20632, 20633, 20634, 20635, 20636, 20637, 21217, 21218, 21219, 42724]","[{""votacion_id"": 20627, ""razones"": [""SIN_VARIANZA_O_MENOS_DE_DOS_OBSERVACIONES""]}, {""votacion_id"": 20628, ""razones"": [""SIN_VARIANZA_O_MENOS_DE_DOS_OBSERVACIONES""]}]",,,DESCRIPTIVO_PENDIENTE_G1_C02,L
1094,1.2936733445380084,0.6180491261775446,13,right,1.0,"[20629, 20630, 20631, 20632, 20633, 20634, 20635, 20636, 20637, 21217, 21218, 21219, 42724]","[{""votacion_id"": 20627, ""razones"": [""SIN_VARIANZA_O_MENOS_DE_DOS_OBSERVACIONES""]}, {""votacion_id"": 20628, ""razones"": [""SIN_VARIANZA_O_MENOS_DE_DOS_OBSERVACIONES""]}]",,,DESCRIPTIVO_PENDIENTE_G1_C02,R
1096,-0.7261062180480896,0.0952720987186265,13,left,1.0,"[20629, 20630, 20631, 20632, 20633, 20634, 20635, 20636, 20637, 21217, 21218, 21219, 42724]","[{""votacion_id"": 20627, ""razones"": [""SIN_VARIANZA_O_MENOS_DE_DOS_OBSERVACIONES""]}, {""votacion_id"": 20628, ""razones"": [""SIN_VARIANZA_O_MENOS_DE_DOS_OBSERVACIONES""]}]",,,DESCRIPTIVO_PENDIENTE_G1_C02,L
1097,-0.7261062180480896,0.0952720987186265,13,left,1.0,"[20629, 20630, 20631, 20632, 20633, 20634, 20635, 20636, 20637, 21217, 21218, 21219, 42724]","[{""votacion_id"": 20627, ""razones"": [""SIN_VARIANZA_O_MENOS_DE_DOS_OBSERVACIONES""]}, {""votacion_id"": 20628, ""razones"": [""SIN_VARIANZA_O_MENOS_DE_DOS_OBSERVACIONES""]}]",,,DESCRIPTIVO_PENDIENTE_G1_C02,L
1098,1.1914955029896765,0.6485897429973884,13,right,0.9333333333333333,"[20629, 20630, 20631, 20632, 20633, 20634, 20635, 20636, 20637, 21217, 21218, 21219, 42724]","[{""votacion_id"": 20627, ""razones"": [""SIN_VARIANZA_O_MENOS_DE_DOS_OBSERVACIONES"", ""SIN_DECISION_SUSTANTIVA_INDIVIDUAL""]}, {""votacion_id"": 20628, ""razones"": [""SIN_VARIANZA_O_MENOS_DE_DOS_OBSERVACIONES""]}]",,,DESCRIPTIVO_PENDIENTE_G1_C02,R
1099,-0.627907307050469,0.32455519121939835,13,left,1.0,"[20629, 20630, 20631, 20632, 20633, 20634, 20635, 20636, 20637, 21217, 21218, 21219, 42724]","[{""votacion_id"": 20627, ""razones"": [""SIN_VARIANZA_O_MENOS_DE_DOS_OBSERVACIONES""]}, {""votacion_id"": 20628, ""razones"": [""SIN_VARIANZA_O_MENOS_DE_DOS_OBSERVACIONES""]}]",,,DESCRIPTIVO_PENDIENTE_G1_C02,L
1100,1.4583643486979834,0.16369411481515167,13,right,1.0,"[20629, 20630, 20631, 20632, 20633, 20634, 20635, 20636, 20637, 21217, 21218, 21219, 42724]","[{""votacion_id"": 20627, ""razones"": [""SIN_VARIANZA_O_MENOS_DE_DOS_OBSERVACIONES""]}, {""votacion_id"": 20628, ""razones"": [""SIN_VARIANZA_O_MENOS_DE_DOS_OBSERVACIONES""]}]",,,DESCRIPTIVO_PENDIENTE_G1_C02,R
1101,-0.7261062180480896,0.0952720987186265,13,left,1.0,"[20629, 20630, 20631, 20632, 20633, 20634, 20635, 20636, 20637, 21217, 21218, 21219, 42724]","[{""votacion_id"": 20627, ""razones"": [""SIN_VARIANZA_O_MENOS_DE_DOS_OBSERVACIONES""]}, {""votacion_id"": 20628, ""razones"": [""SIN_VARIANZA_O_MENOS_DE_DOS_OBSERVACIONES""]}]",,,DESCRIPTIVO_PENDIENTE_G1_C02,L
1102,1.2563110969857936,0.631927664556214,12,right,0.9333333333333333,"[20629, 20630, 20631, 20632, 20633, 20634, 20635, 20636, 20637, 21217, 21218, 21219]","[{""votacion_id"": 20627, ""razones"": [""SIN_VARIANZA_O_MENOS_DE_DOS_OBSERVACIONES""]}, {""votacion_id"": 20628, ""razones"": [""SIN_VARIANZA_O_MENOS_DE_DOS_OBSERVACIONES""]}, {""votacion_id"": 42724, ""razones"": [""SIN_DECISION_SUSTANTIVA_INDIVIDUAL""]}]",,,DESCRIPTIVO_PENDIENTE_G1_C02,R
1103,-0.7261062180480896,0.0952720987186265,13,left,0.8666666666666667,"[20629, 20630, 20631, 20632, 20633, 20634, 20635, 20636, 20637, 21217, 21218, 21219, 42724]","[{""votacion_id"": 20627, ""razones"": [""SIN_VARIANZA_O_MENOS_DE_DOS_OBSERVACIONES"", ""SIN_DECISION_SUSTANTIVA_INDIVIDUAL""]}, {""votacion_id"": 20628, ""razones"": [""SIN_VARIANZA_O_MENOS_DE_DOS_OBSERVACIONES"", ""SIN_DECISION_SUSTANTIVA_INDIVIDUAL""]}]",,,DESCRIPTIVO_PENDIENTE_G1_C02,L
1104,1.4583643486979834,0.16369411481515167,13,right,1.0,"[20629, 20630, 20631, 20632, 20633, 20634, 20635, 20636, 20637, 21217, 21218, 21219, 42724]","[{""votacion_id"": 20627, ""razones"": [""SIN_VARIANZA_O_MENOS_DE_DOS_OBSERVACIONES""]}, {""votacion_id"": 20628, ""razones"": [""SIN_VARIANZA_O_MENOS_DE_DOS_OBSERVACIONES""]}]",,,DESCRIPTIVO_PENDIENTE_G1_C02,R
1105,-0.7261062180480896,0.0952720987186265,13,left,1.0,"[20629, 20630, 20631, 20632, 20633, 20634, 20635, 20636, 20637, 21217, 21218, 21219, 42724]","[{""votacion_id"": 20627, ""razones"": [""SIN_VARIANZA_O_MENOS_DE_DOS_OBSERVACIONES""]}, {""votacion_id"": 20628, ""razones"": [""SIN_VARIANZA_O_MENOS_DE_DOS_OBSERVACIONES""]}]",,,DESCRIPTIVO_PENDIENTE_G1_C02,L
1106,0.35457669334801245,1.0276344156157,13,left,1.0,"[20629, 20630, 20631, 20632, 20633, 20634, 20635, 20636, 20637, 21217, 21218, 21219, 42724]","[{""votacion_id"": 20627, ""razones"": [""SIN_VARIANZA_O_MENOS_DE_DOS_OBSERVACIONES""]}, {""votacion_id"": 20628, ""razones"": [""SIN_VARIANZA_O_MENOS_DE_DOS_OBSERVACIONES""]}]",,,DESCRIPTIVO_PENDIENTE_G1_C02,L
1107,-0.7147086138910308,0.0897754948188909,12,left,0.9333333333333333,"[20629, 20630, 20631, 20632, 20633, 20634, 20635, 20636, 20637, 21217, 21218, 21219]","[{""votacion_id"": 20627, ""razones"": [""SIN_VARIANZA_O_MENOS_DE_DOS_OBSERVACIONES""]}, {""votacion_id"": 20628, ""razones"": [""SIN_VARIANZA_O_MENOS_DE_DOS_OBSERVACIONES""]}, {""votacion_id"": 42724, ""razones"": [""SIN_DECISION_SUSTANTIVA_INDIVIDUAL""]}]",,,DESCRIPTIVO_PENDIENTE_G1_C02,L
1108,-0.31735175239710645,0.7027025947067974,13,left,1.0,"[20629, 20630, 20631, 20632, 20633, 20634, 20635, 20636, 20637, 21217, 21218, 21219, 42724]","[{""votacion_id"": 20627, ""razones"": [""SIN_VARIANZA_O_MENOS_DE_DOS_OBSERVACIONES""]}, {""votacion_id"": 20628, ""razones"": [""SIN_VARIANZA_O_MENOS_DE_DOS_OBSERVACIONES""]}]",,,DESCRIPTIVO_PENDIENTE_G1_C02,L
1109,1.2049299424356692,0.4765173832976924,13,right,1.0,"[20629, 20630, 20631, 20632, 20633, 20634, 20635, 20636, 20637, 21217, 21218, 21219, 42724]","[{""votacion_id"": 20627, ""razones"": [""SIN_VARIANZA_O_MENOS_DE_DOS_OBSERVACIONES""]}, {""votacion_id"": 20628, ""razones"": [""SIN_VARIANZA_O_MENOS_DE_DOS_OBSERVACIONES""]}]",,,DESCRIPTIVO_PENDIENTE_G1_C02,R
1110,-0.7261062180480896,0.0952720987186265,13,left,1.0,"[20629, 20630, 20631, 20632, 20633, 20634, 20635, 20636, 20637, 21217, 21218, 21219, 42724]","[{""votacion_id"": 20627, ""razones"": [""SIN_VARIANZA_O_MENOS_DE_DOS_OBSERVACIONES""]}, {""votacion_id"": 20628, ""razones"": [""SIN_VARIANZA_O_MENOS_DE_DOS_OBSERVACIONES""]}]",,,DESCRIPTIVO_PENDIENTE_G1_C02,L
1111,1.360165437700363,0.32063796538529005,13,right,1.0,"[20629, 20630, 20631, 20632, 20633, 20634, 20635, 20636, 20637, 21217, 21218, 21219, 42724]","[{""votacion_id"": 20627, ""razones"": [""SIN_VARIANZA_O_MENOS_DE_DOS_OBSERVACIONES""]}, {""votacion_id"": 20628, ""razones"": [""SIN_VARIANZA_O_MENOS_DE_DOS_OBSERVACIONES""]}]",,,DESCRIPTIVO_PENDIENTE_G1_C02,R
1112,-0.7147086138910308,0.0897754948188909,12,left,0.9333333333333333,"[20629, 20630, 20631, 20632, 20633, 20634, 20635, 20636, 20637, 21217, 21218, 21219]","[{""votacion_id"": 20627, ""razones"": [""SIN_VARIANZA_O_MENOS_DE_DOS_OBSERVACIONES""]}, {""votacion_id"": 20628, ""razones"": [""SIN_VARIANZA_O_MENOS_DE_DOS_OBSERVACIONES""]}, {""votacion_id"": 42724, ""razones"": [""SIN_DECISION_SUSTANTIVA_INDIVIDUAL""]}]",,,DESCRIPTIVO_PENDIENTE_G1_C02,L
1113,1.2890805952607545,0.4198376666817237,13,right,1.0,"[20629, 20630, 20631, 20632, 20633, 20634, 20635, 20636, 20637, 21217, 21218, 21219, 42724]","[{""votacion_id"": 20627, ""razones"": [""SIN_VARIANZA_O_MENOS_DE_DOS_OBSERVACIONES""]}, {""votacion_id"": 20628, ""razones"": [""SIN_VARIANZA_O_MENOS_DE_DOS_OBSERVACIONES""]}]",,,DESCRIPTIVO_PENDIENTE_G1_C02,R
1114,-0.7261062180480896,0.0952720987186265,13,left,1.0,"[20629, 20630, 20631, 20632, 20633, 20634, 20635, 20636, 20637, 21217, 21218, 21219, 42724]","[{""votacion_id"": 20627, ""razones"": [""SIN_VARIANZA_O_MENOS_DE_DOS_OBSERVACIONES""]}, {""votacion_id"": 20628, ""razones"": [""SIN_VARIANZA_O_MENOS_DE_DOS_OBSERVACIONES""]}]",,,DESCRIPTIVO_PENDIENTE_G1_C02,L
1115,-0.7147086138910308,0.0897754948188909,12,left,0.9333333333333333,"[20629, 20630, 20631, 20632, 20633, 20634, 20635, 20636, 20637, 21217, 21218, 21219]","[{""votacion_id"": 20627, ""razones"": [""SIN_VARIANZA_O_MENOS_DE_DOS_OBSERVACIONES""]}, {""votacion_id"": 20628, ""razones"": [""SIN_VARIANZA_O_MENOS_DE_DOS_OBSERVACIONES""]}, {""votacion_id"": 42724, ""razones"": [""SIN_DECISION_SUSTANTIVA_INDIVIDUAL""]}]",,,DESCRIPTIVO_PENDIENTE_G1_C02,L
1116,-0.7261062180480896,0.0952720987186265,13,left,1.0,"[20629, 20630, 20631, 20632, 20633, 20634, 20635, 20636, 20637, 21217, 21218, 21219, 42724]","[{""votacion_id"": 20627, ""razones"": [""SIN_VARIANZA_O_MENOS_DE_DOS_OBSERVACIONES""]}, {""votacion_id"": 20628, ""razones"": [""SIN_VARIANZA_O_MENOS_DE_DOS_OBSERVACIONES""]}]",,,DESCRIPTIVO_PENDIENTE_G1_C02,L
1117,-0.7261062180480896,0.0952720987186265,13,left,1.0,"[20629, 20630, 20631, 20632, 20633, 20634, 20635, 20636, 20637, 21217, 21218, 21219, 42724]","[{""votacion_id"": 20627, ""razones"": [""SIN_VARIANZA_O_MENOS_DE_DOS_OBSERVACIONES""]}, {""votacion_id"": 20628, ""razones"": [""SIN_VARIANZA_O_MENOS_DE_DOS_OBSERVACIONES""]}]",,,DESCRIPTIVO_PENDIENTE_G1_C02,L
1118,-0.7261062180480896,0.0952720987186265,13,left,1.0,"[20629, 20630, 20631, 20632, 20633, 20634, 20635, 20636, 20637, 21217, 21218, 21219, 42724]","[{""votacion_id"": 20627, ""razones"": [""SIN_VARIANZA_O_MENOS_DE_DOS_OBSERVACIONES""]}, {""votacion_id"": 20628, ""razones"": [""SIN_VARIANZA_O_MENOS_DE_DOS_OBSERVACIONES""]}]",,,DESCRIPTIVO_PENDIENTE_G1_C02,L
1119,-0.2252059467528054,0.6303823284790041,13,left,1.0,"[20629, 20630, 20631, 20632, 20633, 20634, 20635, 20636, 20637, 21217, 21218, 21219, 42724]","[{""votacion_id"": 20627, ""razones"": [""SIN_VARIANZA_O_MENOS_DE_DOS_OBSERVACIONES""]}, {""votacion_id"": 20628, ""razones"": [""SIN_VARIANZA_O_MENOS_DE_DOS_OBSERVACIONES""]}]",,,DESCRIPTIVO_PENDIENTE_G1_C02,L
1120,-0.31735175239710645,0.7027025947067974,13,left,1.0,"[20629, 20630, 20631, 20632, 20633, 20634, 20635, 20636, 20637, 21217, 21218, 21219, 42724]","[{""votacion_id"": 20627, ""razones"": [""SIN_VARIANZA_O_MENOS_DE_DOS_OBSERVACIONES""]}, {""votacion_id"": 20628, ""razones"": [""SIN_VARIANZA_O_MENOS_DE_DOS_OBSERVACIONES""]}]",,,DESCRIPTIVO_PENDIENTE_G1_C02,L
1121,1.3726690984578604,0.32637596915659156,13,right,1.0,"[20629, 20630, 20631, 20632, 20633, 20634, 20635, 20636, 20637, 21217, 21218, 21219, 42724]","[{""votacion_id"": 20627, ""razones"": [""SIN_VARIANZA_O_MENOS_DE_DOS_OBSERVACIONES""]}, {""votacion_id"": 20628, ""razones"": [""SIN_VARIANZA_O_MENOS_DE_DOS_OBSERVACIONES""]}]",,,DESCRIPTIVO_PENDIENTE_G1_C02,R
1122,-0.7261062180480896,0.0952720987186265,13,left,1.0,"[20629, 20630, 20631, 20632, 20633, 20634, 20635, 20636, 20637, 21217, 21218, 21219, 42724]","[{""votacion_id"": 20627, ""razones"": [""SIN_VARIANZA_O_MENOS_DE_DOS_OBSERVACIONES""]}, {""votacion_id"": 20628, ""razones"": [""SIN_VARIANZA_O_MENOS_DE_DOS_OBSERVACIONES""]}]",,,DESCRIPTIVO_PENDIENTE_G1_C02,L
1123,1.4583643486979834,0.16369411481515167,13,right,1.0,"[20629, 20630, 20631, 20632, 20633, 20634, 20635, 20636, 20637, 21217, 21218, 21219, 42724]","[{""votacion_id"": 20627, ""razones"": [""SIN_VARIANZA_O_MENOS_DE_DOS_OBSERVACIONES""]}, {""votacion_id"": 20628, ""razones"": [""SIN_VARIANZA_O_MENOS_DE_DOS_OBSERVACIONES""]}]",,,DESCRIPTIVO_PENDIENTE_G1_C02,R
1124,-0.7147086138910308,0.0897754948188909,12,left,0.9333333333333333,"[20629, 20630, 20631, 20632, 20633, 20634, 20635, 20636, 20637, 21217, 21218, 21219]","[{""votacion_id"": 20627, ""razones"": [""SIN_VARIANZA_O_MENOS_DE_DOS_OBSERVACIONES""]}, {""votacion_id"": 20628, ""razones"": [""SIN_VARIANZA_O_MENOS_DE_DOS_OBSERVACIONES""]}, {""votacion_id"": 42724, ""razones"": [""SIN_DECISION_SUSTANTIVA_INDIVIDUAL""]}]",,,DESCRIPTIVO_PENDIENTE_G1_C02,L
1125,-0.7261062180480896,0.0952720987186265,13,left,1.0,"[20629, 20630, 20631, 20632, 20633, 20634, 20635, 20636, 20637, 21217, 21218, 21219, 42724]","[{""votacion_id"": 20627, ""razones"": [""SIN_VARIANZA_O_MENOS_DE_DOS_OBSERVACIONES""]}, {""votacion_id"": 20628, ""razones"": [""SIN_VARIANZA_O_MENOS_DE_DOS_OBSERVACIONES""]}]",,,DESCRIPTIVO_PENDIENTE_G1_C02,L
1126,1.360165437700363,0.32063796538529005,13,right,1.0,"[20629, 20630, 20631, 20632, 20633, 20634, 20635, 20636, 20637, 21217, 21218, 21219, 42724]","[{""votacion_id"": 20627, ""razones"": [""SIN_VARIANZA_O_MENOS_DE_DOS_OBSERVACIONES""]}, {""votacion_id"": 20628, ""razones"": [""SIN_VARIANZA_O_MENOS_DE_DOS_OBSERVACIONES""]}]",,,DESCRIPTIVO_PENDIENTE_G1_C02,R
1127,-0.7261062180480896,0.0952720987186265,13,left,1.0,"[20629, 20630, 20631, 20632, 20633, 20634, 20635, 20636, 20637, 21217, 21218, 21219, 42724]","[{""votacion_id"": 20627, ""razones"": [""SIN_VARIANZA_O_MENOS_DE_DOS_OBSERVACIONES""]}, {""votacion_id"": 20628, ""razones"": [""SIN_VARIANZA_O_MENOS_DE_DOS_OBSERVACIONES""]}]",,,DESCRIPTIVO_PENDIENTE_G1_C02,L
1128,-0.7261062180480896,0.0952720987186265,13,left,1.0,"[20629, 20630, 20631, 20632, 20633, 20634, 20635, 20636, 20637, 21217, 21218, 21219, 42724]","[{""votacion_id"": 20627, ""razones"": [""SIN_VARIANZA_O_MENOS_DE_DOS_OBSERVACIONES""]}, {""votacion_id"": 20628, ""razones"": [""SIN_VARIANZA_O_MENOS_DE_DOS_OBSERVACIONES""]}]",,,DESCRIPTIVO_PENDIENTE_G1_C02,L
1129,-0.7261062180480896,0.0952720987186265,13,left,1.0,"[20629, 20630, 20631, 20632, 20633, 20634, 20635, 20636, 20637, 21217, 21218, 21219, 42724]","[{""votacion_id"": 20627, ""razones"": [""SIN_VARIANZA_O_MENOS_DE_DOS_OBSERVACIONES""]}, {""votacion_id"": 20628, ""razones"": [""SIN_VARIANZA_O_MENOS_DE_DOS_OBSERVACIONES""]}]",,,DESCRIPTIVO_PENDIENTE_G1_C02,L
1131,0.8544237879872191,0.6710022202560485,13,right,0.9333333333333333,"[20629, 20630, 20631, 20632, 20633, 20634, 20635, 20636, 20637, 21217, 21218, 21219, 42724]","[{""votacion_id"": 20627, ""razones"": [""SIN_VARIANZA_O_MENOS_DE_DOS_OBSERVACIONES"", ""SIN_DECISION_SUSTANTIVA_INDIVIDUAL""]}, {""votacion_id"": 20628, ""razones"": [""SIN_VARIANZA_O_MENOS_DE_DOS_OBSERVACIONES""]}]",,,DESCRIPTIVO_PENDIENTE_G1_C02,R
1132,0.09978143485042047,0.9225487351266052,13,left,1.0,"[20629, 20630, 20631, 20632, 20633, 20634, 20635, 20636, 20637, 21217, 21218, 21219, 42724]","[{""votacion_id"": 20627, ""razones"": [""SIN_VARIANZA_O_MENOS_DE_DOS_OBSERVACIONES""]}, {""votacion_id"": 20628, ""razones"": [""SIN_VARIANZA_O_MENOS_DE_DOS_OBSERVACIONES""]}]",,,DESCRIPTIVO_PENDIENTE_G1_C02,L
1133,1.4583643486979834,0.16369411481515167,13,right,0.9333333333333333,"[20629, 20630, 20631, 20632, 20633, 20634, 20635, 20636, 20637, 21217, 21218, 21219, 42724]","[{""votacion_id"": 20627, ""razones"": [""SIN_VARIANZA_O_MENOS_DE_DOS_OBSERVACIONES"", ""SIN_DECISION_SUSTANTIVA_INDIVIDUAL""]}, {""votacion_id"": 20628, ""razones"": [""SIN_VARIANZA_O_MENOS_DE_DOS_OBSERVACIONES""]}]",,,DESCRIPTIVO_PENDIENTE_G1_C02,R
1135,1.360165437700363,0.32063796538529005,13,right,1.0,"[20629, 20630, 20631, 20632, 20633, 20634, 20635, 20636, 20637, 21217, 21218, 21219, 42724]","[{""votacion_id"": 20627, ""razones"": [""SIN_VARIANZA_O_MENOS_DE_DOS_OBSERVACIONES""]}, {""votacion_id"": 20628, ""razones"": [""SIN_VARIANZA_O_MENOS_DE_DOS_OBSERVACIONES""]}]",,,DESCRIPTIVO_PENDIENTE_G1_C02,R
1136,-0.06960187300870489,0.8398787841865515,13,left,1.0,"[20629, 20630, 20631, 20632, 20633, 20634, 20635, 20636, 20637, 21217, 21218, 21219, 42724]","[{""votacion_id"": 20627, ""razones"": [""SIN_VARIANZA_O_MENOS_DE_DOS_OBSERVACIONES""]}, {""votacion_id"": 20628, ""razones"": [""SIN_VARIANZA_O_MENOS_DE_DOS_OBSERVACIONES""]}]",,,DESCRIPTIVO_PENDIENTE_G1_C02,L
1137,-0.7147086138910308,0.0897754948188909,12,left,0.9333333333333333,"[20629, 20630, 20631, 20632, 20633, 20634, 20635, 20636, 20637, 21217, 21218, 21219]","[{""votacion_id"": 20627, ""razones"": [""SIN_VARIANZA_O_MENOS_DE_DOS_OBSERVACIONES""]}, {""votacion_id"": 20628, ""razones"": [""SIN_VARIANZA_O_MENOS_DE_DOS_OBSERVACIONES""]}, {""votacion_id"": 42724, ""razones"": [""SIN_DECISION_SUSTANTIVA_INDIVIDUAL""]}]",,,DESCRIPTIVO_PENDIENTE_G1_C02,L
1138,1.2570592343995848,0.621095201046443,12,right,0.9333333333333333,"[20629, 20630, 20631, 20632, 20633, 20634, 20635, 20636, 20637, 21217, 21218, 21219]","[{""votacion_id"": 20627, ""razones"": [""SIN_VARIANZA_O_MENOS_DE_DOS_OBSERVACIONES""]}, {""votacion_id"": 20628, ""razones"": [""SIN_VARIANZA_O_MENOS_DE_DOS_OBSERVACIONES""]}, {""votacion_id"": 42724, ""razones"": [""SIN_DECISION_SUSTANTIVA_INDIVIDUAL""]}]",,,DESCRIPTIVO_PENDIENTE_G1_C02,R
1139,1.360165437700363,0.32063796538529005,13,right,1.0,"[20629, 20630, 20631, 20632, 20633, 20634, 20635, 20636, 20637, 21217, 21218, 21219, 42724]","[{""votacion_id"": 20627, ""razones"": [""SIN_VARIANZA_O_MENOS_DE_DOS_OBSERVACIONES""]}, {""votacion_id"": 20628, ""razones"": [""SIN_VARIANZA_O_MENOS_DE_DOS_OBSERVACIONES""]}]",,,DESCRIPTIVO_PENDIENTE_G1_C02,R
1140,1.360165437700363,0.32063796538529005,13,right,1.0,"[20629, 20630, 20631, 20632, 20633, 20634, 20635, 20636, 20637, 21217, 21218, 21219, 42724]","[{""votacion_id"": 20627, ""razones"": [""SIN_VARIANZA_O_MENOS_DE_DOS_OBSERVACIONES""]}, {""votacion_id"": 20628, ""razones"": [""SIN_VARIANZA_O_MENOS_DE_DOS_OBSERVACIONES""]}]",,,DESCRIPTIVO_PENDIENTE_G1_C02,R
1142,-0.7261062180480896,0.0952720987186265,13,left,1.0,"[20629, 20630, 20631, 20632, 20633, 20634, 20635, 20636, 20637, 21217, 21218, 21219, 42724]","[{""votacion_id"": 20627, ""razones"": [""SIN_VARIANZA_O_MENOS_DE_DOS_OBSERVACIONES""]}, {""votacion_id"": 20628, ""razones"": [""SIN_VARIANZA_O_MENOS_DE_DOS_OBSERVACIONES""]}]",,,DESCRIPTIVO_PENDIENTE_G1_C02,L
1143,1.1207166219267615,0.8074547447262147,13,right,1.0,"[20629, 20630, 20631, 20632, 20633, 20634, 20635, 20636, 20637, 21217, 21218, 21219, 42724]","[{""votacion_id"": 20627, ""razones"": [""SIN_VARIANZA_O_MENOS_DE_DOS_OBSERVACIONES""]}, {""votacion_id"": 20628, ""razones"": [""SIN_VARIANZA_O_MENOS_DE_DOS_OBSERVACIONES""]}]",,,DESCRIPTIVO_PENDIENTE_G1_C02,R
1144,1.360165437700363,0.32063796538529005,13,right,1.0,"[20629, 20630, 20631, 20632, 20633, 20634, 20635, 20636, 20637, 21217, 21218, 21219, 42724]","[{""votacion_id"": 20627, ""razones"": [""SIN_VARIANZA_O_MENOS_DE_DOS_OBSERVACIONES""]}, {""votacion_id"": 20628, ""razones"": [""SIN_VARIANZA_O_MENOS_DE_DOS_OBSERVACIONES""]}]",,,DESCRIPTIVO_PENDIENTE_G1_C02,R
1146,1.4583643486979834,0.16369411481515167,13,right,1.0,"[20629, 20630, 20631, 20632, 20633, 20634, 20635, 20636, 20637, 21217, 21218, 21219, 42724]","[{""votacion_id"": 20627, ""razones"": [""SIN_VARIANZA_O_MENOS_DE_DOS_OBSERVACIONES""]}, {""votacion_id"": 20628, ""razones"": [""SIN_VARIANZA_O_MENOS_DE_DOS_OBSERVACIONES""]}]",,,DESCRIPTIVO_PENDIENTE_G1_C02,R
1147,-0.7261062180480896,0.0952720987186265,13,left,0.9333333333333333,"[20629, 20630, 20631, 20632, 20633, 20634, 20635, 20636, 20637, 21217, 21218, 21219, 42724]","[{""votacion_id"": 20627, ""razones"": [""SIN_VARIANZA_O_MENOS_DE_DOS_OBSERVACIONES"", ""SIN_DECISION_SUSTANTIVA_INDIVIDUAL""]}, {""votacion_id"": 20628, ""razones"": [""SIN_VARIANZA_O_MENOS_DE_DOS_OBSERVACIONES""]}]",,,DESCRIPTIVO_PENDIENTE_G1_C02,L
1148,-0.7261062180480896,0.0952720987186265,13,left,0.8666666666666667,"[20629, 20630, 20631, 20632, 20633, 20634, 20635, 20636, 20637, 21217, 21218, 21219, 42724]","[{""votacion_id"": 20627, ""razones"": [""SIN_VARIANZA_O_MENOS_DE_DOS_OBSERVACIONES"", ""SIN_DECISION_SUSTANTIVA_INDIVIDUAL""]}, {""votacion_id"": 20628, ""razones"": [""SIN_VARIANZA_O_MENOS_DE_DOS_OBSERVACIONES"", ""SIN_DECISION_SUSTANTIVA_INDIVIDUAL""]}]",,,DESCRIPTIVO_PENDIENTE_G1_C02,L
1149,-0.31735175239710645,0.7027025947067974,13,left,1.0,"[20629, 20630, 20631, 20632, 20633, 20634, 20635, 20636, 20637, 21217, 21218, 21219, 42724]","[{""votacion_id"": 20627, ""razones"": [""SIN_VARIANZA_O_MENOS_DE_DOS_OBSERVACIONES""]}, {""votacion_id"": 20628, ""razones"": [""SIN_VARIANZA_O_MENOS_DE_DOS_OBSERVACIONES""]}]",,,DESCRIPTIVO_PENDIENTE_G1_C02,L
1150,1.439036859589037,0.1547064881995428,12,right,0.9333333333333333,"[20629, 20630, 20631, 20632, 20633, 20634, 20635, 20636, 20637, 21217, 21218, 21219]","[{""votacion_id"": 20627, ""razones"": [""SIN_VARIANZA_O_MENOS_DE_DOS_OBSERVACIONES""]}, {""votacion_id"": 20628, ""razones"": [""SIN_VARIANZA_O_MENOS_DE_DOS_OBSERVACIONES""]}, {""votacion_id"": 42724, ""razones"": [""SIN_DECISION_SUSTANTIVA_INDIVIDUAL""]}]",,,DESCRIPTIVO_PENDIENTE_G1_C02,R
1151,-0.7147086138910308,0.0897754948188909,12,left,0.9333333333333333,"[20629, 20630, 20631, 20632, 20633, 20634, 20635, 20636, 20637, 21217, 21218, 21219]","[{""votacion_id"": 20627, ""razones"": [""SIN_VARIANZA_O_MENOS_DE_DOS_OBSERVACIONES""]}, {""votacion_id"": 20628, ""razones"": [""SIN_VARIANZA_O_MENOS_DE_DOS_OBSERVACIONES""]}, {""votacion_id"": 42724, ""razones"": [""SIN_DECISION_SUSTANTIVA_INDIVIDUAL""]}]",,,DESCRIPTIVO_PENDIENTE_G1_C02,L
1153,-0.7261062180480896,0.0952720987186265,13,left,1.0,"[20629, 20630, 20631, 20632, 20633, 20634, 20635, 20636, 20637, 21217, 21218, 21219, 42724]","[{""votacion_id"": 20627, ""razones"": [""SIN_VARIANZA_O_MENOS_DE_DOS_OBSERVACIONES""]}, {""votacion_id"": 20628, ""razones"": [""SIN_VARIANZA_O_MENOS_DE_DOS_OBSERVACIONES""]}]",,,DESCRIPTIVO_PENDIENTE_G1_C02,L
1154,1.439036859589037,0.1547064881995428,12,right,0.9333333333333333,"[20629, 20630, 20631, 20632, 20633, 20634, 20635, 20636, 20637, 21217, 21218, 21219]","[{""votacion_id"": 20627, ""razones"": [""SIN_VARIANZA_O_MENOS_DE_DOS_OBSERVACIONES""]}, {""votacion_id"": 20628, ""razones"": [""SIN_VARIANZA_O_MENOS_DE_DOS_OBSERVACIONES""]}, {""votacion_id"": 42724, ""razones"": [""SIN_DECISION_SUSTANTIVA_INDIVIDUAL""]}]",,,DESCRIPTIVO_PENDIENTE_G1_C02,R
1155,-0.6485285381423154,0.2370032099692073,13,left,1.0,"[20629, 20630, 20631, 20632, 20633, 20634, 20635, 20636, 20637, 21217, 21218, 21219, 42724]","[{""votacion_id"": 20627, ""razones"": [""SIN_VARIANZA_O_MENOS_DE_DOS_OBSERVACIONES""]}, {""votacion_id"": 20628, ""razones"": [""SIN_VARIANZA_O_MENOS_DE_DOS_OBSERVACIONES""]}]",,,DESCRIPTIVO_PENDIENTE_G1_C02,L
1156,-0.7261062180480896,0.0952720987186265,13,left,1.0,"[20629, 20630, 20631, 20632, 20633, 20634, 20635, 20636, 20637, 21217, 21218, 21219, 42724]","[{""votacion_id"": 20627, ""razones"": [""SIN_VARIANZA_O_MENOS_DE_DOS_OBSERVACIONES""]}, {""votacion_id"": 20628, ""razones"": [""SIN_VARIANZA_O_MENOS_DE_DOS_OBSERVACIONES""]}]",,,DESCRIPTIVO_PENDIENTE_G1_C02,L
1158,1.439036859589037,0.1547064881995428,12,right,0.8666666666666667,"[20629, 20630, 20631, 20632, 20633, 20634, 20635, 20636, 20637, 21217, 21218, 21219]","[{""votacion_id"": 20627, ""razones"": [""SIN_VARIANZA_O_MENOS_DE_DOS_OBSERVACIONES"", ""SIN_DECISION_SUSTANTIVA_INDIVIDUAL""]}, {""votacion_id"": 20628, ""razones"": [""SIN_VARIANZA_O_MENOS_DE_DOS_OBSERVACIONES""]}, {""votacion_id"": 42724, ""razones"": [""SIN_DECISION_SUSTANTIVA_INDIVIDUAL""]}]",,,DESCRIPTIVO_PENDIENTE_G1_C02,R
1159,-0.7261062180480896,0.0952720987186265,13,left,1.0,"[20629, 20630, 20631, 20632, 20633, 20634, 20635, 20636, 20637, 21217, 21218, 21219, 42724]","[{""votacion_id"": 20627, ""razones"": [""SIN_VARIANZA_O_MENOS_DE_DOS_OBSERVACIONES""]}, {""votacion_id"": 20628, ""razones"": [""SIN_VARIANZA_O_MENOS_DE_DOS_OBSERVACIONES""]}]",,,DESCRIPTIVO_PENDIENTE_G1_C02,L
1160,-0.7261062180480896,0.0952720987186265,13,left,1.0,"[20629, 20630, 20631, 20632, 20633, 20634, 20635, 20636, 20637, 21217, 21218, 21219, 42724]","[{""votacion_id"": 20627, ""razones"": [""SIN_VARIANZA_O_MENOS_DE_DOS_OBSERVACIONES""]}, {""votacion_id"": 20628, ""razones"": [""SIN_VARIANZA_O_MENOS_DE_DOS_OBSERVACIONES""]}]",,,DESCRIPTIVO_PENDIENTE_G1_C02,L
1161,-0.7261062180480896,0.0952720987186265,13,left,1.0,"[20629, 20630, 20631, 20632, 20633, 20634, 20635, 20636, 20637, 21217, 21218, 21219, 42724]","[{""votacion_id"": 20627, ""razones"": [""SIN_VARIANZA_O_MENOS_DE_DOS_OBSERVACIONES""]}, {""votacion_id"": 20628, ""razones"": [""SIN_VARIANZA_O_MENOS_DE_DOS_OBSERVACIONES""]}]",,,DESCRIPTIVO_PENDIENTE_G1_C02,L
1162,-0.7261062180480896,0.0952720987186265,13,left,1.0,"[20629, 20630, 20631, 20632, 20633, 20634, 20635, 20636, 20637, 21217, 21218, 21219, 42724]","[{""votacion_id"": 20627, ""razones"": [""SIN_VARIANZA_O_MENOS_DE_DOS_OBSERVACIONES""]}, {""votacion_id"": 20628, ""razones"": [""SIN_VARIANZA_O_MENOS_DE_DOS_OBSERVACIONES""]}]",,,DESCRIPTIVO_PENDIENTE_G1_C02,L
1163,-0.15123400194025322,0.8463438971536459,13,left,1.0,"[20629, 20630, 20631, 20632, 20633, 20634, 20635, 20636, 20637, 21217, 21218, 21219, 42724]","[{""votacion_id"": 20627, ""razones"": [""SIN_VARIANZA_O_MENOS_DE_DOS_OBSERVACIONES""]}, {""votacion_id"": 20628, ""razones"": [""SIN_VARIANZA_O_MENOS_DE_DOS_OBSERVACIONES""]}]",,,DESCRIPTIVO_PENDIENTE_G1_C02,L
1164,-0.7147086138910308,0.0897754948188909,12,left,0.9333333333333333,"[20629, 20630, 20631, 20632, 20633, 20634, 20635, 20636, 20637, 21217, 21218, 21219]","[{""votacion_id"": 20627, ""razones"": [""SIN_VARIANZA_O_MENOS_DE_DOS_OBSERVACIONES""]}, {""votacion_id"": 20628, ""razones"": [""SIN_VARIANZA_O_MENOS_DE_DOS_OBSERVACIONES""]}, {""votacion_id"": 42724, ""razones"": [""SIN_DECISION_SUSTANTIVA_INDIVIDUAL""]}]",,,DESCRIPTIVO_PENDIENTE_G1_C02,L
1165,1.4583643486979834,0.16369411481515167,13,right,1.0,"[20629, 20630, 20631, 20632, 20633, 20634, 20635, 20636, 20637, 21217, 21218, 21219, 42724]","[{""votacion_id"": 20627, ""razones"": [""SIN_VARIANZA_O_MENOS_DE_DOS_OBSERVACIONES""]}, {""votacion_id"": 20628, ""razones"": [""SIN_VARIANZA_O_MENOS_DE_DOS_OBSERVACIONES""]}]",,,DESCRIPTIVO_PENDIENTE_G1_C02,R
1166,-0.3894569370086783,0.8504568097744326,13,left,1.0,"[20629, 20630, 20631, 20632, 20633, 20634, 20635, 20636, 20637, 21217, 21218, 21219, 42724]","[{""votacion_id"": 20627, ""razones"": [""SIN_VARIANZA_O_MENOS_DE_DOS_OBSERVACIONES""]}, {""votacion_id"": 20628, ""razones"": [""SIN_VARIANZA_O_MENOS_DE_DOS_OBSERVACIONES""]}]",,,DESCRIPTIVO_PENDIENTE_G1_C02,L
1167,-0.7261062180480896,0.0952720987186265,13,left,1.0,"[20629, 20630, 20631, 20632, 20633, 20634, 20635, 20636, 20637, 21217, 21218, 21219, 42724]","[{""votacion_id"": 20627, ""razones"": [""SIN_VARIANZA_O_MENOS_DE_DOS_OBSERVACIONES""]}, {""votacion_id"": 20628, ""razones"": [""SIN_VARIANZA_O_MENOS_DE_DOS_OBSERVACIONES""]}]",,,DESCRIPTIVO_PENDIENTE_G1_C02,L
1168,-0.7261062180480896,0.0952720987186265,13,left,1.0,"[20629, 20630, 20631, 20632, 20633, 20634, 20635, 20636, 20637, 21217, 21218, 21219, 42724]","[{""votacion_id"": 20627, ""razones"": [""SIN_VARIANZA_O_MENOS_DE_DOS_OBSERVACIONES""]}, {""votacion_id"": 20628, ""razones"": [""SIN_VARIANZA_O_MENOS_DE_DOS_OBSERVACIONES""]}]",,,DESCRIPTIVO_PENDIENTE_G1_C02,L
1169,-0.7261062180480896,0.0952720987186265,13,left,1.0,"[20629, 20630, 20631, 20632, 20633, 20634, 20635, 20636, 20637, 21217, 21218, 21219, 42724]","[{""votacion_id"": 20627, ""razones"": [""SIN_VARIANZA_O_MENOS_DE_DOS_OBSERVACIONES""]}, {""votacion_id"": 20628, ""razones"": [""SIN_VARIANZA_O_MENOS_DE_DOS_OBSERVACIONES""]}]",,,DESCRIPTIVO_PENDIENTE_G1_C02,L
1170,1.4583643486979834,0.16369411481515167,13,right,1.0,"[20629, 20630, 20631, 20632, 20633, 20634, 20635, 20636, 20637, 21217, 21218, 21219, 42724]","[{""votacion_id"": 20627, ""razones"": [""SIN_VARIANZA_O_MENOS_DE_DOS_OBSERVACIONES""]}, {""votacion_id"": 20628, ""razones"": [""SIN_VARIANZA_O_MENOS_DE_DOS_OBSERVACIONES""]}]",,,DESCRIPTIVO_PENDIENTE_G1_C02,R
1171,-0.7261062180480896,0.0952720987186265,13,left,0.8666666666666667,"[20629, 20630, 20631, 20632, 20633, 20634, 20635, 20636, 20637, 21217, 21218, 21219, 42724]","[{""votacion_id"": 20627, ""razones"": [""SIN_VARIANZA_O_MENOS_DE_DOS_OBSERVACIONES"", ""SIN_DECISION_SUSTANTIVA_INDIVIDUAL""]}, {""votacion_id"": 20628, ""razones"": [""SIN_VARIANZA_O_MENOS_DE_DOS_OBSERVACIONES"", ""SIN_DECISION_SUSTANTIVA_INDIVIDUAL""]}]",,,DESCRIPTIVO_PENDIENTE_G1_C02,L
1172,1.4583643486979834,0.16369411481515167,13,right,1.0,"[20629, 20630, 20631, 20632, 20633, 20634, 20635, 20636, 20637, 21217, 21218, 21219, 42724]","[{""votacion_id"": 20627, ""razones"": [""SIN_VARIANZA_O_MENOS_DE_DOS_OBSERVACIONES""]}, {""votacion_id"": 20628, ""razones"": [""SIN_VARIANZA_O_MENOS_DE_DOS_OBSERVACIONES""]}]",,,DESCRIPTIVO_PENDIENTE_G1_C02,R
1173,-0.7261062180480896,0.0952720987186265,13,left,1.0,"[20629, 20630, 20631, 20632, 20633, 20634, 20635, 20636, 20637, 21217, 21218, 21219, 42724]","[{""votacion_id"": 20627, ""razones"": [""SIN_VARIANZA_O_MENOS_DE_DOS_OBSERVACIONES""]}, {""votacion_id"": 20628, ""razones"": [""SIN_VARIANZA_O_MENOS_DE_DOS_OBSERVACIONES""]}]",,,DESCRIPTIVO_PENDIENTE_G1_C02,L
1174,1.360165437700363,0.32063796538529005,13,right,0.9333333333333333,"[20629, 20630, 20631, 20632, 20633, 20634, 20635, 20636, 20637, 21217, 21218, 21219, 42724]","[{""votacion_id"": 20627, ""razones"": [""SIN_VARIANZA_O_MENOS_DE_DOS_OBSERVACIONES"", ""SIN_DECISION_SUSTANTIVA_INDIVIDUAL""]}, {""votacion_id"": 20628, ""razones"": [""SIN_VARIANZA_O_MENOS_DE_DOS_OBSERVACIONES""]}]",,,DESCRIPTIVO_PENDIENTE_G1_C02,R
1175,-0.627907307050469,0.32455519121939835,13,left,0.8666666666666667,"[20629, 20630, 20631, 20632, 20633, 20634, 20635, 20636, 20637, 21217, 21218, 21219, 42724]","[{""votacion_id"": 20627, ""razones"": [""SIN_VARIANZA_O_MENOS_DE_DOS_OBSERVACIONES"", ""SIN_DECISION_SUSTANTIVA_INDIVIDUAL""]}, {""votacion_id"": 20628, ""razones"": [""SIN_VARIANZA_O_MENOS_DE_DOS_OBSERVACIONES"", ""SIN_DECISION_SUSTANTIVA_INDIVIDUAL""]}]",,,DESCRIPTIVO_PENDIENTE_G1_C02,L
1176,1.360165437700363,0.32063796538529005,13,right,1.0,"[20629, 20630, 20631, 20632, 20633, 20634, 20635, 20636, 20637, 21217, 21218, 21219, 42724]","[{""votacion_id"": 20627, ""razones"": [""SIN_VARIANZA_O_MENOS_DE_DOS_OBSERVACIONES""]}, {""votacion_id"": 20628, ""razones"": [""SIN_VARIANZA_O_MENOS_DE_DOS_OBSERVACIONES""]}]",,,DESCRIPTIVO_PENDIENTE_G1_C02,R
1177,-0.7147086138910308,0.0897754948188909,12,left,0.9333333333333333,"[20629, 20630, 20631, 20632, 20633, 20634, 20635, 20636, 20637, 21217, 21218, 21219]","[{""votacion_id"": 20627, ""razones"": [""SIN_VARIANZA_O_MENOS_DE_DOS_OBSERVACIONES""]}, {""votacion_id"": 20628, ""razones"": [""SIN_VARIANZA_O_MENOS_DE_DOS_OBSERVACIONES""]}, {""votacion_id"": 42724, ""razones"": [""SIN_DECISION_SUSTANTIVA_INDIVIDUAL""]}]",,,DESCRIPTIVO_PENDIENTE_G1_C02,L
1178,-0.627907307050469,0.32455519121939835,13,left,1.0,"[20629, 20630, 20631, 20632, 20633, 20634, 20635, 20636, 20637, 21217, 21218, 21219, 42724]","[{""votacion_id"": 20627, ""razones"": [""SIN_VARIANZA_O_MENOS_DE_DOS_OBSERVACIONES""]}, {""votacion_id"": 20628, ""razones"": [""SIN_VARIANZA_O_MENOS_DE_DOS_OBSERVACIONES""]}]",,,DESCRIPTIVO_PENDIENTE_G1_C02,L
1179,-0.7261062180480896,0.0952720987186265,13,left,1.0,"[20629, 20630, 20631, 20632, 20633, 20634, 20635, 20636, 20637, 21217, 21218, 21219, 42724]","[{""votacion_id"": 20627, ""razones"": [""SIN_VARIANZA_O_MENOS_DE_DOS_OBSERVACIONES""]}, {""votacion_id"": 20628, ""razones"": [""SIN_VARIANZA_O_MENOS_DE_DOS_OBSERVACIONES""]}]",,,DESCRIPTIVO_PENDIENTE_G1_C02,L
1180,-0.7261062180480896,0.0952720987186265,13,left,1.0,"[20629, 20630, 20631, 20632, 20633, 20634, 20635, 20636, 20637, 21217, 21218, 21219, 42724]","[{""votacion_id"": 20627, ""razones"": [""SIN_VARIANZA_O_MENOS_DE_DOS_OBSERVACIONES""]}, {""votacion_id"": 20628, ""razones"": [""SIN_VARIANZA_O_MENOS_DE_DOS_OBSERVACIONES""]}]",,,DESCRIPTIVO_PENDIENTE_G1_C02,L
1182,-0.7261062180480896,0.0952720987186265,13,left,1.0,"[20629, 20630, 20631, 20632, 20633, 20634, 20635, 20636, 20637, 21217, 21218, 21219, 42724]","[{""votacion_id"": 20627, ""razones"": [""SIN_VARIANZA_O_MENOS_DE_DOS_OBSERVACIONES""]}, {""votacion_id"": 20628, ""razones"": [""SIN_VARIANZA_O_MENOS_DE_DOS_OBSERVACIONES""]}]",,,DESCRIPTIVO_PENDIENTE_G1_C02,L
1183,1.360165437700363,0.32063796538529005,13,right,1.0,"[20629, 20630, 20631, 20632, 20633, 20634, 20635, 20636, 20637, 21217, 21218, 21219, 42724]","[{""votacion_id"": 20627, ""razones"": [""SIN_VARIANZA_O_MENOS_DE_DOS_OBSERVACIONES""]}, {""votacion_id"": 20628, ""razones"": [""SIN_VARIANZA_O_MENOS_DE_DOS_OBSERVACIONES""]}]",,,DESCRIPTIVO_PENDIENTE_G1_C02,R
