diputado_id,auto_cluster
74,left
803,left
815,right
872,left
917,right
948,left
953,left
971,left
973,left
975,left
976,right
989,right
990,left
991,left
999,left
1002,left
1003,right
1009,right
1012,left
1013,left
1015,left
1016,left
1017,right
1019,left
1021,left
1022,right
1025,right
1027,right
1028,right
1030,right
1034,left
1035,left
1036,left
1037,left
1038,left
1039,left
1040,right
1044,left
1046,left
1048,left
1049,left
1050,left
1051,left
1053,right
1054,left
1056,left
1057,left
1058,left
1059,left
1062,left
1063,left
1065,right
1067,left
1068,left
1069,right
1073,left
1074,left
1075,right
1076,left
1077,left
1081,left
1082,right
1086,left
1087,left
1094,right
1096,left
1097,left
1098,right
1099,left
1100,right
1101,left
1102,right
1103,left
1104,right
1105,left
1106,left
1107,left
1108,left
1109,right
1110,left
1111,right
1112,left
1113,right
1114,left
1115,left
1116,left
1117,left
1118,left
1119,left
1120,left
1121,right
1122,left
1123,right
1124,left
1125,left
1126,right
1127,left
1128,left
1129,left
1131,right
1132,left
1133,right
1135,right
1136,left
1137,left
1138,right
1139,right
1140,right
1141,left
1142,left
1143,right
1144,right
1145,left
1146,right
1147,left
1148,left
1149,left
1150,right
1151,left
1152,left
1153,left
1154,right
1155,left
1156,left
1157,right
1158,right
1159,left
1160,left
1161,left
1162,left
1163,left
1164,left
1165,right
1166,left
1167,left
1168,left
1169,left
1170,right
1171,left
1172,right
1173,left
1174,right
1175,left
1176,right
1177,left
1178,left
1179,left
1180,left
1181,left
1182,left
1183,right
