diputado_id,d1_auto,d2_auto,m_i_auto,d1_externo,d2_externo,m_i_externo,diferencia_d1,diferencia_d2
74,-0.7147086138910308,0.0897754948188909,12,-0.7257273641017078,0.09814289477652059,12,-0.011018750210676997,0.008367399957629695
815,1.360165437700363,0.32063796538529005,13,1.3465763309482242,0.3204266156422816,13,-0.013589106752138758,-0.00021134974300845988
917,1.4583643486979834,0.16369411481515167,13,1.4424749728137694,0.1696513631719936,13,-0.01588937588421402,0.005957248356841943
948,-0.627907307050469,0.32455519121939835,13,-0.6379359682925485,0.33018879164465126,13,-0.010028661242079462,0.005633600425252905
953,-0.31735175239710645,0.7027025947067974,13,-0.32788348927062927,0.6957404966126722,13,-0.010531736873522823,-0.00696209809412518
973,-0.7147086138910308,0.0897754948188909,12,-0.7257273641017078,0.09814289477652059,12,-0.011018750210676997,0.008367399957629695
975,-0.7261062180480896,0.0952720987186265,13,-0.7338346101580936,0.09840637943869866,13,-0.007728392110003979,0.003134280720072158
976,1.4583643486979834,0.16369411481515167,13,1.4424749728137694,0.1696513631719936,13,-0.01588937588421402,0.005957248356841943
990,-0.7147086138910308,0.0897754948188909,12,-0.7257273641017078,0.09814289477652059,12,-0.011018750210676997,0.008367399957629695
991,-0.7261062180480896,0.0952720987186265,13,-0.7338346101580936,0.09840637943869866,13,-0.007728392110003979,0.003134280720072158
999,-0.415550663394727,0.6808867561316189,13,-0.4237821311361744,0.6701767238905687,13,-0.008231467741447396,-0.01071003224105016
1002,-0.7147086138910308,0.0897754948188909,12,-0.7257273641017078,0.09814289477652059,12,-0.011018750210676997,0.008367399957629695
1003,1.4583643486979834,0.16369411481515167,13,1.4424749728137694,0.1696513631719936,13,-0.01588937588421402,0.005957248356841943
1009,1.4583643486979834,0.16369411481515167,13,1.4424749728137694,0.1696513631719936,13,-0.01588937588421402,0.005957248356841943
1012,-0.7261062180480896,0.0952720987186265,13,-0.7338346101580936,0.09840637943869866,13,-0.007728392110003979,0.003134280720072158
1013,-0.7261062180480896,0.0952720987186265,13,-0.7338346101580936,0.09840637943869866,13,-0.007728392110003979,0.003134280720072158
1017,1.2590759632607793,0.6347349752546684,12,1.2454615924977575,0.6344408450585499,12,-0.013614370763021855,-0.00029413019611845836
1019,0.03129987641271052,0.9684387976658366,13,0.01715181838823831,0.9589886435851067,13,-0.014148058024472214,-0.009450154080729911
1021,-0.3782734296832213,0.6971699232161175,12,-0.38983717849462857,0.6882051467801659,12,-0.01156374881140726,-0.008964776435951616
1022,1.3476739782874152,0.3338670729563525,12,1.3329622730444022,0.33872020047510315,12,-0.014711705243013018,0.004853127518750666
1025,1.4583643486979834,0.16369411481515167,13,1.4424749728137694,0.1696513631719936,13,-0.01588937588421402,0.005957248356841943
1028,0.8542628083264965,0.5040988022829191,13,0.8410831560379219,0.49826934015755514,13,-0.01317965228857454,-0.005829462125364004
1030,1.3476739782874152,0.3338670729563525,12,1.3329622730444022,0.33872020047510315,12,-0.014711705243013018,0.004853127518750666
1034,-0.7261062180480896,0.0952720987186265,13,-0.7338346101580936,0.09840637943869866,13,-0.007728392110003979,0.003134280720072158
1035,-0.7261062180480896,0.0952720987186265,13,-0.7338346101580936,0.09840637943869866,13,-0.007728392110003979,0.003134280720072158
1036,-0.7261062180480896,0.0952720987186265,13,-0.7338346101580936,0.09840637943869866,13,-0.007728392110003979,0.003134280720072158
1037,-0.7261062180480896,0.0952720987186265,13,-0.7338346101580936,0.09840637943869866,13,-0.007728392110003979,0.003134280720072158
1038,-0.7261062180480896,0.0952720987186265,13,-0.7338346101580936,0.09840637943869866,13,-0.007728392110003979,0.003134280720072158
1044,-0.7261062180480896,0.0952720987186265,13,-0.7338346101580936,0.09840637943869866,13,-0.007728392110003979,0.003134280720072158
1046,-0.31735175239710645,0.7027025947067974,13,-0.32788348927062927,0.6957404966126722,13,-0.010531736873522823,-0.00696209809412518
1048,-0.7261062180480896,0.0952720987186265,13,-0.7338346101580936,0.09840637943869866,13,-0.007728392110003979,0.003134280720072158
1049,-0.7261062180480896,0.0952720987186265,13,-0.7338346101580936,0.09840637943869866,13,-0.007728392110003979,0.003134280720072158
1050,-0.3782734296832213,0.6971699232161175,12,-0.38983717849462857,0.6882051467801659,12,-0.01156374881140726,-0.008964776435951616
1054,-0.13504447063638852,0.5320488201313762,13,-0.14593033098625452,0.5275969733386152,13,-0.010885860349865994,-0.004451846792761005
1056,-0.7261062180480896,0.0952720987186265,13,-0.7338346101580936,0.09840637943869866,13,-0.007728392110003979,0.003134280720072158
1057,-0.7261062180480896,0.0952720987186265,13,-0.7338346101580936,0.09840637943869866,13,-0.007728392110003979,0.003134280720072158
1058,-0.7147086138910308,0.0897754948188909,12,-0.7257273641017078,0.09814289477652059,12,-0.011018750210676997,0.008367399957629695
1059,-0.31735175239710645,0.7027025947067974,13,-0.32788348927062927,0.6957404966126722,13,-0.010531736873522823,-0.00696209809412518
1062,-0.7261062180480896,0.0952720987186265,13,-0.7338346101580936,0.09840637943869866,13,-0.007728392110003979,0.003134280720072158
1065,1.3742136958728979,0.3293414842300105,13,1.3585481862477011,0.3317925733587359,13,-0.01566550962519675,0.0024510891287254366
1067,-0.31735175239710645,0.7027025947067974,13,-0.32788348927062927,0.6957404966126722,13,-0.010531736873522823,-0.00696209809412518
1068,-0.7261062180480896,0.0952720987186265,13,-0.7338346101580936,0.09840637943869866,13,-0.007728392110003979,0.003134280720072158
1073,-0.7261062180480896,0.0952720987186265,13,-0.7338346101580936,0.09840637943869866,13,-0.007728392110003979,0.003134280720072158
1074,-0.8628774679327957,,1,-0.8311215628347248,,1,0.03175590509807091,
1076,-0.7147086138910308,0.0897754948188909,12,-0.7257273641017078,0.09814289477652059,12,-0.011018750210676997,0.008367399957629695
1077,-0.7147086138910308,0.0897754948188909,12,-0.7257273641017078,0.09814289477652059,12,-0.011018750210676997,0.008367399957629695
1081,-0.24688072868404082,0.8561800613088678,13,-0.25541532430898556,0.8454594825265157,13,-0.00853459562494474,-0.010720578782352108
1082,1.439036859589037,0.1547064881995428,12,1.424160960075796,0.1632221415887481,12,-0.014875899513240975,0.008515653389205291
1086,-0.7147086138910308,0.0897754948188909,12,-0.7257273641017078,0.09814289477652059,12,-0.011018750210676997,0.008367399957629695
1087,-0.7261062180480896,0.0952720987186265,13,-0.7338346101580936,0.09840637943869866,13,-0.007728392110003979,0.003134280720072158
1094,1.2936733445380084,0.6180491261775446,13,1.2777885712961625,0.6151863409430061,13,-0.015884773241845895,-0.002862785234538534
1096,-0.7261062180480896,0.0952720987186265,13,-0.7338346101580936,0.09840637943869866,13,-0.007728392110003979,0.003134280720072158
1097,-0.7261062180480896,0.0952720987186265,13,-0.7338346101580936,0.09840637943869866,13,-0.007728392110003979,0.003134280720072158
1100,1.4583643486979834,0.16369411481515167,13,1.4424749728137694,0.1696513631719936,13,-0.01588937588421402,0.005957248356841943
1102,1.2563110969857936,0.631927664556214,12,1.241763586013008,0.6343769331438324,12,-0.014547510972785505,0.002449268587618403
1103,-0.7261062180480896,0.0952720987186265,13,-0.7338346101580936,0.09840637943869866,13,-0.007728392110003979,0.003134280720072158
1104,1.4583643486979834,0.16369411481515167,13,1.4424749728137694,0.1696513631719936,13,-0.01588937588421402,0.005957248356841943
1105,-0.7261062180480896,0.0952720987186265,13,-0.7338346101580936,0.09840637943869866,13,-0.007728392110003979,0.003134280720072158
1106,0.35457669334801245,1.0276344156157,13,0.3434213684005623,1.0218344403117878,13,-0.01115532494745014,-0.005799975303912186
1107,-0.7147086138910308,0.0897754948188909,12,-0.7257273641017078,0.09814289477652059,12,-0.011018750210676997,0.008367399957629695
1108,-0.31735175239710645,0.7027025947067974,13,-0.32788348927062927,0.6957404966126722,13,-0.010531736873522823,-0.00696209809412518
1109,1.2049299424356692,0.4765173832976924,13,1.189422361584503,0.4779953931710995,13,-0.015507580851166214,0.0014780098734071268
1111,1.360165437700363,0.32063796538529005,13,1.3465763309482242,0.3204266156422816,13,-0.013589106752138758,-0.00021134974300845988
1112,-0.7147086138910308,0.0897754948188909,12,-0.7257273641017078,0.09814289477652059,12,-0.011018750210676997,0.008367399957629695
1113,1.2890805952607545,0.4198376666817237,13,1.2733491481505712,0.42181624078867275,13,-0.01573144711018326,0.0019785741069490714
1114,-0.7261062180480896,0.0952720987186265,13,-0.7338346101580936,0.09840637943869866,13,-0.007728392110003979,0.003134280720072158
1117,-0.7261062180480896,0.0952720987186265,13,-0.7338346101580936,0.09840637943869866,13,-0.007728392110003979,0.003134280720072158
1118,-0.7261062180480896,0.0952720987186265,13,-0.7338346101580936,0.09840637943869866,13,-0.007728392110003979,0.003134280720072158
1119,-0.2252059467528054,0.6303823284790041,13,-0.23564756484037513,0.6246046473693386,13,-0.010441618087569743,-0.005777681109665478
1121,1.3726690984578604,0.32637596915659156,13,1.3565971999500457,0.3281326405757752,13,-0.016071898507814764,0.0017566714191836197
1122,-0.7261062180480896,0.0952720987186265,13,-0.7338346101580936,0.09840637943869866,13,-0.007728392110003979,0.003134280720072158
1124,-0.7147086138910308,0.0897754948188909,12,-0.7257273641017078,0.09814289477652059,12,-0.011018750210676997,0.008367399957629695
1126,1.360165437700363,0.32063796538529005,13,1.3465763309482242,0.3204266156422816,13,-0.013589106752138758,-0.00021134974300845988
1127,-0.7261062180480896,0.0952720987186265,13,-0.7338346101580936,0.09840637943869866,13,-0.007728392110003979,0.003134280720072158
1128,-0.7261062180480896,0.0952720987186265,13,-0.7338346101580936,0.09840637943869866,13,-0.007728392110003979,0.003134280720072158
1129,-0.7261062180480896,0.0952720987186265,13,-0.7338346101580936,0.09840637943869866,13,-0.007728392110003979,0.003134280720072158
1131,0.8544237879872191,0.6710022202560485,13,0.8405406257256869,0.6636792405791501,13,-0.01388316226153219,-0.007322979676898433
1132,0.09978143485042047,0.9225487351266052,13,0.08777978069509085,0.9158594235162236,13,-0.012001654155329625,-0.006689311610381554
1133,1.4583643486979834,0.16369411481515167,13,1.4424749728137694,0.1696513631719936,13,-0.01588937588421402,0.005957248356841943
1135,1.360165437700363,0.32063796538529005,13,1.3465763309482242,0.3204266156422816,13,-0.013589106752138758,-0.00021134974300845988
1138,1.2570592343995848,0.621095201046443,12,1.2411441068394724,0.6152006513844561,12,-0.015915127560112374,-0.005894549661986881
1139,1.360165437700363,0.32063796538529005,13,1.3465763309482242,0.3204266156422816,13,-0.013589106752138758,-0.00021134974300845988
1140,1.360165437700363,0.32063796538529005,13,1.3465763309482242,0.3204266156422816,13,-0.013589106752138758,-0.00021134974300845988
1142,-0.7261062180480896,0.0952720987186265,13,-0.7338346101580936,0.09840637943869866,13,-0.007728392110003979,0.003134280720072158
1143,1.1207166219267615,0.8074547447262147,13,1.105502871684135,0.8054326759319366,13,-0.01521375024262639,-0.0020220687942781312
1146,1.4583643486979834,0.16369411481515167,13,1.4424749728137694,0.1696513631719936,13,-0.01588937588421402,0.005957248356841943
1147,-0.7261062180480896,0.0952720987186265,13,-0.7338346101580936,0.09840637943869866,13,-0.007728392110003979,0.003134280720072158
1148,-0.7261062180480896,0.0952720987186265,13,-0.7338346101580936,0.09840637943869866,13,-0.007728392110003979,0.003134280720072158
1149,-0.31735175239710645,0.7027025947067974,13,-0.32788348927062927,0.6957404966126722,13,-0.010531736873522823,-0.00696209809412518
1150,1.439036859589037,0.1547064881995428,12,1.424160960075796,0.1632221415887481,12,-0.014875899513240975,0.008515653389205291
1153,-0.7261062180480896,0.0952720987186265,13,-0.7338346101580936,0.09840637943869866,13,-0.007728392110003979,0.003134280720072158
1155,-0.6485285381423154,0.2370032099692073,13,-0.6563770056466716,0.22999956781520042,13,-0.007848467504356194,-0.007003642154006867
1159,-0.7261062180480896,0.0952720987186265,13,-0.7338346101580936,0.09840637943869866,13,-0.007728392110003979,0.003134280720072158
1160,-0.7261062180480896,0.0952720987186265,13,-0.7338346101580936,0.09840637943869866,13,-0.007728392110003979,0.003134280720072158
1162,-0.7261062180480896,0.0952720987186265,13,-0.7338346101580936,0.09840637943869866,13,-0.007728392110003979,0.003134280720072158
1163,-0.15123400194025322,0.8463438971536459,13,-0.16293022689090136,0.8392090875408798,13,-0.011696224950648149,-0.007134809612766135
1165,1.4583643486979834,0.16369411481515167,13,1.4424749728137694,0.1696513631719936,13,-0.01588937588421402,0.005957248356841943
1167,-0.7261062180480896,0.0952720987186265,13,-0.7338346101580936,0.09840637943869866,13,-0.007728392110003979,0.003134280720072158
1168,-0.7261062180480896,0.0952720987186265,13,-0.7338346101580936,0.09840637943869866,13,-0.007728392110003979,0.003134280720072158
1169,-0.7261062180480896,0.0952720987186265,13,-0.7338346101580936,0.09840637943869866,13,-0.007728392110003979,0.003134280720072158
1170,1.4583643486979834,0.16369411481515167,13,1.4424749728137694,0.1696513631719936,13,-0.01588937588421402,0.005957248356841943
1171,-0.7261062180480896,0.0952720987186265,13,-0.7338346101580936,0.09840637943869866,13,-0.007728392110003979,0.003134280720072158
1173,-0.7261062180480896,0.0952720987186265,13,-0.7338346101580936,0.09840637943869866,13,-0.007728392110003979,0.003134280720072158
1174,1.360165437700363,0.32063796538529005,13,1.3465763309482242,0.3204266156422816,13,-0.013589106752138758,-0.00021134974300845988
1177,-0.7147086138910308,0.0897754948188909,12,-0.7257273641017078,0.09814289477652059,12,-0.011018750210676997,0.008367399957629695
1179,-0.7261062180480896,0.0952720987186265,13,-0.7338346101580936,0.09840637943869866,13,-0.007728392110003979,0.003134280720072158
1180,-0.7261062180480896,0.0952720987186265,13,-0.7338346101580936,0.09840637943869866,13,-0.007728392110003979,0.003134280720072158
1183,1.360165437700363,0.32063796538529005,13,1.3465763309482242,0.3204266156422816,13,-0.013589106752138758,-0.00021134974300845988
