diputado_id,d1,d2,m_i,cluster,participacion,votaciones_usadas,votaciones_excluidas,razon_NA_d1,razon_NA_d2
74,-0.7257273641017078,0.09814289477652059,12,L,0.9333333333333333,"[20629, 20630, 20631, 20632, 20633, 20634, 20635, 20636, 20637, 21217, 21218, 21219]","[{""votacion_id"": 20627, ""razones"": [""SIN_VARIANZA_O_MENOS_DE_DOS_OBSERVACIONES""]}, {""votacion_id"": 20628, ""razones"": [""SIN_VARIANZA_O_MENOS_DE_DOS_OBSERVACIONES""]}, {""votacion_id"": 42724, ""razones"": [""SIN_DECISION_SUSTANTIVA_INDIVIDUAL""]}]",,
815,1.3465763309482242,0.3204266156422816,13,R,1.0,"[20629, 20630, 20631, 20632, 20633, 20634, 20635, 20636, 20637, 21217, 21218, 21219, 42724]","[{""votacion_id"": 20627, ""razones"": [""SIN_VARIANZA_O_MENOS_DE_DOS_OBSERVACIONES""]}, {""votacion_id"": 20628, ""razones"": [""SIN_VARIANZA_O_MENOS_DE_DOS_OBSERVACIONES""]}]",,
917,1.4424749728137694,0.1696513631719936,13,R,1.0,"[20629, 20630, 20631, 20632, 20633, 20634, 20635, 20636, 20637, 21217, 21218, 21219, 42724]","[{""votacion_id"": 20627, ""razones"": [""SIN_VARIANZA_O_MENOS_DE_DOS_OBSERVACIONES""]}, {""votacion_id"": 20628, ""razones"": [""SIN_VARIANZA_O_MENOS_DE_DOS_OBSERVACIONES""]}]",,
948,-0.6379359682925485,0.33018879164465126,13,R,1.0,"[20629, 20630, 20631, 20632, 20633, 20634, 20635, 20636, 20637, 21217, 21218, 21219, 42724]","[{""votacion_id"": 20627, ""razones"": [""SIN_VARIANZA_O_MENOS_DE_DOS_OBSERVACIONES""]}, {""votacion_id"": 20628, ""razones"": [""SIN_VARIANZA_O_MENOS_DE_DOS_OBSERVACIONES""]}]",,
953,-0.32788348927062927,0.6957404966126722,13,R,1.0,"[20629, 20630, 20631, 20632, 20633, 20634, 20635, 20636, 20637, 21217, 21218, 21219, 42724]","[{""votacion_id"": 20627, ""razones"": [""SIN_VARIANZA_O_MENOS_DE_DOS_OBSERVACIONES""]}, {""votacion_id"": 20628, ""razones"": [""SIN_VARIANZA_O_MENOS_DE_DOS_OBSERVACIONES""]}]",,
973,-0.7257273641017078,0.09814289477652059,12,L,0.9333333333333333,"[20629, 20630, 20631, 20632, 20633, 20634, 20635, 20636, 20637, 21217, 21218, 21219]","[{""votacion_id"": 20627, ""razones"": [""SIN_VARIANZA_O_MENOS_DE_DOS_OBSERVACIONES""]}, {""votacion_id"": 20628, ""razones"": [""SIN_VARIANZA_O_MENOS_DE_DOS_OBSERVACIONES""]}, {""votacion_id"": 42724, ""razones"": [""SIN_DECISION_SUSTANTIVA_INDIVIDUAL""]}]",,
975,-0.7338346101580936,0.09840637943869866,13,L,1.0,"[20629, 20630, 20631, 20632, 20633, 20634, 20635, 20636, 20637, 21217, 21218, 21219, 42724]","[{""votacion_id"": 20627, ""razones"": [""SIN_VARIANZA_O_MENOS_DE_DOS_OBSERVACIONES""]}, {""votacion_id"": 20628, ""razones"": [""SIN_VARIANZA_O_MENOS_DE_DOS_OBSERVACIONES""]}]",,
976,1.4424749728137694,0.1696513631719936,13,R,1.0,"[20629, 20630, 20631, 20632, 20633, 20634, 20635, 20636, 20637, 21217, 21218, 21219, 42724]","[{""votacion_id"": 20627, ""razones"": [""SIN_VARIANZA_O_MENOS_DE_DOS_OBSERVACIONES""]}, {""votacion_id"": 20628, ""razones"": [""SIN_VARIANZA_O_MENOS_DE_DOS_OBSERVACIONES""]}]",,
990,-0.7257273641017078,0.09814289477652059,12,L,0.9333333333333333,"[20629, 20630, 20631, 20632, 20633, 20634, 20635, 20636, 20637, 21217, 21218, 21219]","[{""votacion_id"": 20627, ""razones"": [""SIN_VARIANZA_O_MENOS_DE_DOS_OBSERVACIONES""]}, {""votacion_id"": 20628, ""razones"": [""SIN_VARIANZA_O_MENOS_DE_DOS_OBSERVACIONES""]}, {""votacion_id"": 42724, ""razones"": [""SIN_DECISION_SUSTANTIVA_INDIVIDUAL""]}]",,
991,-0.7338346101580936,0.09840637943869866,13,L,1.0,"[20629, 20630, 20631, 20632, 20633, 20634, 20635, 20636, 20637, 21217, 21218, 21219, 42724]","[{""votacion_id"": 20627, ""razones"": [""SIN_VARIANZA_O_MENOS_DE_DOS_OBSERVACIONES""]}, {""votacion_id"": 20628, ""razones"": [""SIN_VARIANZA_O_MENOS_DE_DOS_OBSERVACIONES""]}]",,
999,-0.4237821311361744,0.6701767238905687,13,R,1.0,"[20629, 20630, 20631, 20632, 20633, 20634, 20635, 20636, 20637, 21217, 21218, 21219, 42724]","[{""votacion_id"": 20627, ""razones"": [""SIN_VARIANZA_O_MENOS_DE_DOS_OBSERVACIONES""]}, {""votacion_id"": 20628, ""razones"": [""SIN_VARIANZA_O_MENOS_DE_DOS_OBSERVACIONES""]}]",,
1002,-0.7257273641017078,0.09814289477652059,12,L,0.9333333333333333,"[20629, 20630, 20631, 20632, 20633, 20634, 20635, 20636, 20637, 21217, 21218, 21219]","[{""votacion_id"": 20627, ""razones"": [""SIN_VARIANZA_O_MENOS_DE_DOS_OBSERVACIONES""]}, {""votacion_id"": 20628, ""razones"": [""SIN_VARIANZA_O_MENOS_DE_DOS_OBSERVACIONES""]}, {""votacion_id"": 42724, ""razones"": [""SIN_DECISION_SUSTANTIVA_INDIVIDUAL""]}]",,
1003,1.4424749728137694,0.1696513631719936,13,R,1.0,"[20629, 20630, 20631, 20632, 20633, 20634, 20635, 20636, 20637, 21217, 21218, 21219, 42724]","[{""votacion_id"": 20627, ""razones"": [""SIN_VARIANZA_O_MENOS_DE_DOS_OBSERVACIONES""]}, {""votacion_id"": 20628, ""razones"": [""SIN_VARIANZA_O_MENOS_DE_DOS_OBSERVACIONES""]}]",,
1009,1.4424749728137694,0.1696513631719936,13,R,1.0,"[20629, 20630, 20631, 20632, 20633, 20634, 20635, 20636, 20637, 21217, 21218, 21219, 42724]","[{""votacion_id"": 20627, ""razones"": [""SIN_VARIANZA_O_MENOS_DE_DOS_OBSERVACIONES""]}, {""votacion_id"": 20628, ""razones"": [""SIN_VARIANZA_O_MENOS_DE_DOS_OBSERVACIONES""]}]",,
1012,-0.7338346101580936,0.09840637943869866,13,L,1.0,"[20629, 20630, 20631, 20632, 20633, 20634, 20635, 20636, 20637, 21217, 21218, 21219, 42724]","[{""votacion_id"": 20627, ""razones"": [""SIN_VARIANZA_O_MENOS_DE_DOS_OBSERVACIONES""]}, {""votacion_id"": 20628, ""razones"": [""SIN_VARIANZA_O_MENOS_DE_DOS_OBSERVACIONES""]}]",,
1013,-0.7338346101580936,0.09840637943869866,13,L,1.0,"[20629, 20630, 20631, 20632, 20633, 20634, 20635, 20636, 20637, 21217, 21218, 21219, 42724]","[{""votacion_id"": 20627, ""razones"": [""SIN_VARIANZA_O_MENOS_DE_DOS_OBSERVACIONES""]}, {""votacion_id"": 20628, ""razones"": [""SIN_VARIANZA_O_MENOS_DE_DOS_OBSERVACIONES""]}]",,
1017,1.2454615924977575,0.6344408450585499,12,R,0.9333333333333333,"[20629, 20630, 20631, 20632, 20633, 20634, 20635, 20636, 20637, 21217, 21218, 21219]","[{""votacion_id"": 20627, ""razones"": [""SIN_VARIANZA_O_MENOS_DE_DOS_OBSERVACIONES""]}, {""votacion_id"": 20628, ""razones"": [""SIN_VARIANZA_O_MENOS_DE_DOS_OBSERVACIONES""]}, {""votacion_id"": 42724, ""razones"": [""SIN_DECISION_SUSTANTIVA_INDIVIDUAL""]}]",,
1019,0.01715181838823831,0.9589886435851067,13,R,1.0,"[20629, 20630, 20631, 20632, 20633, 20634, 20635, 20636, 20637, 21217, 21218, 21219, 42724]","[{""votacion_id"": 20627, ""razones"": [""SIN_VARIANZA_O_MENOS_DE_DOS_OBSERVACIONES""]}, {""votacion_id"": 20628, ""razones"": [""SIN_VARIANZA_O_MENOS_DE_DOS_OBSERVACIONES""]}]",,
1021,-0.38983717849462857,0.6882051467801659,12,R,0.9333333333333333,"[20629, 20630, 20631, 20632, 20633, 20634, 20635, 20636, 20637, 21217, 21218, 21219]","[{""votacion_id"": 20627, ""razones"": [""SIN_VARIANZA_O_MENOS_DE_DOS_OBSERVACIONES""]}, {""votacion_id"": 20628, ""razones"": [""SIN_VARIANZA_O_MENOS_DE_DOS_OBSERVACIONES""]}, {""votacion_id"": 42724, ""razones"": [""SIN_DECISION_SUSTANTIVA_INDIVIDUAL""]}]",,
1022,1.3329622730444022,0.33872020047510315,12,R,0.9333333333333333,"[20629, 20630, 20631, 20632, 20633, 20634, 20635, 20636, 20637, 21217, 21218, 21219]","[{""votacion_id"": 20627, ""razones"": [""SIN_VARIANZA_O_MENOS_DE_DOS_OBSERVACIONES""]}, {""votacion_id"": 20628, ""razones"": [""SIN_VARIANZA_O_MENOS_DE_DOS_OBSERVACIONES""]}, {""votacion_id"": 42724, ""razones"": [""SIN_DECISION_SUSTANTIVA_INDIVIDUAL""]}]",,
1025,1.4424749728137694,0.1696513631719936,13,R,1.0,"[20629, 20630, 20631, 20632, 20633, 20634, 20635, 20636, 20637, 21217, 21218, 21219, 42724]","[{""votacion_id"": 20627, ""razones"": [""SIN_VARIANZA_O_MENOS_DE_DOS_OBSERVACIONES""]}, {""votacion_id"": 20628, ""razones"": [""SIN_VARIANZA_O_MENOS_DE_DOS_OBSERVACIONES""]}]",,
1028,0.8410831560379219,0.49826934015755514,13,R,1.0,"[20629, 20630, 20631, 20632, 20633, 20634, 20635, 20636, 20637, 21217, 21218, 21219, 42724]","[{""votacion_id"": 20627, ""razones"": [""SIN_VARIANZA_O_MENOS_DE_DOS_OBSERVACIONES""]}, {""votacion_id"": 20628, ""razones"": [""SIN_VARIANZA_O_MENOS_DE_DOS_OBSERVACIONES""]}]",,
1030,1.3329622730444022,0.33872020047510315,12,R,0.9333333333333333,"[20629, 20630, 20631, 20632, 20633, 20634, 20635, 20636, 20637, 21217, 21218, 21219]","[{""votacion_id"": 20627, ""razones"": [""SIN_VARIANZA_O_MENOS_DE_DOS_OBSERVACIONES""]}, {""votacion_id"": 20628, ""razones"": [""SIN_VARIANZA_O_MENOS_DE_DOS_OBSERVACIONES""]}, {""votacion_id"": 42724, ""razones"": [""SIN_DECISION_SUSTANTIVA_INDIVIDUAL""]}]",,
1034,-0.7338346101580936,0.09840637943869866,13,L,1.0,"[20629, 20630, 20631, 20632, 20633, 20634, 20635, 20636, 20637, 21217, 21218, 21219, 42724]","[{""votacion_id"": 20627, ""razones"": [""SIN_VARIANZA_O_MENOS_DE_DOS_OBSERVACIONES""]}, {""votacion_id"": 20628, ""razones"": [""SIN_VARIANZA_O_MENOS_DE_DOS_OBSERVACIONES""]}]",,
1035,-0.7338346101580936,0.09840637943869866,13,L,1.0,"[20629, 20630, 20631, 20632, 20633, 20634, 20635, 20636, 20637, 21217, 21218, 21219, 42724]","[{""votacion_id"": 20627, ""razones"": [""SIN_VARIANZA_O_MENOS_DE_DOS_OBSERVACIONES""]}, {""votacion_id"": 20628, ""razones"": [""SIN_VARIANZA_O_MENOS_DE_DOS_OBSERVACIONES""]}]",,
1036,-0.7338346101580936,0.09840637943869866,13,L,1.0,"[20629, 20630, 20631, 20632, 20633, 20634, 20635, 20636, 20637, 21217, 21218, 21219, 42724]","[{""votacion_id"": 20627, ""razones"": [""SIN_VARIANZA_O_MENOS_DE_DOS_OBSERVACIONES""]}, {""votacion_id"": 20628, ""razones"": [""SIN_VARIANZA_O_MENOS_DE_DOS_OBSERVACIONES""]}]",,
1037,-0.7338346101580936,0.09840637943869866,13,L,0.9333333333333333,"[20629, 20630, 20631, 20632, 20633, 20634, 20635, 20636, 20637, 21217, 21218, 21219, 42724]","[{""votacion_id"": 20627, ""razones"": [""SIN_VARIANZA_O_MENOS_DE_DOS_OBSERVACIONES"", ""SIN_DECISION_SUSTANTIVA_INDIVIDUAL""]}, {""votacion_id"": 20628, ""razones"": [""SIN_VARIANZA_O_MENOS_DE_DOS_OBSERVACIONES""]}]",,
1038,-0.7338346101580936,0.09840637943869866,13,L,1.0,"[20629, 20630, 20631, 20632, 20633, 20634, 20635, 20636, 20637, 21217, 21218, 21219, 42724]","[{""votacion_id"": 20627, ""razones"": [""SIN_VARIANZA_O_MENOS_DE_DOS_OBSERVACIONES""]}, {""votacion_id"": 20628, ""razones"": [""SIN_VARIANZA_O_MENOS_DE_DOS_OBSERVACIONES""]}]",,
1044,-0.7338346101580936,0.09840637943869866,13,L,1.0,"[20629, 20630, 20631, 20632, 20633, 20634, 20635, 20636, 20637, 21217, 21218, 21219, 42724]","[{""votacion_id"": 20627, ""razones"": [""SIN_VARIANZA_O_MENOS_DE_DOS_OBSERVACIONES""]}, {""votacion_id"": 20628, ""razones"": [""SIN_VARIANZA_O_MENOS_DE_DOS_OBSERVACIONES""]}]",,
1046,-0.32788348927062927,0.6957404966126722,13,R,1.0,"[20629, 20630, 20631, 20632, 20633, 20634, 20635, 20636, 20637, 21217, 21218, 21219, 42724]","[{""votacion_id"": 20627, ""razones"": [""SIN_VARIANZA_O_MENOS_DE_DOS_OBSERVACIONES""]}, {""votacion_id"": 20628, ""razones"": [""SIN_VARIANZA_O_MENOS_DE_DOS_OBSERVACIONES""]}]",,
1048,-0.7338346101580936,0.09840637943869866,13,L,1.0,"[20629, 20630, 20631, 20632, 20633, 20634, 20635, 20636, 20637, 21217, 21218, 21219, 42724]","[{""votacion_id"": 20627, ""razones"": [""SIN_VARIANZA_O_MENOS_DE_DOS_OBSERVACIONES""]}, {""votacion_id"": 20628, ""razones"": [""SIN_VARIANZA_O_MENOS_DE_DOS_OBSERVACIONES""]}]",,
1049,-0.7338346101580936,0.09840637943869866,13,L,1.0,"[20629, 20630, 20631, 20632, 20633, 20634, 20635, 20636, 20637, 21217, 21218, 21219, 42724]","[{""votacion_id"": 20627, ""razones"": [""SIN_VARIANZA_O_MENOS_DE_DOS_OBSERVACIONES""]}, {""votacion_id"": 20628, ""razones"": [""SIN_VARIANZA_O_MENOS_DE_DOS_OBSERVACIONES""]}]",,
1050,-0.38983717849462857,0.6882051467801659,12,R,0.9333333333333333,"[20629, 20630, 20631, 20632, 20633, 20634, 20635, 20636, 20637, 21217, 21218, 21219]","[{""votacion_id"": 20627, ""razones"": [""SIN_VARIANZA_O_MENOS_DE_DOS_OBSERVACIONES""]}, {""votacion_id"": 20628, ""razones"": [""SIN_VARIANZA_O_MENOS_DE_DOS_OBSERVACIONES""]}, {""votacion_id"": 42724, ""razones"": [""SIN_DECISION_SUSTANTIVA_INDIVIDUAL""]}]",,
1054,-0.14593033098625452,0.5275969733386152,13,R,1.0,"[20629, 20630, 20631, 20632, 20633, 20634, 20635, 20636, 20637, 21217, 21218, 21219, 42724]","[{""votacion_id"": 20627, ""razones"": [""SIN_VARIANZA_O_MENOS_DE_DOS_OBSERVACIONES""]}, {""votacion_id"": 20628, ""razones"": [""SIN_VARIANZA_O_MENOS_DE_DOS_OBSERVACIONES""]}]",,
1056,-0.7338346101580936,0.09840637943869866,13,L,1.0,"[20629, 20630, 20631, 20632, 20633, 20634, 20635, 20636, 20637, 21217, 21218, 21219, 42724]","[{""votacion_id"": 20627, ""razones"": [""SIN_VARIANZA_O_MENOS_DE_DOS_OBSERVACIONES""]}, {""votacion_id"": 20628, ""razones"": [""SIN_VARIANZA_O_MENOS_DE_DOS_OBSERVACIONES""]}]",,
1057,-0.7338346101580936,0.09840637943869866,13,R,1.0,"[20629, 20630, 20631, 20632, 20633, 20634, 20635, 20636, 20637, 21217, 21218, 21219, 42724]","[{""votacion_id"": 20627, ""razones"": [""SIN_VARIANZA_O_MENOS_DE_DOS_OBSERVACIONES""]}, {""votacion_id"": 20628, ""razones"": [""SIN_VARIANZA_O_MENOS_DE_DOS_OBSERVACIONES""]}]",,
1058,-0.7257273641017078,0.09814289477652059,12,L,0.9333333333333333,"[20629, 20630, 20631, 20632, 20633, 20634, 20635, 20636, 20637, 21217, 21218, 21219]","[{""votacion_id"": 20627, ""razones"": [""SIN_VARIANZA_O_MENOS_DE_DOS_OBSERVACIONES""]}, {""votacion_id"": 20628, ""razones"": [""SIN_VARIANZA_O_MENOS_DE_DOS_OBSERVACIONES""]}, {""votacion_id"": 42724, ""razones"": [""SIN_DECISION_SUSTANTIVA_INDIVIDUAL""]}]",,
1059,-0.32788348927062927,0.6957404966126722,13,R,1.0,"[20629, 20630, 20631, 20632, 20633, 20634, 20635, 20636, 20637, 21217, 21218, 21219, 42724]","[{""votacion_id"": 20627, ""razones"": [""SIN_VARIANZA_O_MENOS_DE_DOS_OBSERVACIONES""]}, {""votacion_id"": 20628, ""razones"": [""SIN_VARIANZA_O_MENOS_DE_DOS_OBSERVACIONES""]}]",,
1062,-0.7338346101580936,0.09840637943869866,13,R,1.0,"[20629, 20630, 20631, 20632, 20633, 20634, 20635, 20636, 20637, 21217, 21218, 21219, 42724]","[{""votacion_id"": 20627, ""razones"": [""SIN_VARIANZA_O_MENOS_DE_DOS_OBSERVACIONES""]}, {""votacion_id"": 20628, ""razones"": [""SIN_VARIANZA_O_MENOS_DE_DOS_OBSERVACIONES""]}]",,
1065,1.3585481862477011,0.3317925733587359,13,R,1.0,"[20629, 20630, 20631, 20632, 20633, 20634, 20635, 20636, 20637, 21217, 21218, 21219, 42724]","[{""votacion_id"": 20627, ""razones"": [""SIN_VARIANZA_O_MENOS_DE_DOS_OBSERVACIONES""]}, {""votacion_id"": 20628, ""razones"": [""SIN_VARIANZA_O_MENOS_DE_DOS_OBSERVACIONES""]}]",,
1067,-0.32788348927062927,0.6957404966126722,13,R,1.0,"[20629, 20630, 20631, 20632, 20633, 20634, 20635, 20636, 20637, 21217, 21218, 21219, 42724]","[{""votacion_id"": 20627, ""razones"": [""SIN_VARIANZA_O_MENOS_DE_DOS_OBSERVACIONES""]}, {""votacion_id"": 20628, ""razones"": [""SIN_VARIANZA_O_MENOS_DE_DOS_OBSERVACIONES""]}]",,
1068,-0.7338346101580936,0.09840637943869866,13,L,0.8666666666666667,"[20629, 20630, 20631, 20632, 20633, 20634, 20635, 20636, 20637, 21217, 21218, 21219, 42724]","[{""votacion_id"": 20627, ""razones"": [""SIN_VARIANZA_O_MENOS_DE_DOS_OBSERVACIONES"", ""SIN_DECISION_SUSTANTIVA_INDIVIDUAL""]}, {""votacion_id"": 20628, ""razones"": [""SIN_VARIANZA_O_MENOS_DE_DOS_OBSERVACIONES"", ""SIN_DECISION_SUSTANTIVA_INDIVIDUAL""]}]",,
1073,-0.7338346101580936,0.09840637943869866,13,L,1.0,"[20629, 20630, 20631, 20632, 20633, 20634, 20635, 20636, 20637, 21217, 21218, 21219, 42724]","[{""votacion_id"": 20627, ""razones"": [""SIN_VARIANZA_O_MENOS_DE_DOS_OBSERVACIONES""]}, {""votacion_id"": 20628, ""razones"": [""SIN_VARIANZA_O_MENOS_DE_DOS_OBSERVACIONES""]}]",,
1074,-0.8311215628347248,,1,L,0.13333333333333333,[42724],"[{""votacion_id"": 20627, ""razones"": [""SIN_VARIANZA_O_MENOS_DE_DOS_OBSERVACIONES""]}, {""votacion_id"": 20628, ""razones"": [""SIN_VARIANZA_O_MENOS_DE_DOS_OBSERVACIONES"", ""SIN_DECISION_SUSTANTIVA_INDIVIDUAL""]}, {""votacion_id"": 20629, ""razones"": [""SIN_DECISION_SUSTANTIVA_INDIVIDUAL""]}, {""votacion_id"": 20630, ""razones"": [""SIN_DECISION_SUSTANTIVA_INDIVIDUAL""]}, {""votacion_id"": 20631, ""razones"": [""SIN_DECISION_SUSTANTIVA_INDIVIDUAL""]}, {""votacion_id"": 20632, ""razones"": [""SIN_DECISION_SUSTANTIVA_INDIVIDUAL""]}, {""votacion_id"": 20633, ""razones"": [""SIN_DECISION_SUSTANTIVA_INDIVIDUAL""]}, {""votacion_id"": 20634, ""razones"": [""SIN_DECISION_SUSTANTIVA_INDIVIDUAL""]}, {""votacion_id"": 20635, ""razones"": [""SIN_DECISION_SUSTANTIVA_INDIVIDUAL""]}, {""votacion_id"": 20636, ""razones"": [""SIN_DECISION_SUSTANTIVA_INDIVIDUAL""]}, {""votacion_id"": 20637, ""razones"": [""SIN_DECISION_SUSTANTIVA_INDIVIDUAL""]}, {""votacion_id"": 21217, ""razones"": [""SIN_DECISION_SUSTANTIVA_INDIVIDUAL""]}, {""votacion_id"": 21218, ""razones"": [""SIN_DECISION_SUSTANTIVA_INDIVIDUAL""]}, {""votacion_id"": 21219, ""razones"": [""SIN_DECISION_SUSTANTIVA_INDIVIDUAL""]}]",,MENOS_DE_DOS_VOTACIONES
1076,-0.7257273641017078,0.09814289477652059,12,L,0.8,"[20629, 20630, 20631, 20632, 20633, 20634, 20635, 20636, 20637, 21217, 21218, 21219]","[{""votacion_id"": 20627, ""razones"": [""SIN_VARIANZA_O_MENOS_DE_DOS_OBSERVACIONES"", ""SIN_DECISION_SUSTANTIVA_INDIVIDUAL""]}, {""votacion_id"": 20628, ""razones"": [""SIN_VARIANZA_O_MENOS_DE_DOS_OBSERVACIONES"", ""SIN_DECISION_SUSTANTIVA_INDIVIDUAL""]}, {""votacion_id"": 42724, ""razones"": [""SIN_DECISION_SUSTANTIVA_INDIVIDUAL""]}]",,
1077,-0.7257273641017078,0.09814289477652059,12,L,0.8,"[20629, 20630, 20631, 20632, 20633, 20634, 20635, 20636, 20637, 21217, 21218, 21219]","[{""votacion_id"": 20627, ""razones"": [""SIN_VARIANZA_O_MENOS_DE_DOS_OBSERVACIONES"", ""SIN_DECISION_SUSTANTIVA_INDIVIDUAL""]}, {""votacion_id"": 20628, ""razones"": [""SIN_VARIANZA_O_MENOS_DE_DOS_OBSERVACIONES"", ""SIN_DECISION_SUSTANTIVA_INDIVIDUAL""]}, {""votacion_id"": 42724, ""razones"": [""SIN_DECISION_SUSTANTIVA_INDIVIDUAL""]}]",,
1081,-0.25541532430898556,0.8454594825265157,13,R,1.0,"[20629, 20630, 20631, 20632, 20633, 20634, 20635, 20636, 20637, 21217, 21218, 21219, 42724]","[{""votacion_id"": 20627, ""razones"": [""SIN_VARIANZA_O_MENOS_DE_DOS_OBSERVACIONES""]}, {""votacion_id"": 20628, ""razones"": [""SIN_VARIANZA_O_MENOS_DE_DOS_OBSERVACIONES""]}]",,
1082,1.424160960075796,0.1632221415887481,12,R,0.9333333333333333,"[20629, 20630, 20631, 20632, 20633, 20634, 20635, 20636, 20637, 21217, 21218, 21219]","[{""votacion_id"": 20627, ""razones"": [""SIN_VARIANZA_O_MENOS_DE_DOS_OBSERVACIONES""]}, {""votacion_id"": 20628, ""razones"": [""SIN_VARIANZA_O_MENOS_DE_DOS_OBSERVACIONES""]}, {""votacion_id"": 42724, ""razones"": [""SIN_DECISION_SUSTANTIVA_INDIVIDUAL""]}]",,
1086,-0.7257273641017078,0.09814289477652059,12,L,0.9333333333333333,"[20629, 20630, 20631, 20632, 20633, 20634, 20635, 20636, 20637, 21217, 21218, 21219]","[{""votacion_id"": 20627, ""razones"": [""SIN_VARIANZA_O_MENOS_DE_DOS_OBSERVACIONES""]}, {""votacion_id"": 20628, ""razones"": [""SIN_VARIANZA_O_MENOS_DE_DOS_OBSERVACIONES""]}, {""votacion_id"": 42724, ""razones"": [""SIN_DECISION_SUSTANTIVA_INDIVIDUAL""]}]",,
1087,-0.7338346101580936,0.09840637943869866,13,L,1.0,"[20629, 20630, 20631, 20632, 20633, 20634, 20635, 20636, 20637, 21217, 21218, 21219, 42724]","[{""votacion_id"": 20627, ""razones"": [""SIN_VARIANZA_O_MENOS_DE_DOS_OBSERVACIONES""]}, {""votacion_id"": 20628, ""razones"": [""SIN_VARIANZA_O_MENOS_DE_DOS_OBSERVACIONES""]}]",,
1094,1.2777885712961625,0.6151863409430061,13,R,1.0,"[20629, 20630, 20631, 20632, 20633, 20634, 20635, 20636, 20637, 21217, 21218, 21219, 42724]","[{""votacion_id"": 20627, ""razones"": [""SIN_VARIANZA_O_MENOS_DE_DOS_OBSERVACIONES""]}, {""votacion_id"": 20628, ""razones"": [""SIN_VARIANZA_O_MENOS_DE_DOS_OBSERVACIONES""]}]",,
1096,-0.7338346101580936,0.09840637943869866,13,L,1.0,"[20629, 20630, 20631, 20632, 20633, 20634, 20635, 20636, 20637, 21217, 21218, 21219, 42724]","[{""votacion_id"": 20627, ""razones"": [""SIN_VARIANZA_O_MENOS_DE_DOS_OBSERVACIONES""]}, {""votacion_id"": 20628, ""razones"": [""SIN_VARIANZA_O_MENOS_DE_DOS_OBSERVACIONES""]}]",,
1097,-0.7338346101580936,0.09840637943869866,13,L,1.0,"[20629, 20630, 20631, 20632, 20633, 20634, 20635, 20636, 20637, 21217, 21218, 21219, 42724]","[{""votacion_id"": 20627, ""razones"": [""SIN_VARIANZA_O_MENOS_DE_DOS_OBSERVACIONES""]}, {""votacion_id"": 20628, ""razones"": [""SIN_VARIANZA_O_MENOS_DE_DOS_OBSERVACIONES""]}]",,
1100,1.4424749728137694,0.1696513631719936,13,R,1.0,"[20629, 20630, 20631, 20632, 20633, 20634, 20635, 20636, 20637, 21217, 21218, 21219, 42724]","[{""votacion_id"": 20627, ""razones"": [""SIN_VARIANZA_O_MENOS_DE_DOS_OBSERVACIONES""]}, {""votacion_id"": 20628, ""razones"": [""SIN_VARIANZA_O_MENOS_DE_DOS_OBSERVACIONES""]}]",,
1102,1.241763586013008,0.6343769331438324,12,R,0.9333333333333333,"[20629, 20630, 20631, 20632, 20633, 20634, 20635, 20636, 20637, 21217, 21218, 21219]","[{""votacion_id"": 20627, ""razones"": [""SIN_VARIANZA_O_MENOS_DE_DOS_OBSERVACIONES""]}, {""votacion_id"": 20628, ""razones"": [""SIN_VARIANZA_O_MENOS_DE_DOS_OBSERVACIONES""]}, {""votacion_id"": 42724, ""razones"": [""SIN_DECISION_SUSTANTIVA_INDIVIDUAL""]}]",,
1103,-0.7338346101580936,0.09840637943869866,13,L,0.8666666666666667,"[20629, 20630, 20631, 20632, 20633, 20634, 20635, 20636, 20637, 21217, 21218, 21219, 42724]","[{""votacion_id"": 20627, ""razones"": [""SIN_VARIANZA_O_MENOS_DE_DOS_OBSERVACIONES"", ""SIN_DECISION_SUSTANTIVA_INDIVIDUAL""]}, {""votacion_id"": 20628, ""razones"": [""SIN_VARIANZA_O_MENOS_DE_DOS_OBSERVACIONES"", ""SIN_DECISION_SUSTANTIVA_INDIVIDUAL""]}]",,
1104,1.4424749728137694,0.1696513631719936,13,R,1.0,"[20629, 20630, 20631, 20632, 20633, 20634, 20635, 20636, 20637, 21217, 21218, 21219, 42724]","[{""votacion_id"": 20627, ""razones"": [""SIN_VARIANZA_O_MENOS_DE_DOS_OBSERVACIONES""]}, {""votacion_id"": 20628, ""razones"": [""SIN_VARIANZA_O_MENOS_DE_DOS_OBSERVACIONES""]}]",,
1105,-0.7338346101580936,0.09840637943869866,13,L,1.0,"[20629, 20630, 20631, 20632, 20633, 20634, 20635, 20636, 20637, 21217, 21218, 21219, 42724]","[{""votacion_id"": 20627, ""razones"": [""SIN_VARIANZA_O_MENOS_DE_DOS_OBSERVACIONES""]}, {""votacion_id"": 20628, ""razones"": [""SIN_VARIANZA_O_MENOS_DE_DOS_OBSERVACIONES""]}]",,
1106,0.3434213684005623,1.0218344403117878,13,R,1.0,"[20629, 20630, 20631, 20632, 20633, 20634, 20635, 20636, 20637, 21217, 21218, 21219, 42724]","[{""votacion_id"": 20627, ""razones"": [""SIN_VARIANZA_O_MENOS_DE_DOS_OBSERVACIONES""]}, {""votacion_id"": 20628, ""razones"": [""SIN_VARIANZA_O_MENOS_DE_DOS_OBSERVACIONES""]}]",,
1107,-0.7257273641017078,0.09814289477652059,12,L,0.9333333333333333,"[20629, 20630, 20631, 20632, 20633, 20634, 20635, 20636, 20637, 21217, 21218, 21219]","[{""votacion_id"": 20627, ""razones"": [""SIN_VARIANZA_O_MENOS_DE_DOS_OBSERVACIONES""]}, {""votacion_id"": 20628, ""razones"": [""SIN_VARIANZA_O_MENOS_DE_DOS_OBSERVACIONES""]}, {""votacion_id"": 42724, ""razones"": [""SIN_DECISION_SUSTANTIVA_INDIVIDUAL""]}]",,
1108,-0.32788348927062927,0.6957404966126722,13,R,1.0,"[20629, 20630, 20631, 20632, 20633, 20634, 20635, 20636, 20637, 21217, 21218, 21219, 42724]","[{""votacion_id"": 20627, ""razones"": [""SIN_VARIANZA_O_MENOS_DE_DOS_OBSERVACIONES""]}, {""votacion_id"": 20628, ""razones"": [""SIN_VARIANZA_O_MENOS_DE_DOS_OBSERVACIONES""]}]",,
1109,1.189422361584503,0.4779953931710995,13,R,1.0,"[20629, 20630, 20631, 20632, 20633, 20634, 20635, 20636, 20637, 21217, 21218, 21219, 42724]","[{""votacion_id"": 20627, ""razones"": [""SIN_VARIANZA_O_MENOS_DE_DOS_OBSERVACIONES""]}, {""votacion_id"": 20628, ""razones"": [""SIN_VARIANZA_O_MENOS_DE_DOS_OBSERVACIONES""]}]",,
1111,1.3465763309482242,0.3204266156422816,13,R,1.0,"[20629, 20630, 20631, 20632, 20633, 20634, 20635, 20636, 20637, 21217, 21218, 21219, 42724]","[{""votacion_id"": 20627, ""razones"": [""SIN_VARIANZA_O_MENOS_DE_DOS_OBSERVACIONES""]}, {""votacion_id"": 20628, ""razones"": [""SIN_VARIANZA_O_MENOS_DE_DOS_OBSERVACIONES""]}]",,
1112,-0.7257273641017078,0.09814289477652059,12,L,0.9333333333333333,"[20629, 20630, 20631, 20632, 20633, 20634, 20635, 20636, 20637, 21217, 21218, 21219]","[{""votacion_id"": 20627, ""razones"": [""SIN_VARIANZA_O_MENOS_DE_DOS_OBSERVACIONES""]}, {""votacion_id"": 20628, ""razones"": [""SIN_VARIANZA_O_MENOS_DE_DOS_OBSERVACIONES""]}, {""votacion_id"": 42724, ""razones"": [""SIN_DECISION_SUSTANTIVA_INDIVIDUAL""]}]",,
1113,1.2733491481505712,0.42181624078867275,13,R,1.0,"[20629, 20630, 20631, 20632, 20633, 20634, 20635, 20636, 20637, 21217, 21218, 21219, 42724]","[{""votacion_id"": 20627, ""razones"": [""SIN_VARIANZA_O_MENOS_DE_DOS_OBSERVACIONES""]}, {""votacion_id"": 20628, ""razones"": [""SIN_VARIANZA_O_MENOS_DE_DOS_OBSERVACIONES""]}]",,
1114,-0.7338346101580936,0.09840637943869866,13,L,1.0,"[20629, 20630, 20631, 20632, 20633, 20634, 20635, 20636, 20637, 21217, 21218, 21219, 42724]","[{""votacion_id"": 20627, ""razones"": [""SIN_VARIANZA_O_MENOS_DE_DOS_OBSERVACIONES""]}, {""votacion_id"": 20628, ""razones"": [""SIN_VARIANZA_O_MENOS_DE_DOS_OBSERVACIONES""]}]",,
1117,-0.7338346101580936,0.09840637943869866,13,L,1.0,"[20629, 20630, 20631, 20632, 20633, 20634, 20635, 20636, 20637, 21217, 21218, 21219, 42724]","[{""votacion_id"": 20627, ""razones"": [""SIN_VARIANZA_O_MENOS_DE_DOS_OBSERVACIONES""]}, {""votacion_id"": 20628, ""razones"": [""SIN_VARIANZA_O_MENOS_DE_DOS_OBSERVACIONES""]}]",,
1118,-0.7338346101580936,0.09840637943869866,13,L,1.0,"[20629, 20630, 20631, 20632, 20633, 20634, 20635, 20636, 20637, 21217, 21218, 21219, 42724]","[{""votacion_id"": 20627, ""razones"": [""SIN_VARIANZA_O_MENOS_DE_DOS_OBSERVACIONES""]}, {""votacion_id"": 20628, ""razones"": [""SIN_VARIANZA_O_MENOS_DE_DOS_OBSERVACIONES""]}]",,
1119,-0.23564756484037513,0.6246046473693386,13,R,1.0,"[20629, 20630, 20631, 20632, 20633, 20634, 20635, 20636, 20637, 21217, 21218, 21219, 42724]","[{""votacion_id"": 20627, ""razones"": [""SIN_VARIANZA_O_MENOS_DE_DOS_OBSERVACIONES""]}, {""votacion_id"": 20628, ""razones"": [""SIN_VARIANZA_O_MENOS_DE_DOS_OBSERVACIONES""]}]",,
1121,1.3565971999500457,0.3281326405757752,13,R,1.0,"[20629, 20630, 20631, 20632, 20633, 20634, 20635, 20636, 20637, 21217, 21218, 21219, 42724]","[{""votacion_id"": 20627, ""razones"": [""SIN_VARIANZA_O_MENOS_DE_DOS_OBSERVACIONES""]}, {""votacion_id"": 20628, ""razones"": [""SIN_VARIANZA_O_MENOS_DE_DOS_OBSERVACIONES""]}]",,
1122,-0.7338346101580936,0.09840637943869866,13,L,1.0,"[20629, 20630, 20631, 20632, 20633, 20634, 20635, 20636, 20637, 21217, 21218, 21219, 42724]","[{""votacion_id"": 20627, ""razones"": [""SIN_VARIANZA_O_MENOS_DE_DOS_OBSERVACIONES""]}, {""votacion_id"": 20628, ""razones"": [""SIN_VARIANZA_O_MENOS_DE_DOS_OBSERVACIONES""]}]",,
1124,-0.7257273641017078,0.09814289477652059,12,L,0.9333333333333333,"[20629, 20630, 20631, 20632, 20633, 20634, 20635, 20636, 20637, 21217, 21218, 21219]","[{""votacion_id"": 20627, ""razones"": [""SIN_VARIANZA_O_MENOS_DE_DOS_OBSERVACIONES""]}, {""votacion_id"": 20628, ""razones"": [""SIN_VARIANZA_O_MENOS_DE_DOS_OBSERVACIONES""]}, {""votacion_id"": 42724, ""razones"": [""SIN_DECISION_SUSTANTIVA_INDIVIDUAL""]}]",,
1126,1.3465763309482242,0.3204266156422816,13,R,1.0,"[20629, 20630, 20631, 20632, 20633, 20634, 20635, 20636, 20637, 21217, 21218, 21219, 42724]","[{""votacion_id"": 20627, ""razones"": [""SIN_VARIANZA_O_MENOS_DE_DOS_OBSERVACIONES""]}, {""votacion_id"": 20628, ""razones"": [""SIN_VARIANZA_O_MENOS_DE_DOS_OBSERVACIONES""]}]",,
1127,-0.7338346101580936,0.09840637943869866,13,L,1.0,"[20629, 20630, 20631, 20632, 20633, 20634, 20635, 20636, 20637, 21217, 21218, 21219, 42724]","[{""votacion_id"": 20627, ""razones"": [""SIN_VARIANZA_O_MENOS_DE_DOS_OBSERVACIONES""]}, {""votacion_id"": 20628, ""razones"": [""SIN_VARIANZA_O_MENOS_DE_DOS_OBSERVACIONES""]}]",,
1128,-0.7338346101580936,0.09840637943869866,13,L,1.0,"[20629, 20630, 20631, 20632, 20633, 20634, 20635, 20636, 20637, 21217, 21218, 21219, 42724]","[{""votacion_id"": 20627, ""razones"": [""SIN_VARIANZA_O_MENOS_DE_DOS_OBSERVACIONES""]}, {""votacion_id"": 20628, ""razones"": [""SIN_VARIANZA_O_MENOS_DE_DOS_OBSERVACIONES""]}]",,
1129,-0.7338346101580936,0.09840637943869866,13,L,1.0,"[20629, 20630, 20631, 20632, 20633, 20634, 20635, 20636, 20637, 21217, 21218, 21219, 42724]","[{""votacion_id"": 20627, ""razones"": [""SIN_VARIANZA_O_MENOS_DE_DOS_OBSERVACIONES""]}, {""votacion_id"": 20628, ""razones"": [""SIN_VARIANZA_O_MENOS_DE_DOS_OBSERVACIONES""]}]",,
1131,0.8405406257256869,0.6636792405791501,13,R,0.9333333333333333,"[20629, 20630, 20631, 20632, 20633, 20634, 20635, 20636, 20637, 21217, 21218, 21219, 42724]","[{""votacion_id"": 20627, ""razones"": [""SIN_VARIANZA_O_MENOS_DE_DOS_OBSERVACIONES"", ""SIN_DECISION_SUSTANTIVA_INDIVIDUAL""]}, {""votacion_id"": 20628, ""razones"": [""SIN_VARIANZA_O_MENOS_DE_DOS_OBSERVACIONES""]}]",,
1132,0.08777978069509085,0.9158594235162236,13,R,1.0,"[20629, 20630, 20631, 20632, 20633, 20634, 20635, 20636, 20637, 21217, 21218, 21219, 42724]","[{""votacion_id"": 20627, ""razones"": [""SIN_VARIANZA_O_MENOS_DE_DOS_OBSERVACIONES""]}, {""votacion_id"": 20628, ""razones"": [""SIN_VARIANZA_O_MENOS_DE_DOS_OBSERVACIONES""]}]",,
1133,1.4424749728137694,0.1696513631719936,13,R,0.9333333333333333,"[20629, 20630, 20631, 20632, 20633, 20634, 20635, 20636, 20637, 21217, 21218, 21219, 42724]","[{""votacion_id"": 20627, ""razones"": [""SIN_VARIANZA_O_MENOS_DE_DOS_OBSERVACIONES"", ""SIN_DECISION_SUSTANTIVA_INDIVIDUAL""]}, {""votacion_id"": 20628, ""razones"": [""SIN_VARIANZA_O_MENOS_DE_DOS_OBSERVACIONES""]}]",,
1135,1.3465763309482242,0.3204266156422816,13,R,1.0,"[20629, 20630, 20631, 20632, 20633, 20634, 20635, 20636, 20637, 21217, 21218, 21219, 42724]","[{""votacion_id"": 20627, ""razones"": [""SIN_VARIANZA_O_MENOS_DE_DOS_OBSERVACIONES""]}, {""votacion_id"": 20628, ""razones"": [""SIN_VARIANZA_O_MENOS_DE_DOS_OBSERVACIONES""]}]",,
1138,1.2411441068394724,0.6152006513844561,12,R,0.9333333333333333,"[20629, 20630, 20631, 20632, 20633, 20634, 20635, 20636, 20637, 21217, 21218, 21219]","[{""votacion_id"": 20627, ""razones"": [""SIN_VARIANZA_O_MENOS_DE_DOS_OBSERVACIONES""]}, {""votacion_id"": 20628, ""razones"": [""SIN_VARIANZA_O_MENOS_DE_DOS_OBSERVACIONES""]}, {""votacion_id"": 42724, ""razones"": [""SIN_DECISION_SUSTANTIVA_INDIVIDUAL""]}]",,
1139,1.3465763309482242,0.3204266156422816,13,R,1.0,"[20629, 20630, 20631, 20632, 20633, 20634, 20635, 20636, 20637, 21217, 21218, 21219, 42724]","[{""votacion_id"": 20627, ""razones"": [""SIN_VARIANZA_O_MENOS_DE_DOS_OBSERVACIONES""]}, {""votacion_id"": 20628, ""razones"": [""SIN_VARIANZA_O_MENOS_DE_DOS_OBSERVACIONES""]}]",,
1140,1.3465763309482242,0.3204266156422816,13,R,1.0,"[20629, 20630, 20631, 20632, 20633, 20634, 20635, 20636, 20637, 21217, 21218, 21219, 42724]","[{""votacion_id"": 20627, ""razones"": [""SIN_VARIANZA_O_MENOS_DE_DOS_OBSERVACIONES""]}, {""votacion_id"": 20628, ""razones"": [""SIN_VARIANZA_O_MENOS_DE_DOS_OBSERVACIONES""]}]",,
1142,-0.7338346101580936,0.09840637943869866,13,L,1.0,"[20629, 20630, 20631, 20632, 20633, 20634, 20635, 20636, 20637, 21217, 21218, 21219, 42724]","[{""votacion_id"": 20627, ""razones"": [""SIN_VARIANZA_O_MENOS_DE_DOS_OBSERVACIONES""]}, {""votacion_id"": 20628, ""razones"": [""SIN_VARIANZA_O_MENOS_DE_DOS_OBSERVACIONES""]}]",,
1143,1.105502871684135,0.8054326759319366,13,R,1.0,"[20629, 20630, 20631, 20632, 20633, 20634, 20635, 20636, 20637, 21217, 21218, 21219, 42724]","[{""votacion_id"": 20627, ""razones"": [""SIN_VARIANZA_O_MENOS_DE_DOS_OBSERVACIONES""]}, {""votacion_id"": 20628, ""razones"": [""SIN_VARIANZA_O_MENOS_DE_DOS_OBSERVACIONES""]}]",,
1146,1.4424749728137694,0.1696513631719936,13,R,1.0,"[20629, 20630, 20631, 20632, 20633, 20634, 20635, 20636, 20637, 21217, 21218, 21219, 42724]","[{""votacion_id"": 20627, ""razones"": [""SIN_VARIANZA_O_MENOS_DE_DOS_OBSERVACIONES""]}, {""votacion_id"": 20628, ""razones"": [""SIN_VARIANZA_O_MENOS_DE_DOS_OBSERVACIONES""]}]",,
1147,-0.7338346101580936,0.09840637943869866,13,L,0.9333333333333333,"[20629, 20630, 20631, 20632, 20633, 20634, 20635, 20636, 20637, 21217, 21218, 21219, 42724]","[{""votacion_id"": 20627, ""razones"": [""SIN_VARIANZA_O_MENOS_DE_DOS_OBSERVACIONES"", ""SIN_DECISION_SUSTANTIVA_INDIVIDUAL""]}, {""votacion_id"": 20628, ""razones"": [""SIN_VARIANZA_O_MENOS_DE_DOS_OBSERVACIONES""]}]",,
1148,-0.7338346101580936,0.09840637943869866,13,L,0.8666666666666667,"[20629, 20630, 20631, 20632, 20633, 20634, 20635, 20636, 20637, 21217, 21218, 21219, 42724]","[{""votacion_id"": 20627, ""razones"": [""SIN_VARIANZA_O_MENOS_DE_DOS_OBSERVACIONES"", ""SIN_DECISION_SUSTANTIVA_INDIVIDUAL""]}, {""votacion_id"": 20628, ""razones"": [""SIN_VARIANZA_O_MENOS_DE_DOS_OBSERVACIONES"", ""SIN_DECISION_SUSTANTIVA_INDIVIDUAL""]}]",,
1149,-0.32788348927062927,0.6957404966126722,13,R,1.0,"[20629, 20630, 20631, 20632, 20633, 20634, 20635, 20636, 20637, 21217, 21218, 21219, 42724]","[{""votacion_id"": 20627, ""razones"": [""SIN_VARIANZA_O_MENOS_DE_DOS_OBSERVACIONES""]}, {""votacion_id"": 20628, ""razones"": [""SIN_VARIANZA_O_MENOS_DE_DOS_OBSERVACIONES""]}]",,
1150,1.424160960075796,0.1632221415887481,12,R,0.9333333333333333,"[20629, 20630, 20631, 20632, 20633, 20634, 20635, 20636, 20637, 21217, 21218, 21219]","[{""votacion_id"": 20627, ""razones"": [""SIN_VARIANZA_O_MENOS_DE_DOS_OBSERVACIONES""]}, {""votacion_id"": 20628, ""razones"": [""SIN_VARIANZA_O_MENOS_DE_DOS_OBSERVACIONES""]}, {""votacion_id"": 42724, ""razones"": [""SIN_DECISION_SUSTANTIVA_INDIVIDUAL""]}]",,
1153,-0.7338346101580936,0.09840637943869866,13,L,1.0,"[20629, 20630, 20631, 20632, 20633, 20634, 20635, 20636, 20637, 21217, 21218, 21219, 42724]","[{""votacion_id"": 20627, ""razones"": [""SIN_VARIANZA_O_MENOS_DE_DOS_OBSERVACIONES""]}, {""votacion_id"": 20628, ""razones"": [""SIN_VARIANZA_O_MENOS_DE_DOS_OBSERVACIONES""]}]",,
1155,-0.6563770056466716,0.22999956781520042,13,R,1.0,"[20629, 20630, 20631, 20632, 20633, 20634, 20635, 20636, 20637, 21217, 21218, 21219, 42724]","[{""votacion_id"": 20627, ""razones"": [""SIN_VARIANZA_O_MENOS_DE_DOS_OBSERVACIONES""]}, {""votacion_id"": 20628, ""razones"": [""SIN_VARIANZA_O_MENOS_DE_DOS_OBSERVACIONES""]}]",,
1159,-0.7338346101580936,0.09840637943869866,13,L,1.0,"[20629, 20630, 20631, 20632, 20633, 20634, 20635, 20636, 20637, 21217, 21218, 21219, 42724]","[{""votacion_id"": 20627, ""razones"": [""SIN_VARIANZA_O_MENOS_DE_DOS_OBSERVACIONES""]}, {""votacion_id"": 20628, ""razones"": [""SIN_VARIANZA_O_MENOS_DE_DOS_OBSERVACIONES""]}]",,
1160,-0.7338346101580936,0.09840637943869866,13,L,1.0,"[20629, 20630, 20631, 20632, 20633, 20634, 20635, 20636, 20637, 21217, 21218, 21219, 42724]","[{""votacion_id"": 20627, ""razones"": [""SIN_VARIANZA_O_MENOS_DE_DOS_OBSERVACIONES""]}, {""votacion_id"": 20628, ""razones"": [""SIN_VARIANZA_O_MENOS_DE_DOS_OBSERVACIONES""]}]",,
1162,-0.7338346101580936,0.09840637943869866,13,L,1.0,"[20629, 20630, 20631, 20632, 20633, 20634, 20635, 20636, 20637, 21217, 21218, 21219, 42724]","[{""votacion_id"": 20627, ""razones"": [""SIN_VARIANZA_O_MENOS_DE_DOS_OBSERVACIONES""]}, {""votacion_id"": 20628, ""razones"": [""SIN_VARIANZA_O_MENOS_DE_DOS_OBSERVACIONES""]}]",,
1163,-0.16293022689090136,0.8392090875408798,13,R,1.0,"[20629, 20630, 20631, 20632, 20633, 20634, 20635, 20636, 20637, 21217, 21218, 21219, 42724]","[{""votacion_id"": 20627, ""razones"": [""SIN_VARIANZA_O_MENOS_DE_DOS_OBSERVACIONES""]}, {""votacion_id"": 20628, ""razones"": [""SIN_VARIANZA_O_MENOS_DE_DOS_OBSERVACIONES""]}]",,
1165,1.4424749728137694,0.1696513631719936,13,R,1.0,"[20629, 20630, 20631, 20632, 20633, 20634, 20635, 20636, 20637, 21217, 21218, 21219, 42724]","[{""votacion_id"": 20627, ""razones"": [""SIN_VARIANZA_O_MENOS_DE_DOS_OBSERVACIONES""]}, {""votacion_id"": 20628, ""razones"": [""SIN_VARIANZA_O_MENOS_DE_DOS_OBSERVACIONES""]}]",,
1167,-0.7338346101580936,0.09840637943869866,13,L,1.0,"[20629, 20630, 20631, 20632, 20633, 20634, 20635, 20636, 20637, 21217, 21218, 21219, 42724]","[{""votacion_id"": 20627, ""razones"": [""SIN_VARIANZA_O_MENOS_DE_DOS_OBSERVACIONES""]}, {""votacion_id"": 20628, ""razones"": [""SIN_VARIANZA_O_MENOS_DE_DOS_OBSERVACIONES""]}]",,
1168,-0.7338346101580936,0.09840637943869866,13,R,1.0,"[20629, 20630, 20631, 20632, 20633, 20634, 20635, 20636, 20637, 21217, 21218, 21219, 42724]","[{""votacion_id"": 20627, ""razones"": [""SIN_VARIANZA_O_MENOS_DE_DOS_OBSERVACIONES""]}, {""votacion_id"": 20628, ""razones"": [""SIN_VARIANZA_O_MENOS_DE_DOS_OBSERVACIONES""]}]",,
1169,-0.7338346101580936,0.09840637943869866,13,L,1.0,"[20629, 20630, 20631, 20632, 20633, 20634, 20635, 20636, 20637, 21217, 21218, 21219, 42724]","[{""votacion_id"": 20627, ""razones"": [""SIN_VARIANZA_O_MENOS_DE_DOS_OBSERVACIONES""]}, {""votacion_id"": 20628, ""razones"": [""SIN_VARIANZA_O_MENOS_DE_DOS_OBSERVACIONES""]}]",,
1170,1.4424749728137694,0.1696513631719936,13,R,1.0,"[20629, 20630, 20631, 20632, 20633, 20634, 20635, 20636, 20637, 21217, 21218, 21219, 42724]","[{""votacion_id"": 20627, ""razones"": [""SIN_VARIANZA_O_MENOS_DE_DOS_OBSERVACIONES""]}, {""votacion_id"": 20628, ""razones"": [""SIN_VARIANZA_O_MENOS_DE_DOS_OBSERVACIONES""]}]",,
1171,-0.7338346101580936,0.09840637943869866,13,L,0.8666666666666667,"[20629, 20630, 20631, 20632, 20633, 20634, 20635, 20636, 20637, 21217, 21218, 21219, 42724]","[{""votacion_id"": 20627, ""razones"": [""SIN_VARIANZA_O_MENOS_DE_DOS_OBSERVACIONES"", ""SIN_DECISION_SUSTANTIVA_INDIVIDUAL""]}, {""votacion_id"": 20628, ""razones"": [""SIN_VARIANZA_O_MENOS_DE_DOS_OBSERVACIONES"", ""SIN_DECISION_SUSTANTIVA_INDIVIDUAL""]}]",,
1173,-0.7338346101580936,0.09840637943869866,13,L,1.0,"[20629, 20630, 20631, 20632, 20633, 20634, 20635, 20636, 20637, 21217, 21218, 21219, 42724]","[{""votacion_id"": 20627, ""razones"": [""SIN_VARIANZA_O_MENOS_DE_DOS_OBSERVACIONES""]}, {""votacion_id"": 20628, ""razones"": [""SIN_VARIANZA_O_MENOS_DE_DOS_OBSERVACIONES""]}]",,
1174,1.3465763309482242,0.3204266156422816,13,R,0.9333333333333333,"[20629, 20630, 20631, 20632, 20633, 20634, 20635, 20636, 20637, 21217, 21218, 21219, 42724]","[{""votacion_id"": 20627, ""razones"": [""SIN_VARIANZA_O_MENOS_DE_DOS_OBSERVACIONES"", ""SIN_DECISION_SUSTANTIVA_INDIVIDUAL""]}, {""votacion_id"": 20628, ""razones"": [""SIN_VARIANZA_O_MENOS_DE_DOS_OBSERVACIONES""]}]",,
1177,-0.7257273641017078,0.09814289477652059,12,L,0.9333333333333333,"[20629, 20630, 20631, 20632, 20633, 20634, 20635, 20636, 20637, 21217, 21218, 21219]","[{""votacion_id"": 20627, ""razones"": [""SIN_VARIANZA_O_MENOS_DE_DOS_OBSERVACIONES""]}, {""votacion_id"": 20628, ""razones"": [""SIN_VARIANZA_O_MENOS_DE_DOS_OBSERVACIONES""]}, {""votacion_id"": 42724, ""razones"": [""SIN_DECISION_SUSTANTIVA_INDIVIDUAL""]}]",,
1179,-0.7338346101580936,0.09840637943869866,13,L,1.0,"[20629, 20630, 20631, 20632, 20633, 20634, 20635, 20636, 20637, 21217, 21218, 21219, 42724]","[{""votacion_id"": 20627, ""razones"": [""SIN_VARIANZA_O_MENOS_DE_DOS_OBSERVACIONES""]}, {""votacion_id"": 20628, ""razones"": [""SIN_VARIANZA_O_MENOS_DE_DOS_OBSERVACIONES""]}]",,
1180,-0.7338346101580936,0.09840637943869866,13,L,1.0,"[20629, 20630, 20631, 20632, 20633, 20634, 20635, 20636, 20637, 21217, 21218, 21219, 42724]","[{""votacion_id"": 20627, ""razones"": [""SIN_VARIANZA_O_MENOS_DE_DOS_OBSERVACIONES""]}, {""votacion_id"": 20628, ""razones"": [""SIN_VARIANZA_O_MENOS_DE_DOS_OBSERVACIONES""]}]",,
1183,1.3465763309482242,0.3204266156422816,13,R,1.0,"[20629, 20630, 20631, 20632, 20633, 20634, 20635, 20636, 20637, 21217, 21218, 21219, 42724]","[{""votacion_id"": 20627, ""razones"": [""SIN_VARIANZA_O_MENOS_DE_DOS_OBSERVACIONES""]}, {""votacion_id"": 20628, ""razones"": [""SIN_VARIANZA_O_MENOS_DE_DOS_OBSERVACIONES""]}]",,
