,partido_nombre,grupo_externo,filas_comparables,filas_discrepantes,diputados,diputados_con_discrepancia,proporcion_filas_discrepantes
0,Renovación Nacional,R,249,178,17,12,0.714859437751004
1,Evolución Política,R,30,30,2,2,1.0
2,Partido de la Gente,R,43,29,3,2,0.6744186046511628
3,Partido Social Cristiano,R,16,16,2,2,1.0
4,Partido Demócratas Chile,R,3,3,3,3,1.0
5,Unión Demócrata Independiente,R,266,0,18,0,0.0
6,Partido Socialista,L,173,0,12,0,0.0
7,Partido Comunista,L,164,0,12,0,0.0
8,Partido Republicano,R,131,0,9,0,0.0
9,Partido Convergencia Social,L,93,0,7,0,0.0
10,Partido Demócrata Cristiano,L,60,0,4,0,0.0
11,Revolución Democrática,L,57,0,4,0,0.0
12,Partido Por la Democracia,L,41,0,3,0,0.0
13,Partido Acción Humanista,L,30,0,2,0,0.0
14,Partido Liberal de Chile,L,30,0,2,0,0.0
15,Partido Radical de Chile,L,27,0,2,0,0.0
16,Federación Regionalista Verde Social,L,15,0,1,0,0.0
17,Partido Regionalista Independiente,R,15,0,1,0,0.0
18,Partido Ecologista Verde,L,14,0,1,0,0.0
19,Partido Comunes,L,12,0,1,0,0.0
20,Frente Amplio,L,10,0,10,0,0.0
