votacion_retirada,diputados,max_abs_diferencia_d1,mediana_abs_diferencia_d1,cambios_signo_d1,fecha,tramite,materia
42724,136,0.1850002178381822,0.0113976041570589,1,2024-08-26,Comisión Mixta,"Proposición de la Comisión Mixta recaída en el proyecto de ley, origi…"
20629,136,0.1777204329451553,0.0025214515760132,2,2023-05-08,Segundo Trámite,"Encabezado del artículo 14 ter, contenido en el numeral 7) del artícu…"
20630,136,0.1769644020341658,0.0032324033294072498,1,2023-05-08,Segundo Trámite,"Letra L) del artículo 14 ter, contenido en el numeral 7) del artículo…"
20634,136,0.1738344259165101,0.0059155639471717,0,2023-05-08,Segundo Trámite,"Artículo 30 quáter, contenido en el numeral 12) del artículo primero …"
20631,136,0.1652954718303065,0.0030194917185347,0,2023-05-08,Segundo Trámite,"Artículo 30, contenido en el numeral 12) del artículo primero del pro…"
20635,136,0.1494415421965305,0.0044603611347068,0,2023-05-08,Segundo Trámite,"Artículo 30 octies, contenido en el numeral 12) del artículo primero …"
20633,136,0.1477511623105305,0.0061507410207068,0,2023-05-08,Segundo Trámite,"Artículo 30 ter, contenido en el numeral 12) del artículo primero del…"
21219,136,0.1364189245643122,0.0166508344116673,1,2023-05-08,Segundo Trámite,"Letra c) del artículo 35, contenido en el numeral 12) del artículo pr…"
21218,136,0.1348999118827908,0.0178804966028746,1,2023-05-08,Segundo Trámite,"Letra b) del artículo 35, contenido en el numeral 12) del artículo pr…"
21217,136,0.0990477158838007,0.0034315829798761,0,2023-05-08,Segundo Trámite,"Artículo 32, contenido en el numeral 12) del artículo primero del pro…"
20637,136,0.0945447509796654,0.0034932366689445,0,2023-05-08,Segundo Trámite,"Artículo 31, contenido en el numeral 12) del artículo primero del pro…"
20636,136,0.0855965481483015,0.0044603611347068,0,2023-05-08,Segundo Trámite,"Artículo 30 nonies, contenido en el numeral 12) del artículo primero …"
20632,136,0.0853420502909623,0.0047148589920461,0,2023-05-08,Segundo Trámite,"Artículo 30 bis, contenido en el numeral 12) del artículo primero del…"
20627,136,0.0007717344399778,0.0005419415997417,0,2023-05-08,Segundo Trámite,Votación general
20628,136,0.0,0.0,0,2023-05-08,Segundo Trámite,"Letra h) del artículo 3°, contenido en el numeral 5; el inciso final …"
