patron,diputados,d1,d2,m_i,grupo,partidos
SSSSSSSSSSSSS,51,-0.7261062180480896,0.0952720987186265,13,L,"PC (9), IND (8), PS (7), PCS / FA (5), DC (4), IND / DEM (3), PL (2), PAH (2), PPD (2), IND / FA (2), RD / FA (2), PEV / IND (1), PR (1), COMUNES / FA (1), FRVS (1), RD (1)"
SSSSSSSSSSSS·,16,-0.7147086138910308,0.0897754948188909,12,L,"PS (5), IND (4), PC (2), PCS (2), RD (1), PR (1), PPD (1)"
NNNNNNNNNNNNN,13,1.4583643486979834,0.16369411481515167,13,R,"PREP (6), UDI (3), IND (2), UDI / IND (1), RN / IND (1)"
NNNNNNNNNNNNA,10,1.360165437700363,0.32063796538529005,13,R,"UDI (6), IND (2), PREP / IND (1), PRI (1)"
SSSSSSSSSSNNA,8,-0.31735175239710645,0.7027025947067974,13,L,"RN (6), IND (2)"
NNNNNNNNNNNN·,5,1.439036859589037,0.1547064881995428,12,R,"IND (3), PREP (2)"
SSSSSSSSSSSSA,4,-0.627907307050469,0.32455519121939835,13,L,"IND (3), PDG (1)"
SSSSSSSSSSNN·,2,-0.3782734296832213,0.6971699232161175,12,L,RN (2)
NANNNNNNNNNN·,2,1.3476739782874152,0.3338670729563525,12,R,RN (2)
············S,1,-0.8628774679327957,,1,L,PC / IND (1)
SSSSSSSSSSASS,1,-0.6485285381423154,0.2370032099692073,13,L,PDG / IND (1)
SSSSSSSSSSSSN,1,-0.5297083960528485,0.6725429730877815,13,L,IND (1)
SSSSSSSSSSNNS,1,-0.415550663394727,0.6808867561316189,13,L,RN (1)
SNSSSNSSSSSSS,1,-0.3894569370086783,0.8504568097744326,13,L,IND (1)
SNSSSSSSSSNNS,1,-0.24688072868404082,0.8561800613088678,13,L,EVOP (1)
SSSSSSASSANAA,1,-0.2252059467528054,0.6303823284790041,13,L,PSC (1)
NSSSSSSSSSNNA,1,-0.15123400194025322,0.8463438971536459,13,L,RN (1)
SSSSSSAAAAAAA,1,-0.13504447063638852,0.5320488201313762,13,L,IND / PSC (1)
ASNSSSSSSSNNA,1,-0.06960187300870489,0.8398787841865515,13,L,IND (1)
NASSSSSSSSNNN,1,0.03129987641271052,0.9684387976658366,13,L,RN (1)
NNASSSSSSSNNA,1,0.09978143485042047,0.9225487351266052,13,L,EVOP (1)
SNNSSSSSNNNNA,1,0.35457669334801245,1.0276344156157,13,L,RN (1)
AANNAAANNANNA,1,0.8542628083264965,0.5040988022829191,13,R,RN (1)
AANNASNNNANNA,1,0.8544237879872191,0.6710022202560485,13,R,RN (1)
NNNNSNSNNNNNN,1,1.1207166219267615,0.8074547447262147,13,R,UDI (1)
NSNNNNNNNNNNA,1,1.1914955029896765,0.6485897429973884,13,R,IND (1)
NNNNNNNAAANNN,1,1.2049299424356692,0.4765173832976924,13,R,UDI (1)
NSNNNNNNNNNN·,1,1.2563110969857936,0.631927664556214,12,R,PDG (1)
NNNNNSNNNNNN·,1,1.2570592343995848,0.621095201046443,12,R,UDI (1)
SNNNNNNNNNNN·,1,1.2590759632607793,0.6347349752546684,12,R,UDI (1)
NNNNNNNNAANNN,1,1.2890805952607545,0.4198376666817237,13,R,UDI (1)
NNSNNNNNNNNNN,1,1.2936733445380084,0.6180491261775446,13,R,UDI (1)
NNNNNNNNNANNN,1,1.3726690984578604,0.32637596915659156,13,R,UDI (1)
NNNNNNNANNNNN,1,1.3742136958728979,0.3293414842300105,13,R,UDI (1)
