diputado_id,tiene_cluster,participacion,incluido,razon_exclusion
74,True,0.9333333333333333,True,
803,False,,False,SIN_CLUSTER
815,True,1.0,True,
872,True,0.06666666666666667,False,PARTICIPACION_NO_SUPERA_UMBRAL
917,True,1.0,True,
948,True,1.0,True,
953,True,1.0,True,
971,False,,False,SIN_CLUSTER
973,True,0.9333333333333333,True,
975,True,1.0,True,
976,True,1.0,True,
989,True,0.06666666666666667,False,PARTICIPACION_NO_SUPERA_UMBRAL
990,True,0.9333333333333333,True,
991,True,1.0,True,
999,True,1.0,True,
1002,True,0.9333333333333333,True,
1003,True,1.0,True,
1009,True,1.0,True,
1012,True,1.0,True,
1013,True,1.0,True,
1015,True,0.06666666666666667,False,PARTICIPACION_NO_SUPERA_UMBRAL
1016,False,,False,SIN_CLUSTER
1017,True,0.9333333333333333,True,
1019,True,1.0,True,
1021,True,0.9333333333333333,True,
1022,True,0.9333333333333333,True,
1025,True,1.0,True,
1027,True,0.06666666666666667,False,PARTICIPACION_NO_SUPERA_UMBRAL
1028,True,1.0,True,
1030,True,0.9333333333333333,True,
1034,True,1.0,True,
1035,True,1.0,True,
1036,True,1.0,True,
1037,True,0.9333333333333333,True,
1038,True,1.0,True,
1039,True,0.06666666666666667,False,PARTICIPACION_NO_SUPERA_UMBRAL
1040,False,,False,SIN_CLUSTER
1044,True,1.0,True,
1046,True,1.0,True,
1048,True,1.0,True,
1049,True,1.0,True,
1050,True,0.9333333333333333,True,
1051,True,0.06666666666666667,False,PARTICIPACION_NO_SUPERA_UMBRAL
1053,True,0.06666666666666667,False,PARTICIPACION_NO_SUPERA_UMBRAL
1054,True,1.0,True,
1056,True,1.0,True,
1057,True,1.0,True,
1058,True,0.9333333333333333,True,
1059,True,1.0,True,
1062,True,1.0,True,
1063,True,0.06666666666666667,False,PARTICIPACION_NO_SUPERA_UMBRAL
1065,True,1.0,True,
1067,True,1.0,True,
1068,True,0.8666666666666667,True,
1069,False,,False,SIN_CLUSTER
1073,True,1.0,True,
1074,True,0.13333333333333333,True,
1075,True,0.06666666666666667,False,PARTICIPACION_NO_SUPERA_UMBRAL
1076,True,0.8,True,
1077,True,0.8,True,
1081,True,1.0,True,
1082,True,0.9333333333333333,True,
1086,True,0.9333333333333333,True,
1087,True,1.0,True,
1094,True,1.0,True,
1096,True,1.0,True,
1097,True,1.0,True,
1098,False,,False,SIN_CLUSTER
1099,False,,False,SIN_CLUSTER
1100,True,1.0,True,
1101,False,,False,SIN_CLUSTER
1102,True,0.9333333333333333,True,
1103,True,0.8666666666666667,True,
1104,True,1.0,True,
1105,True,1.0,True,
1106,True,1.0,True,
1107,True,0.9333333333333333,True,
1108,True,1.0,True,
1109,True,1.0,True,
1110,False,,False,SIN_CLUSTER
1111,True,1.0,True,
1112,True,0.9333333333333333,True,
1113,True,1.0,True,
1114,True,1.0,True,
1115,False,,False,SIN_CLUSTER
1116,False,,False,SIN_CLUSTER
1117,True,1.0,True,
1118,True,1.0,True,
1119,True,1.0,True,
1120,False,,False,SIN_CLUSTER
1121,True,1.0,True,
1122,True,1.0,True,
1123,False,,False,SIN_CLUSTER
1124,True,0.9333333333333333,True,
1125,False,,False,SIN_CLUSTER
1126,True,1.0,True,
1127,True,1.0,True,
1128,True,1.0,True,
1129,True,1.0,True,
1131,True,0.9333333333333333,True,
1132,True,1.0,True,
1133,True,0.9333333333333333,True,
1135,True,1.0,True,
1136,False,,False,SIN_CLUSTER
1137,False,,False,SIN_CLUSTER
1138,True,0.9333333333333333,True,
1139,True,1.0,True,
1140,True,1.0,True,
1141,True,0.06666666666666667,False,PARTICIPACION_NO_SUPERA_UMBRAL
1142,True,1.0,True,
1143,True,1.0,True,
1144,False,,False,SIN_CLUSTER
1145,False,,False,SIN_CLUSTER
1146,True,1.0,True,
1147,True,0.9333333333333333,True,
1148,True,0.8666666666666667,True,
1149,True,1.0,True,
1150,True,0.9333333333333333,True,
1151,False,,False,SIN_CLUSTER
1152,False,,False,SIN_CLUSTER
1153,True,1.0,True,
1154,False,,False,SIN_CLUSTER
1155,True,1.0,True,
1156,False,,False,SIN_CLUSTER
1157,False,,False,SIN_CLUSTER
1158,False,,False,SIN_CLUSTER
1159,True,1.0,True,
1160,True,1.0,True,
1161,False,,False,SIN_CLUSTER
1162,True,1.0,True,
1163,True,1.0,True,
1164,False,,False,SIN_CLUSTER
1165,True,1.0,True,
1166,False,,False,SIN_CLUSTER
1167,True,1.0,True,
1168,True,1.0,True,
1169,True,1.0,True,
1170,True,1.0,True,
1171,True,0.8666666666666667,True,
1172,False,,False,SIN_CLUSTER
1173,True,1.0,True,
1174,True,0.9333333333333333,True,
1175,False,,False,SIN_CLUSTER
1176,False,,False,SIN_CLUSTER
1177,True,0.9333333333333333,True,
1178,False,,False,SIN_CLUSTER
1179,True,1.0,True,
1180,True,1.0,True,
1181,True,0.06666666666666667,False,PARTICIPACION_NO_SUPERA_UMBRAL
1182,False,,False,SIN_CLUSTER
1183,True,1.0,True,
