diputado_id,grupo_externo,razon_sin_grupo_externo,n_afiliaciones_independiente,n_afiliaciones_partido,asignacion_desde_partido_con_registros_independiente,seleccion_tiene_cluster,seleccion_participacion,seleccion_incluido,seleccion_razon_exclusion
74,L,,0,14,False,True,0.9333333333333333,True,
803,,SIN_CLASIFICACION_EXTERNA,15,0,False,False,,False,SIN_CLUSTER
815,R,,0,15,False,True,1.0,True,
872,L,,0,1,False,True,0.06666666666666667,False,PARTICIPACION_NO_SUPERA_UMBRAL
917,R,,0,15,False,True,1.0,True,
948,R,,0,15,False,True,1.0,True,
953,R,,0,15,False,True,1.0,True,
971,,SIN_CLASIFICACION_EXTERNA,15,0,False,False,,False,SIN_CLUSTER
973,L,,0,14,False,True,0.9333333333333333,True,
975,L,,0,15,False,True,1.0,True,
976,R,,0,15,False,True,1.0,True,
989,R,,0,1,False,True,0.06666666666666667,False,PARTICIPACION_NO_SUPERA_UMBRAL
990,L,,0,14,False,True,0.9333333333333333,True,
991,L,,0,15,False,True,1.0,True,
999,R,,0,15,False,True,1.0,True,
1002,L,,0,14,False,True,0.9333333333333333,True,
1003,R,,1,14,True,True,1.0,True,
1009,R,,0,15,False,True,1.0,True,
1012,L,,0,15,False,True,1.0,True,
1013,L,,0,15,False,True,1.0,True,
1015,L,,0,1,False,True,0.06666666666666667,False,PARTICIPACION_NO_SUPERA_UMBRAL
1016,,SIN_CLASIFICACION_EXTERNA,15,0,False,False,,False,SIN_CLUSTER
1017,R,,0,14,False,True,0.9333333333333333,True,
1019,R,,0,15,False,True,1.0,True,
1021,R,,0,14,False,True,0.9333333333333333,True,
1022,R,,0,14,False,True,0.9333333333333333,True,
1025,R,,1,14,True,True,1.0,True,
1027,R,,0,1,False,True,0.06666666666666667,False,PARTICIPACION_NO_SUPERA_UMBRAL
1028,R,,0,15,False,True,1.0,True,
1030,R,,0,14,False,True,0.9333333333333333,True,
1034,L,,1,14,True,True,1.0,True,
1035,L,,0,15,False,True,1.0,True,
1036,L,,0,15,False,True,1.0,True,
1037,L,,0,14,False,True,0.9333333333333333,True,
1038,L,,0,15,False,True,1.0,True,
1039,L,,0,1,False,True,0.06666666666666667,False,PARTICIPACION_NO_SUPERA_UMBRAL
1040,,SIN_CLASIFICACION_EXTERNA,14,0,False,False,,False,SIN_CLUSTER
1044,L,,0,15,False,True,1.0,True,
1046,R,,0,15,False,True,1.0,True,
1048,L,,0,15,False,True,1.0,True,
1049,L,,0,15,False,True,1.0,True,
1050,R,,0,14,False,True,0.9333333333333333,True,
1051,L,,0,1,False,True,0.06666666666666667,False,PARTICIPACION_NO_SUPERA_UMBRAL
1053,R,,0,1,False,True,0.06666666666666667,False,PARTICIPACION_NO_SUPERA_UMBRAL
1054,R,,14,1,True,True,1.0,True,
1056,L,,0,15,False,True,1.0,True,
1057,R,,14,1,True,True,1.0,True,
1058,L,,0,14,False,True,0.9333333333333333,True,
1059,R,,0,15,False,True,1.0,True,
1062,R,,14,1,True,True,1.0,True,
1063,L,,0,1,False,True,0.06666666666666667,False,PARTICIPACION_NO_SUPERA_UMBRAL
1065,R,,0,15,False,True,1.0,True,
1067,R,,0,15,False,True,1.0,True,
1068,L,,0,13,False,True,0.8666666666666667,True,
1069,,SIN_CLASIFICACION_EXTERNA,1,0,False,False,,False,SIN_CLUSTER
1073,L,,0,15,False,True,1.0,True,
1074,L,,1,1,True,True,0.13333333333333333,True,
1075,R,,0,1,False,True,0.06666666666666667,False,PARTICIPACION_NO_SUPERA_UMBRAL
1076,L,,0,12,False,True,0.8,True,
1077,L,,0,12,False,True,0.8,True,
1081,R,,0,15,False,True,1.0,True,
1082,R,,0,14,False,True,0.9333333333333333,True,
1086,L,,0,14,False,True,0.9333333333333333,True,
1087,L,,0,15,False,True,1.0,True,
1094,R,,0,15,False,True,1.0,True,
1096,L,,0,15,False,True,1.0,True,
1097,L,,0,15,False,True,1.0,True,
1098,,SIN_CLASIFICACION_EXTERNA,14,0,False,False,,False,SIN_CLUSTER
1099,,SIN_CLASIFICACION_EXTERNA,15,0,False,False,,False,SIN_CLUSTER
1100,R,,0,15,False,True,1.0,True,
1101,,SIN_CLASIFICACION_EXTERNA,15,0,False,False,,False,SIN_CLUSTER
1102,R,,0,14,False,True,0.9333333333333333,True,
1103,L,,0,13,False,True,0.8666666666666667,True,
1104,R,,0,15,False,True,1.0,True,
1105,L,,0,15,False,True,1.0,True,
1106,R,,0,15,False,True,1.0,True,
1107,L,,0,14,False,True,0.9333333333333333,True,
1108,R,,0,15,False,True,1.0,True,
1109,R,,0,15,False,True,1.0,True,
1110,,SIN_CLASIFICACION_EXTERNA,15,0,False,False,,False,SIN_CLUSTER
1111,R,,0,15,False,True,1.0,True,
1112,L,,0,14,False,True,0.9333333333333333,True,
1113,R,,0,15,False,True,1.0,True,
1114,L,,0,15,False,True,1.0,True,
1115,,SIN_CLASIFICACION_EXTERNA,14,0,False,False,,False,SIN_CLUSTER
1116,,SIN_CLASIFICACION_EXTERNA,15,0,False,False,,False,SIN_CLUSTER
1117,L,,0,15,False,True,1.0,True,
1118,L,,0,15,False,True,1.0,True,
1119,R,,0,15,False,True,1.0,True,
1120,,SIN_CLASIFICACION_EXTERNA,15,0,False,False,,False,SIN_CLUSTER
1121,R,,0,15,False,True,1.0,True,
1122,L,,0,15,False,True,1.0,True,
1123,,SIN_CLASIFICACION_EXTERNA,15,0,False,False,,False,SIN_CLUSTER
1124,L,,0,14,False,True,0.9333333333333333,True,
1125,,SIN_CLASIFICACION_EXTERNA,15,0,False,False,,False,SIN_CLUSTER
1126,R,,0,15,False,True,1.0,True,
1127,L,,0,15,False,True,1.0,True,
1128,L,,0,15,False,True,1.0,True,
1129,L,,14,1,True,True,1.0,True,
1131,R,,0,14,False,True,0.9333333333333333,True,
1132,R,,0,15,False,True,1.0,True,
1133,R,,0,14,False,True,0.9333333333333333,True,
1135,R,,1,14,True,True,1.0,True,
1136,,SIN_CLASIFICACION_EXTERNA,15,0,False,False,,False,SIN_CLUSTER
1137,,SIN_CLASIFICACION_EXTERNA,14,0,False,False,,False,SIN_CLUSTER
1138,R,,0,14,False,True,0.9333333333333333,True,
1139,R,,0,15,False,True,1.0,True,
1140,R,,0,15,False,True,1.0,True,
1141,L,,0,1,False,True,0.06666666666666667,False,PARTICIPACION_NO_SUPERA_UMBRAL
1142,L,,0,15,False,True,1.0,True,
1143,R,,0,15,False,True,1.0,True,
1144,,SIN_CLASIFICACION_EXTERNA,15,0,False,False,,False,SIN_CLUSTER
1145,,SIN_CLASIFICACION_EXTERNA,1,0,False,False,,False,SIN_CLUSTER
1146,R,,0,15,False,True,1.0,True,
1147,L,,0,14,False,True,0.9333333333333333,True,
1148,L,,0,13,False,True,0.8666666666666667,True,
1149,R,,0,15,False,True,1.0,True,
1150,R,,0,14,False,True,0.9333333333333333,True,
1151,,SIN_CLASIFICACION_EXTERNA,14,0,False,False,,False,SIN_CLUSTER
1152,,SIN_CLASIFICACION_EXTERNA,1,0,False,False,,False,SIN_CLUSTER
1153,L,,0,15,False,True,1.0,True,
1154,,SIN_CLASIFICACION_EXTERNA,14,0,False,False,,False,SIN_CLUSTER
1155,R,,1,14,True,True,1.0,True,
1156,,SIN_CLASIFICACION_EXTERNA,15,0,False,False,,False,SIN_CLUSTER
1157,,SIN_CLASIFICACION_EXTERNA,1,0,False,False,,False,SIN_CLUSTER
1158,,SIN_CLASIFICACION_EXTERNA,13,0,False,False,,False,SIN_CLUSTER
1159,L,,0,15,False,True,1.0,True,
1160,L,,0,15,False,True,1.0,True,
1161,,SIN_CLASIFICACION_EXTERNA,15,0,False,False,,False,SIN_CLUSTER
1162,L,,0,15,False,True,1.0,True,
1163,R,,0,15,False,True,1.0,True,
1164,,SIN_CLASIFICACION_EXTERNA,14,0,False,False,,False,SIN_CLUSTER
1165,R,,0,15,False,True,1.0,True,
1166,,SIN_CLASIFICACION_EXTERNA,15,0,False,False,,False,SIN_CLUSTER
1167,L,,0,15,False,True,1.0,True,
1168,R,,14,1,True,True,1.0,True,
1169,L,,14,1,True,True,1.0,True,
1170,R,,0,15,False,True,1.0,True,
1171,L,,0,13,False,True,0.8666666666666667,True,
1172,,SIN_CLASIFICACION_EXTERNA,15,0,False,False,,False,SIN_CLUSTER
1173,L,,0,15,False,True,1.0,True,
1174,R,,0,14,False,True,0.9333333333333333,True,
1175,,SIN_CLASIFICACION_EXTERNA,13,0,False,False,,False,SIN_CLUSTER
1176,,SIN_CLASIFICACION_EXTERNA,15,0,False,False,,False,SIN_CLUSTER
1177,L,,0,14,False,True,0.9333333333333333,True,
1178,,SIN_CLASIFICACION_EXTERNA,15,0,False,False,,False,SIN_CLUSTER
1179,L,,0,15,False,True,1.0,True,
1180,L,,0,15,False,True,1.0,True,
1181,L,,0,1,False,True,0.06666666666666667,False,PARTICIPACION_NO_SUPERA_UMBRAL
1182,,SIN_CLASIFICACION_EXTERNA,15,0,False,False,,False,SIN_CLUSTER
1183,R,,0,15,False,True,1.0,True,
