votacion_id,n_observados,media,desviacion,media_L,media_R,orientacion,incluida_por_varianza,orientacion_definida,razones_exclusion
20627,122,1.0,0.0,1.0,1.0,-1.0,False,True,"[""SIN_VARIANZA_O_MENOS_DE_DOS_OBSERVACIONES""]"
20628,128,1.0,0.0,1.0,1.0,-1.0,False,True,"[""SIN_VARIANZA_O_MENOS_DE_DOS_OBSERVACIONES""]"
20629,135,0.35555555555555557,0.9261271202087054,0.9247311827956989,-0.9047619047619048,-1.0,True,True,[]
20630,135,0.37037037037037035,0.9121136740228237,0.9032258064516129,-0.8095238095238095,-1.0,True,True,[]
20631,135,0.35555555555555557,0.934150317625808,0.946236559139785,-0.9523809523809523,-1.0,True,True,[]
20632,135,0.37777777777777777,0.9293447110947589,1.0,-1.0,-1.0,True,True,[]
20633,135,0.4074074074074074,0.9084700628906829,1.0,-0.9047619047619048,-1.0,True,True,[]
20634,135,0.4,0.915863510654974,0.978494623655914,-0.8809523809523809,-1.0,True,True,[]
20635,135,0.3851851851851852,0.9141114696159113,0.978494623655914,-0.9285714285714286,-1.0,True,True,[]
20636,135,0.3851851851851852,0.9141114696159114,0.989247311827957,-0.9523809523809523,-1.0,True,True,[]
20637,135,0.37037037037037035,0.9202590545459155,0.967741935483871,-0.9523809523809523,-1.0,True,True,[]
21217,135,0.3851851851851852,0.8976352447485026,0.956989247311828,-0.8809523809523809,-1.0,True,True,[]
21218,135,0.0962962962962963,0.9915619675209116,0.5913978494623656,-1.0,-1.0,True,True,[]
21219,135,0.1111111111111111,0.9899997487310601,0.6129032258064516,-1.0,-1.0,True,True,[]
42724,108,0.32407407407407407,0.783339409180829,0.7105263157894737,-0.59375,-1.0,True,True,[]
