diputado_id,20629,20630,20631,20632,20633,20634,20635,20636,20637,21217,21218,21219,42724
74,-0.701436769932488,-0.7057244192709738,-0.6902976736509023,-0.6792647414028432,-0.6575075481024217,-0.646545518909629,-0.68317972989762,-0.68317972989762,-0.6978832005993328,-0.699061123030871,-0.9410736996714821,-0.9235742148543081,
815,1.442955641003975,1.4830440694824814,1.4506255460779833,1.4584213565413984,1.5410333158650507,1.5496567199262536,1.4989167208201515,1.4989167208201515,1.4665661461870039,1.533760971425941,1.0728240176254895,1.0932102951336706,0.41556078141736236
917,1.442955641003975,1.4830440694824814,1.4506255460779833,1.4584213565413984,1.5410333158650507,1.5496567199262536,1.4989167208201515,1.4989167208201515,1.4665661461870039,1.533760971425941,1.0728240176254895,1.0932102951336706,1.6622431256694494
948,-0.701436769932488,-0.7057244192709738,-0.6902976736509023,-0.6792647414028432,-0.6575075481024217,-0.646545518909629,-0.68317972989762,-0.68317972989762,-0.6978832005993328,-0.699061123030871,-0.9410736996714821,-0.9235742148543081,0.41556078141736236
953,-0.701436769932488,-0.7057244192709738,-0.6902976736509023,-0.6792647414028432,-0.6575075481024217,-0.646545518909629,-0.68317972989762,-0.68317972989762,-0.6978832005993328,-0.699061123030871,1.0728240176254895,1.0932102951336706,0.41556078141736236
973,-0.701436769932488,-0.7057244192709738,-0.6902976736509023,-0.6792647414028432,-0.6575075481024217,-0.646545518909629,-0.68317972989762,-0.68317972989762,-0.6978832005993328,-0.699061123030871,-0.9410736996714821,-0.9235742148543081,
975,-0.701436769932488,-0.7057244192709738,-0.6902976736509023,-0.6792647414028432,-0.6575075481024217,-0.646545518909629,-0.68317972989762,-0.68317972989762,-0.6978832005993328,-0.699061123030871,-0.9410736996714821,-0.9235742148543081,-0.8311215628347248
976,1.442955641003975,1.4830440694824814,1.4506255460779833,1.4584213565413984,1.5410333158650507,1.5496567199262536,1.4989167208201515,1.4989167208201515,1.4665661461870039,1.533760971425941,1.0728240176254895,1.0932102951336706,1.6622431256694494
990,-0.701436769932488,-0.7057244192709738,-0.6902976736509023,-0.6792647414028432,-0.6575075481024217,-0.646545518909629,-0.68317972989762,-0.68317972989762,-0.6978832005993328,-0.699061123030871,-0.9410736996714821,-0.9235742148543081,
991,-0.701436769932488,-0.7057244192709738,-0.6902976736509023,-0.6792647414028432,-0.6575075481024217,-0.646545518909629,-0.68317972989762,-0.68317972989762,-0.6978832005993328,-0.699061123030871,-0.9410736996714821,-0.9235742148543081,-0.8311215628347248
999,-0.701436769932488,-0.7057244192709738,-0.6902976736509023,-0.6792647414028432,-0.6575075481024217,-0.646545518909629,-0.68317972989762,-0.68317972989762,-0.6978832005993328,-0.699061123030871,1.0728240176254895,1.0932102951336706,-0.8311215628347248
1002,-0.701436769932488,-0.7057244192709738,-0.6902976736509023,-0.6792647414028432,-0.6575075481024217,-0.646545518909629,-0.68317972989762,-0.68317972989762,-0.6978832005993328,-0.699061123030871,-0.9410736996714821,-0.9235742148543081,
1003,1.442955641003975,1.4830440694824814,1.4506255460779833,1.4584213565413984,1.5410333158650507,1.5496567199262536,1.4989167208201515,1.4989167208201515,1.4665661461870039,1.533760971425941,1.0728240176254895,1.0932102951336706,1.6622431256694494
1009,1.442955641003975,1.4830440694824814,1.4506255460779833,1.4584213565413984,1.5410333158650507,1.5496567199262536,1.4989167208201515,1.4989167208201515,1.4665661461870039,1.533760971425941,1.0728240176254895,1.0932102951336706,1.6622431256694494
1012,-0.701436769932488,-0.7057244192709738,-0.6902976736509023,-0.6792647414028432,-0.6575075481024217,-0.646545518909629,-0.68317972989762,-0.68317972989762,-0.6978832005993328,-0.699061123030871,-0.9410736996714821,-0.9235742148543081,-0.8311215628347248
1013,-0.701436769932488,-0.7057244192709738,-0.6902976736509023,-0.6792647414028432,-0.6575075481024217,-0.646545518909629,-0.68317972989762,-0.68317972989762,-0.6978832005993328,-0.699061123030871,-0.9410736996714821,-0.9235742148543081,-0.8311215628347248
1017,-0.701436769932488,1.4830440694824814,1.4506255460779833,1.4584213565413984,1.5410333158650507,1.5496567199262536,1.4989167208201515,1.4989167208201515,1.4665661461870039,1.533760971425941,1.0728240176254895,1.0932102951336706,
1019,1.442955641003975,0.3886598251057537,-0.6902976736509023,-0.6792647414028432,-0.6575075481024217,-0.646545518909629,-0.68317972989762,-0.68317972989762,-0.6978832005993328,-0.699061123030871,1.0728240176254895,1.0932102951336706,1.6622431256694494
1021,-0.701436769932488,-0.7057244192709738,-0.6902976736509023,-0.6792647414028432,-0.6575075481024217,-0.646545518909629,-0.68317972989762,-0.68317972989762,-0.6978832005993328,-0.699061123030871,1.0728240176254895,1.0932102951336706,
1022,1.442955641003975,0.3886598251057537,1.4506255460779833,1.4584213565413984,1.5410333158650507,1.5496567199262536,1.4989167208201515,1.4989167208201515,1.4665661461870039,1.533760971425941,1.0728240176254895,1.0932102951336706,
1025,1.442955641003975,1.4830440694824814,1.4506255460779833,1.4584213565413984,1.5410333158650507,1.5496567199262536,1.4989167208201515,1.4989167208201515,1.4665661461870039,1.533760971425941,1.0728240176254895,1.0932102951336706,1.6622431256694494
1028,0.3707594355357436,0.3886598251057537,1.4506255460779833,1.4584213565413984,0.44176288388131457,0.45155560050831234,0.4078684954612657,1.4989167208201515,1.4665661461870039,0.41734992419753497,1.0728240176254895,1.0932102951336706,0.41556078141736236
1030,1.442955641003975,0.3886598251057537,1.4506255460779833,1.4584213565413984,1.5410333158650507,1.5496567199262536,1.4989167208201515,1.4989167208201515,1.4665661461870039,1.533760971425941,1.0728240176254895,1.0932102951336706,
1034,-0.701436769932488,-0.7057244192709738,-0.6902976736509023,-0.6792647414028432,-0.6575075481024217,-0.646545518909629,-0.68317972989762,-0.68317972989762,-0.6978832005993328,-0.699061123030871,-0.9410736996714821,-0.9235742148543081,-0.8311215628347248
1035,-0.701436769932488,-0.7057244192709738,-0.6902976736509023,-0.6792647414028432,-0.6575075481024217,-0.646545518909629,-0.68317972989762,-0.68317972989762,-0.6978832005993328,-0.699061123030871,-0.9410736996714821,-0.9235742148543081,-0.8311215628347248
1036,-0.701436769932488,-0.7057244192709738,-0.6902976736509023,-0.6792647414028432,-0.6575075481024217,-0.646545518909629,-0.68317972989762,-0.68317972989762,-0.6978832005993328,-0.699061123030871,-0.9410736996714821,-0.9235742148543081,-0.8311215628347248
1037,-0.701436769932488,-0.7057244192709738,-0.6902976736509023,-0.6792647414028432,-0.6575075481024217,-0.646545518909629,-0.68317972989762,-0.68317972989762,-0.6978832005993328,-0.699061123030871,-0.9410736996714821,-0.9235742148543081,-0.8311215628347248
1038,-0.701436769932488,-0.7057244192709738,-0.6902976736509023,-0.6792647414028432,-0.6575075481024217,-0.646545518909629,-0.68317972989762,-0.68317972989762,-0.6978832005993328,-0.699061123030871,-0.9410736996714821,-0.9235742148543081,-0.8311215628347248
1044,-0.701436769932488,-0.7057244192709738,-0.6902976736509023,-0.6792647414028432,-0.6575075481024217,-0.646545518909629,-0.68317972989762,-0.68317972989762,-0.6978832005993328,-0.699061123030871,-0.9410736996714821,-0.9235742148543081,-0.8311215628347248
1046,-0.701436769932488,-0.7057244192709738,-0.6902976736509023,-0.6792647414028432,-0.6575075481024217,-0.646545518909629,-0.68317972989762,-0.68317972989762,-0.6978832005993328,-0.699061123030871,1.0728240176254895,1.0932102951336706,0.41556078141736236
1048,-0.701436769932488,-0.7057244192709738,-0.6902976736509023,-0.6792647414028432,-0.6575075481024217,-0.646545518909629,-0.68317972989762,-0.68317972989762,-0.6978832005993328,-0.699061123030871,-0.9410736996714821,-0.9235742148543081,-0.8311215628347248
1049,-0.701436769932488,-0.7057244192709738,-0.6902976736509023,-0.6792647414028432,-0.6575075481024217,-0.646545518909629,-0.68317972989762,-0.68317972989762,-0.6978832005993328,-0.699061123030871,-0.9410736996714821,-0.9235742148543081,-0.8311215628347248
1050,-0.701436769932488,-0.7057244192709738,-0.6902976736509023,-0.6792647414028432,-0.6575075481024217,-0.646545518909629,-0.68317972989762,-0.68317972989762,-0.6978832005993328,-0.699061123030871,1.0728240176254895,1.0932102951336706,
1054,-0.701436769932488,-0.7057244192709738,-0.6902976736509023,-0.6792647414028432,-0.6575075481024217,-0.646545518909629,0.4078684954612657,0.4078684954612657,0.38434147279383546,0.41734992419753497,0.06587515897700374,0.08481804013968135,0.41556078141736236
1056,-0.701436769932488,-0.7057244192709738,-0.6902976736509023,-0.6792647414028432,-0.6575075481024217,-0.646545518909629,-0.68317972989762,-0.68317972989762,-0.6978832005993328,-0.699061123030871,-0.9410736996714821,-0.9235742148543081,-0.8311215628347248
1057,-0.701436769932488,-0.7057244192709738,-0.6902976736509023,-0.6792647414028432,-0.6575075481024217,-0.646545518909629,-0.68317972989762,-0.68317972989762,-0.6978832005993328,-0.699061123030871,-0.9410736996714821,-0.9235742148543081,-0.8311215628347248
1058,-0.701436769932488,-0.7057244192709738,-0.6902976736509023,-0.6792647414028432,-0.6575075481024217,-0.646545518909629,-0.68317972989762,-0.68317972989762,-0.6978832005993328,-0.699061123030871,-0.9410736996714821,-0.9235742148543081,
1059,-0.701436769932488,-0.7057244192709738,-0.6902976736509023,-0.6792647414028432,-0.6575075481024217,-0.646545518909629,-0.68317972989762,-0.68317972989762,-0.6978832005993328,-0.699061123030871,1.0728240176254895,1.0932102951336706,0.41556078141736236
1062,-0.701436769932488,-0.7057244192709738,-0.6902976736509023,-0.6792647414028432,-0.6575075481024217,-0.646545518909629,-0.68317972989762,-0.68317972989762,-0.6978832005993328,-0.699061123030871,-0.9410736996714821,-0.9235742148543081,-0.8311215628347248
1065,1.442955641003975,1.4830440694824814,1.4506255460779833,1.4584213565413984,1.5410333158650507,1.5496567199262536,1.4989167208201515,0.4078684954612657,1.4665661461870039,1.533760971425941,1.0728240176254895,1.0932102951336706,1.6622431256694494
1067,-0.701436769932488,-0.7057244192709738,-0.6902976736509023,-0.6792647414028432,-0.6575075481024217,-0.646545518909629,-0.68317972989762,-0.68317972989762,-0.6978832005993328,-0.699061123030871,1.0728240176254895,1.0932102951336706,0.41556078141736236
1068,-0.701436769932488,-0.7057244192709738,-0.6902976736509023,-0.6792647414028432,-0.6575075481024217,-0.646545518909629,-0.68317972989762,-0.68317972989762,-0.6978832005993328,-0.699061123030871,-0.9410736996714821,-0.9235742148543081,-0.8311215628347248
1073,-0.701436769932488,-0.7057244192709738,-0.6902976736509023,-0.6792647414028432,-0.6575075481024217,-0.646545518909629,-0.68317972989762,-0.68317972989762,-0.6978832005993328,-0.699061123030871,-0.9410736996714821,-0.9235742148543081,-0.8311215628347248
1074,,,,,,,,,,,,,-0.8311215628347248
1076,-0.701436769932488,-0.7057244192709738,-0.6902976736509023,-0.6792647414028432,-0.6575075481024217,-0.646545518909629,-0.68317972989762,-0.68317972989762,-0.6978832005993328,-0.699061123030871,-0.9410736996714821,-0.9235742148543081,
1077,-0.701436769932488,-0.7057244192709738,-0.6902976736509023,-0.6792647414028432,-0.6575075481024217,-0.646545518909629,-0.68317972989762,-0.68317972989762,-0.6978832005993328,-0.699061123030871,-0.9410736996714821,-0.9235742148543081,
1081,-0.701436769932488,1.4830440694824814,-0.6902976736509023,-0.6792647414028432,-0.6575075481024217,-0.646545518909629,-0.68317972989762,-0.68317972989762,-0.6978832005993328,-0.699061123030871,1.0728240176254895,1.0932102951336706,-0.8311215628347248
1082,1.442955641003975,1.4830440694824814,1.4506255460779833,1.4584213565413984,1.5410333158650507,1.5496567199262536,1.4989167208201515,1.4989167208201515,1.4665661461870039,1.533760971425941,1.0728240176254895,1.0932102951336706,
1086,-0.701436769932488,-0.7057244192709738,-0.6902976736509023,-0.6792647414028432,-0.6575075481024217,-0.646545518909629,-0.68317972989762,-0.68317972989762,-0.6978832005993328,-0.699061123030871,-0.9410736996714821,-0.9235742148543081,
1087,-0.701436769932488,-0.7057244192709738,-0.6902976736509023,-0.6792647414028432,-0.6575075481024217,-0.646545518909629,-0.68317972989762,-0.68317972989762,-0.6978832005993328,-0.699061123030871,-0.9410736996714821,-0.9235742148543081,-0.8311215628347248
1094,1.442955641003975,1.4830440694824814,-0.6902976736509023,1.4584213565413984,1.5410333158650507,1.5496567199262536,1.4989167208201515,1.4989167208201515,1.4665661461870039,1.533760971425941,1.0728240176254895,1.0932102951336706,1.6622431256694494
1096,-0.701436769932488,-0.7057244192709738,-0.6902976736509023,-0.6792647414028432,-0.6575075481024217,-0.646545518909629,-0.68317972989762,-0.68317972989762,-0.6978832005993328,-0.699061123030871,-0.9410736996714821,-0.9235742148543081,-0.8311215628347248
1097,-0.701436769932488,-0.7057244192709738,-0.6902976736509023,-0.6792647414028432,-0.6575075481024217,-0.646545518909629,-0.68317972989762,-0.68317972989762,-0.6978832005993328,-0.699061123030871,-0.9410736996714821,-0.9235742148543081,-0.8311215628347248
1100,1.442955641003975,1.4830440694824814,1.4506255460779833,1.4584213565413984,1.5410333158650507,1.5496567199262536,1.4989167208201515,1.4989167208201515,1.4665661461870039,1.533760971425941,1.0728240176254895,1.0932102951336706,1.6622431256694494
1102,1.442955641003975,-0.7057244192709738,1.4506255460779833,1.4584213565413984,1.5410333158650507,1.5496567199262536,1.4989167208201515,1.4989167208201515,1.4665661461870039,1.533760971425941,1.0728240176254895,1.0932102951336706,
1103,-0.701436769932488,-0.7057244192709738,-0.6902976736509023,-0.6792647414028432,-0.6575075481024217,-0.646545518909629,-0.68317972989762,-0.68317972989762,-0.6978832005993328,-0.699061123030871,-0.9410736996714821,-0.9235742148543081,-0.8311215628347248
1104,1.442955641003975,1.4830440694824814,1.4506255460779833,1.4584213565413984,1.5410333158650507,1.5496567199262536,1.4989167208201515,1.4989167208201515,1.4665661461870039,1.533760971425941,1.0728240176254895,1.0932102951336706,1.6622431256694494
1105,-0.701436769932488,-0.7057244192709738,-0.6902976736509023,-0.6792647414028432,-0.6575075481024217,-0.646545518909629,-0.68317972989762,-0.68317972989762,-0.6978832005993328,-0.699061123030871,-0.9410736996714821,-0.9235742148543081,-0.8311215628347248
1106,-0.701436769932488,1.4830440694824814,1.4506255460779833,-0.6792647414028432,-0.6575075481024217,-0.646545518909629,-0.68317972989762,-0.68317972989762,1.4665661461870039,1.533760971425941,1.0728240176254895,1.0932102951336706,0.41556078141736236
1107,-0.701436769932488,-0.7057244192709738,-0.6902976736509023,-0.6792647414028432,-0.6575075481024217,-0.646545518909629,-0.68317972989762,-0.68317972989762,-0.6978832005993328,-0.699061123030871,-0.9410736996714821,-0.9235742148543081,
1108,-0.701436769932488,-0.7057244192709738,-0.6902976736509023,-0.6792647414028432,-0.6575075481024217,-0.646545518909629,-0.68317972989762,-0.68317972989762,-0.6978832005993328,-0.699061123030871,1.0728240176254895,1.0932102951336706,0.41556078141736236
1109,1.442955641003975,1.4830440694824814,1.4506255460779833,1.4584213565413984,1.5410333158650507,1.5496567199262536,1.4989167208201515,0.4078684954612657,0.38434147279383546,0.41734992419753497,1.0728240176254895,1.0932102951336706,1.6622431256694494
1111,1.442955641003975,1.4830440694824814,1.4506255460779833,1.4584213565413984,1.5410333158650507,1.5496567199262536,1.4989167208201515,1.4989167208201515,1.4665661461870039,1.533760971425941,1.0728240176254895,1.0932102951336706,0.41556078141736236
1112,-0.701436769932488,-0.7057244192709738,-0.6902976736509023,-0.6792647414028432,-0.6575075481024217,-0.646545518909629,-0.68317972989762,-0.68317972989762,-0.6978832005993328,-0.699061123030871,-0.9410736996714821,-0.9235742148543081,
1113,1.442955641003975,1.4830440694824814,1.4506255460779833,1.4584213565413984,1.5410333158650507,1.5496567199262536,1.4989167208201515,1.4989167208201515,0.38434147279383546,0.41734992419753497,1.0728240176254895,1.0932102951336706,1.6622431256694494
1114,-0.701436769932488,-0.7057244192709738,-0.6902976736509023,-0.6792647414028432,-0.6575075481024217,-0.646545518909629,-0.68317972989762,-0.68317972989762,-0.6978832005993328,-0.699061123030871,-0.9410736996714821,-0.9235742148543081,-0.8311215628347248
1117,-0.701436769932488,-0.7057244192709738,-0.6902976736509023,-0.6792647414028432,-0.6575075481024217,-0.646545518909629,-0.68317972989762,-0.68317972989762,-0.6978832005993328,-0.699061123030871,-0.9410736996714821,-0.9235742148543081,-0.8311215628347248
1118,-0.701436769932488,-0.7057244192709738,-0.6902976736509023,-0.6792647414028432,-0.6575075481024217,-0.646545518909629,-0.68317972989762,-0.68317972989762,-0.6978832005993328,-0.699061123030871,-0.9410736996714821,-0.9235742148543081,-0.8311215628347248
1119,-0.701436769932488,-0.7057244192709738,-0.6902976736509023,-0.6792647414028432,-0.6575075481024217,-0.646545518909629,0.4078684954612657,-0.68317972989762,-0.6978832005993328,0.41734992419753497,1.0728240176254895,0.08481804013968135,0.41556078141736236
1121,1.442955641003975,1.4830440694824814,1.4506255460779833,1.4584213565413984,1.5410333158650507,1.5496567199262536,1.4989167208201515,1.4989167208201515,1.4665661461870039,0.41734992419753497,1.0728240176254895,1.0932102951336706,1.6622431256694494
1122,-0.701436769932488,-0.7057244192709738,-0.6902976736509023,-0.6792647414028432,-0.6575075481024217,-0.646545518909629,-0.68317972989762,-0.68317972989762,-0.6978832005993328,-0.699061123030871,-0.9410736996714821,-0.9235742148543081,-0.8311215628347248
1124,-0.701436769932488,-0.7057244192709738,-0.6902976736509023,-0.6792647414028432,-0.6575075481024217,-0.646545518909629,-0.68317972989762,-0.68317972989762,-0.6978832005993328,-0.699061123030871,-0.9410736996714821,-0.9235742148543081,
1126,1.442955641003975,1.4830440694824814,1.4506255460779833,1.4584213565413984,1.5410333158650507,1.5496567199262536,1.4989167208201515,1.4989167208201515,1.4665661461870039,1.533760971425941,1.0728240176254895,1.0932102951336706,0.41556078141736236
1127,-0.701436769932488,-0.7057244192709738,-0.6902976736509023,-0.6792647414028432,-0.6575075481024217,-0.646545518909629,-0.68317972989762,-0.68317972989762,-0.6978832005993328,-0.699061123030871,-0.9410736996714821,-0.9235742148543081,-0.8311215628347248
1128,-0.701436769932488,-0.7057244192709738,-0.6902976736509023,-0.6792647414028432,-0.6575075481024217,-0.646545518909629,-0.68317972989762,-0.68317972989762,-0.6978832005993328,-0.699061123030871,-0.9410736996714821,-0.9235742148543081,-0.8311215628347248
1129,-0.701436769932488,-0.7057244192709738,-0.6902976736509023,-0.6792647414028432,-0.6575075481024217,-0.646545518909629,-0.68317972989762,-0.68317972989762,-0.6978832005993328,-0.699061123030871,-0.9410736996714821,-0.9235742148543081,-0.8311215628347248
1131,0.3707594355357436,0.3886598251057537,1.4506255460779833,1.4584213565413984,0.44176288388131457,-0.646545518909629,1.4989167208201515,1.4989167208201515,1.4665661461870039,0.41734992419753497,1.0728240176254895,1.0932102951336706,0.41556078141736236
1132,1.442955641003975,1.4830440694824814,0.3801639362135404,-0.6792647414028432,-0.6575075481024217,-0.646545518909629,-0.68317972989762,-0.68317972989762,-0.6978832005993328,-0.699061123030871,1.0728240176254895,1.0932102951336706,0.41556078141736236
1133,1.442955641003975,1.4830440694824814,1.4506255460779833,1.4584213565413984,1.5410333158650507,1.5496567199262536,1.4989167208201515,1.4989167208201515,1.4665661461870039,1.533760971425941,1.0728240176254895,1.0932102951336706,1.6622431256694494
1135,1.442955641003975,1.4830440694824814,1.4506255460779833,1.4584213565413984,1.5410333158650507,1.5496567199262536,1.4989167208201515,1.4989167208201515,1.4665661461870039,1.533760971425941,1.0728240176254895,1.0932102951336706,0.41556078141736236
1138,1.442955641003975,1.4830440694824814,1.4506255460779833,1.4584213565413984,1.5410333158650507,-0.646545518909629,1.4989167208201515,1.4989167208201515,1.4665661461870039,1.533760971425941,1.0728240176254895,1.0932102951336706,
1139,1.442955641003975,1.4830440694824814,1.4506255460779833,1.4584213565413984,1.5410333158650507,1.5496567199262536,1.4989167208201515,1.4989167208201515,1.4665661461870039,1.533760971425941,1.0728240176254895,1.0932102951336706,0.41556078141736236
1140,1.442955641003975,1.4830440694824814,1.4506255460779833,1.4584213565413984,1.5410333158650507,1.5496567199262536,1.4989167208201515,1.4989167208201515,1.4665661461870039,1.533760971425941,1.0728240176254895,1.0932102951336706,0.41556078141736236
1142,-0.701436769932488,-0.7057244192709738,-0.6902976736509023,-0.6792647414028432,-0.6575075481024217,-0.646545518909629,-0.68317972989762,-0.68317972989762,-0.6978832005993328,-0.699061123030871,-0.9410736996714821,-0.9235742148543081,-0.8311215628347248
1143,1.442955641003975,1.4830440694824814,1.4506255460779833,1.4584213565413984,-0.6575075481024217,1.5496567199262536,-0.68317972989762,1.4989167208201515,1.4665661461870039,1.533760971425941,1.0728240176254895,1.0932102951336706,1.6622431256694494
1146,1.442955641003975,1.4830440694824814,1.4506255460779833,1.4584213565413984,1.5410333158650507,1.5496567199262536,1.4989167208201515,1.4989167208201515,1.4665661461870039,1.533760971425941,1.0728240176254895,1.0932102951336706,1.6622431256694494
1147,-0.701436769932488,-0.7057244192709738,-0.6902976736509023,-0.6792647414028432,-0.6575075481024217,-0.646545518909629,-0.68317972989762,-0.68317972989762,-0.6978832005993328,-0.699061123030871,-0.9410736996714821,-0.9235742148543081,-0.8311215628347248
1148,-0.701436769932488,-0.7057244192709738,-0.6902976736509023,-0.6792647414028432,-0.6575075481024217,-0.646545518909629,-0.68317972989762,-0.68317972989762,-0.6978832005993328,-0.699061123030871,-0.9410736996714821,-0.9235742148543081,-0.8311215628347248
1149,-0.701436769932488,-0.7057244192709738,-0.6902976736509023,-0.6792647414028432,-0.6575075481024217,-0.646545518909629,-0.68317972989762,-0.68317972989762,-0.6978832005993328,-0.699061123030871,1.0728240176254895,1.0932102951336706,0.41556078141736236
1150,1.442955641003975,1.4830440694824814,1.4506255460779833,1.4584213565413984,1.5410333158650507,1.5496567199262536,1.4989167208201515,1.4989167208201515,1.4665661461870039,1.533760971425941,1.0728240176254895,1.0932102951336706,
1153,-0.701436769932488,-0.7057244192709738,-0.6902976736509023,-0.6792647414028432,-0.6575075481024217,-0.646545518909629,-0.68317972989762,-0.68317972989762,-0.6978832005993328,-0.699061123030871,-0.9410736996714821,-0.9235742148543081,-0.8311215628347248
1155,-0.701436769932488,-0.7057244192709738,-0.6902976736509023,-0.6792647414028432,-0.6575075481024217,-0.646545518909629,-0.68317972989762,-0.68317972989762,-0.6978832005993328,-0.699061123030871,0.06587515897700374,-0.9235742148543081,-0.8311215628347248
1159,-0.701436769932488,-0.7057244192709738,-0.6902976736509023,-0.6792647414028432,-0.6575075481024217,-0.646545518909629,-0.68317972989762,-0.68317972989762,-0.6978832005993328,-0.699061123030871,-0.9410736996714821,-0.9235742148543081,-0.8311215628347248
1160,-0.701436769932488,-0.7057244192709738,-0.6902976736509023,-0.6792647414028432,-0.6575075481024217,-0.646545518909629,-0.68317972989762,-0.68317972989762,-0.6978832005993328,-0.699061123030871,-0.9410736996714821,-0.9235742148543081,-0.8311215628347248
1162,-0.701436769932488,-0.7057244192709738,-0.6902976736509023,-0.6792647414028432,-0.6575075481024217,-0.646545518909629,-0.68317972989762,-0.68317972989762,-0.6978832005993328,-0.699061123030871,-0.9410736996714821,-0.9235742148543081,-0.8311215628347248
1163,1.442955641003975,-0.7057244192709738,-0.6902976736509023,-0.6792647414028432,-0.6575075481024217,-0.646545518909629,-0.68317972989762,-0.68317972989762,-0.6978832005993328,-0.699061123030871,1.0728240176254895,1.0932102951336706,0.41556078141736236
1165,1.442955641003975,1.4830440694824814,1.4506255460779833,1.4584213565413984,1.5410333158650507,1.5496567199262536,1.4989167208201515,1.4989167208201515,1.4665661461870039,1.533760971425941,1.0728240176254895,1.0932102951336706,1.6622431256694494
1167,-0.701436769932488,-0.7057244192709738,-0.6902976736509023,-0.6792647414028432,-0.6575075481024217,-0.646545518909629,-0.68317972989762,-0.68317972989762,-0.6978832005993328,-0.699061123030871,-0.9410736996714821,-0.9235742148543081,-0.8311215628347248
1168,-0.701436769932488,-0.7057244192709738,-0.6902976736509023,-0.6792647414028432,-0.6575075481024217,-0.646545518909629,-0.68317972989762,-0.68317972989762,-0.6978832005993328,-0.699061123030871,-0.9410736996714821,-0.9235742148543081,-0.8311215628347248
1169,-0.701436769932488,-0.7057244192709738,-0.6902976736509023,-0.6792647414028432,-0.6575075481024217,-0.646545518909629,-0.68317972989762,-0.68317972989762,-0.6978832005993328,-0.699061123030871,-0.9410736996714821,-0.9235742148543081,-0.8311215628347248
1170,1.442955641003975,1.4830440694824814,1.4506255460779833,1.4584213565413984,1.5410333158650507,1.5496567199262536,1.4989167208201515,1.4989167208201515,1.4665661461870039,1.533760971425941,1.0728240176254895,1.0932102951336706,1.6622431256694494
1171,-0.701436769932488,-0.7057244192709738,-0.6902976736509023,-0.6792647414028432,-0.6575075481024217,-0.646545518909629,-0.68317972989762,-0.68317972989762,-0.6978832005993328,-0.699061123030871,-0.9410736996714821,-0.9235742148543081,-0.8311215628347248
1173,-0.701436769932488,-0.7057244192709738,-0.6902976736509023,-0.6792647414028432,-0.6575075481024217,-0.646545518909629,-0.68317972989762,-0.68317972989762,-0.6978832005993328,-0.699061123030871,-0.9410736996714821,-0.9235742148543081,-0.8311215628347248
1174,1.442955641003975,1.4830440694824814,1.4506255460779833,1.4584213565413984,1.5410333158650507,1.5496567199262536,1.4989167208201515,1.4989167208201515,1.4665661461870039,1.533760971425941,1.0728240176254895,1.0932102951336706,0.41556078141736236
1177,-0.701436769932488,-0.7057244192709738,-0.6902976736509023,-0.6792647414028432,-0.6575075481024217,-0.646545518909629,-0.68317972989762,-0.68317972989762,-0.6978832005993328,-0.699061123030871,-0.9410736996714821,-0.9235742148543081,
1179,-0.701436769932488,-0.7057244192709738,-0.6902976736509023,-0.6792647414028432,-0.6575075481024217,-0.646545518909629,-0.68317972989762,-0.68317972989762,-0.6978832005993328,-0.699061123030871,-0.9410736996714821,-0.9235742148543081,-0.8311215628347248
1180,-0.701436769932488,-0.7057244192709738,-0.6902976736509023,-0.6792647414028432,-0.6575075481024217,-0.646545518909629,-0.68317972989762,-0.68317972989762,-0.6978832005993328,-0.699061123030871,-0.9410736996714821,-0.9235742148543081,-0.8311215628347248
1183,1.442955641003975,1.4830440694824814,1.4506255460779833,1.4584213565413984,1.5410333158650507,1.5496567199262536,1.4989167208201515,1.4989167208201515,1.4665661461870039,1.533760971425941,1.0728240176254895,1.0932102951336706,0.41556078141736236
